chr	start	end	compartment	satellite	gene	Rloop_pos	RAD51_pos	RPA1A_pos	gH2AX_pos
Chr1	4579000	4580000	arm	0	1	1	1	1	0
Chr1	8465000	8466000	arm	0	0	1	0	0	0
Chr1	8784000	8785000	arm	1	1	1	0	1	0
Chr1	8796000	8797000	arm	0	0	0	0	1	1
Chr1	8812000	8813000	arm	0	0	0	0	0	0
Chr1	8823000	8824000	arm	1	1	1	1	1	0
Chr1	8825000	8826000	arm	0	1	0	0	0	0
Chr1	8838000	8839000	arm	0	0	1	1	1	0
Chr1	8852000	8853000	arm	1	0	1	1	1	0
Chr1	8854000	8855000	arm	0	0	0	0	0	0
Chr1	9589000	9590000	arm	0	1	0	1	1	1
Chr1	9593000	9594000	arm	0	0	0	0	0	0
Chr1	9612000	9613000	arm	0	1	1	0	0	0
Chr1	11783000	11784000	arm	0	1	1	1	1	0
Chr1	11818000	11819000	arm	0	1	0	1	0	0
Chr1	13523000	13524000	peri	0	0	1	0	0	0
Chr1	13669000	13670000	peri	0	0	1	0	1	1
Chr1	14802000	14803000	peri	0	0	1	0	0	1
Chr1	14803000	14804000	peri	0	0	1	0	1	1
Chr1	17627000	17628000	peri	0	0	0	1	1	1
Chr1	18197000	18198000	peri	0	0	1	0	1	0
Chr1	18201000	18202000	peri	0	0	1	1	1	1
Chr1	18202000	18203000	peri	0	0	1	0	0	1
Chr1	18569000	18570000	peri	0	0	1	0	1	1
Chr1	19728000	19729000	peri	0	1	1	0	0	1
Chr1	23969000	23970000	arm	0	1	1	0	0	0
Chr1	24042000	24043000	arm	0	1	1	0	0	0
Chr1	26473000	26474000	arm	0	1	1	0	0	1
Chr1	26474000	26475000	arm	0	1	0	0	0	0
Chr1	29262000	29263000	arm	0	1	0	0	0	1
Chr1	32580000	32581000	arm	0	1	0	1	1	0
Chr2	0	1000	rDNA	1	0	0	0	0	0
Chr2	1000	2000	rDNA	0	0	0	1	0	0
Chr2	3000	4000	rDNA	0	0	0	1	1	0
Chr2	4000	5000	rDNA	0	0	0	1	1	0
Chr2	5000	6000	rDNA	0	0	0	1	1	0
Chr2	10000	11000	rDNA	0	0	0	0	0	0
Chr2	11000	12000	rDNA	0	0	0	0	1	1
Chr2	12000	13000	rDNA	0	0	0	0	0	1
Chr2	13000	14000	rDNA	0	0	0	0	0	0
Chr2	14000	15000	rDNA	0	0	0	1	1	1
Chr2	15000	16000	rDNA	0	0	0	1	1	0
Chr2	16000	17000	rDNA	0	0	0	0	0	0
Chr2	17000	18000	rDNA	0	0	0	0	0	0
Chr2	18000	19000	rDNA	0	0	0	0	0	0
Chr2	19000	20000	rDNA	0	0	0	1	0	0
Chr2	20000	21000	rDNA	0	0	0	1	1	0
Chr2	21000	22000	rDNA	0	0	1	0	0	0
Chr2	22000	23000	rDNA	0	0	1	0	0	0
Chr2	23000	24000	rDNA	0	0	0	1	0	1
Chr2	24000	25000	rDNA	0	0	0	1	0	1
Chr2	25000	26000	rDNA	0	0	0	1	0	1
Chr2	26000	27000	rDNA	0	0	0	0	0	0
Chr2	27000	28000	rDNA	0	0	1	1	0	0
Chr2	28000	29000	rDNA	0	0	0	0	0	1
Chr2	29000	30000	rDNA	0	0	1	0	0	0
Chr2	30000	31000	rDNA	0	0	0	0	0	0
Chr2	31000	32000	rDNA	0	0	1	0	0	0
Chr2	32000	33000	rDNA	0	0	1	0	0	1
Chr2	33000	34000	rDNA	0	0	0	1	1	1
Chr2	34000	35000	rDNA	0	0	0	1	1	0
Chr2	35000	36000	rDNA	0	0	0	0	0	0
Chr2	38000	39000	rDNA	0	0	1	0	0	0
Chr2	39000	40000	rDNA	0	0	0	0	0	0
Chr2	41000	42000	rDNA	0	0	0	0	0	0
Chr2	42000	43000	rDNA	0	0	0	0	0	1
Chr2	43000	44000	rDNA	0	0	1	0	1	0
Chr2	44000	45000	rDNA	0	0	0	0	1	1
Chr2	45000	46000	rDNA	0	0	0	1	1	0
Chr2	47000	48000	rDNA	0	0	1	0	0	1
Chr2	49000	50000	rDNA	0	0	0	0	0	0
Chr2	51000	52000	rDNA	0	0	0	0	0	0
Chr2	52000	53000	rDNA	0	0	0	0	0	0
Chr2	54000	55000	rDNA	0	0	0	0	0	0
Chr2	55000	56000	rDNA	0	0	0	1	1	0
Chr2	56000	57000	rDNA	0	0	0	0	0	0
Chr2	57000	58000	rDNA	0	0	0	1	1	1
Chr2	59000	60000	rDNA	0	0	0	0	0	0
Chr2	60000	61000	rDNA	0	0	0	0	0	0
Chr2	61000	62000	rDNA	0	0	0	1	0	0
Chr2	62000	63000	rDNA	0	0	0	0	0	0
Chr2	63000	64000	rDNA	0	0	0	1	1	0
Chr2	65000	66000	rDNA	0	0	0	0	0	0
Chr2	66000	67000	rDNA	0	0	0	1	1	0
Chr2	67000	68000	rDNA	0	0	0	0	0	0
Chr2	69000	70000	rDNA	0	0	1	0	0	0
Chr2	70000	71000	rDNA	0	0	0	0	0	0
Chr2	71000	72000	rDNA	0	0	0	0	0	1
Chr2	72000	73000	rDNA	0	0	0	1	0	0
Chr2	73000	74000	rDNA	0	0	0	0	0	1
Chr2	74000	75000	rDNA	0	0	0	1	1	0
Chr2	75000	76000	rDNA	0	0	0	0	0	0
Chr2	77000	78000	rDNA	0	0	0	0	0	0
Chr2	78000	79000	rDNA	0	0	1	1	1	0
Chr2	79000	80000	rDNA	0	0	0	0	1	0
Chr2	80000	81000	rDNA	0	0	0	0	1	1
Chr2	82000	83000	rDNA	0	0	1	0	0	0
Chr2	84000	85000	rDNA	0	0	1	0	0	0
Chr2	85000	86000	rDNA	0	0	0	0	0	0
Chr2	88000	89000	rDNA	0	0	1	1	1	0
Chr2	89000	90000	rDNA	0	0	0	0	0	1
Chr2	90000	91000	rDNA	0	0	0	0	0	0
Chr2	92000	93000	rDNA	0	0	0	0	0	0
Chr2	93000	94000	rDNA	0	0	0	0	0	1
Chr2	94000	95000	rDNA	0	0	0	0	0	0
Chr2	96000	97000	rDNA	0	0	1	0	0	1
Chr2	97000	98000	rDNA	0	0	1	1	0	0
Chr2	98000	99000	rDNA	0	0	0	0	1	0
Chr2	99000	100000	rDNA	0	0	0	1	1	0
Chr2	100000	101000	rDNA	0	0	0	0	0	0
Chr2	101000	102000	rDNA	0	0	0	1	1	0
Chr2	103000	104000	rDNA	0	0	0	0	1	1
Chr2	104000	105000	rDNA	0	0	0	0	0	0
Chr2	107000	108000	rDNA	0	0	1	0	0	0
Chr2	108000	109000	rDNA	0	0	0	0	0	1
Chr2	109000	110000	rDNA	0	0	0	1	1	0
Chr2	110000	111000	rDNA	0	0	0	1	1	0
Chr2	111000	112000	rDNA	0	0	0	0	0	0
Chr2	112000	113000	rDNA	0	0	1	0	0	0
Chr2	113000	114000	rDNA	0	0	0	0	0	0
Chr2	114000	115000	rDNA	0	0	0	0	0	0
Chr2	116000	117000	rDNA	0	0	0	0	0	1
Chr2	118000	119000	rDNA	0	0	0	0	1	1
Chr2	119000	120000	rDNA	0	0	0	0	0	0
Chr2	120000	121000	rDNA	0	0	0	0	0	1
Chr2	121000	122000	rDNA	0	0	0	0	0	0
Chr2	122000	123000	rDNA	0	0	1	0	0	1
Chr2	123000	124000	rDNA	0	0	0	0	0	0
Chr2	124000	125000	rDNA	0	0	0	0	0	0
Chr2	125000	126000	rDNA	0	0	0	1	0	0
Chr2	127000	128000	rDNA	0	0	0	0	0	0
Chr2	128000	129000	rDNA	0	0	0	0	0	0
Chr2	129000	130000	rDNA	0	0	0	0	0	0
Chr2	130000	131000	rDNA	0	0	0	0	0	0
Chr2	131000	132000	rDNA	0	0	0	0	0	1
Chr2	133000	134000	rDNA	0	0	0	0	0	0
Chr2	134000	135000	rDNA	0	0	0	0	0	0
Chr2	135000	136000	rDNA	0	0	0	0	0	0
Chr2	137000	138000	rDNA	0	0	0	1	0	0
Chr2	138000	139000	rDNA	0	0	0	0	0	0
Chr2	139000	140000	rDNA	0	0	0	0	1	0
Chr2	140000	141000	rDNA	0	0	0	0	0	0
Chr2	141000	142000	rDNA	0	0	0	0	0	1
Chr2	142000	143000	rDNA	0	0	1	0	0	1
Chr2	144000	145000	rDNA	0	0	0	0	0	0
Chr2	145000	146000	rDNA	0	0	0	0	0	0
Chr2	146000	147000	rDNA	0	0	0	0	0	0
Chr2	147000	148000	rDNA	0	0	1	1	0	0
Chr2	148000	149000	rDNA	0	0	0	1	0	0
Chr2	149000	150000	rDNA	0	0	0	0	0	1
Chr2	150000	151000	rDNA	0	0	0	1	1	0
Chr2	151000	152000	rDNA	0	0	0	1	1	1
Chr2	152000	153000	rDNA	0	0	0	0	0	0
Chr2	153000	154000	rDNA	0	0	0	0	1	0
Chr2	154000	155000	rDNA	0	0	0	0	0	0
Chr2	156000	157000	rDNA	0	0	0	0	0	0
Chr2	157000	158000	rDNA	0	0	1	0	0	0
Chr2	158000	159000	rDNA	0	0	0	0	0	0
Chr2	159000	160000	rDNA	0	0	0	1	1	0
Chr2	160000	161000	rDNA	0	0	1	0	0	0
Chr2	161000	162000	rDNA	0	0	0	0	0	1
Chr2	163000	164000	rDNA	0	0	0	0	0	1
Chr2	164000	165000	rDNA	0	0	0	0	0	1
Chr2	166000	167000	rDNA	0	0	1	1	0	0
Chr2	168000	169000	rDNA	0	0	0	0	0	1
Chr2	169000	170000	rDNA	0	0	0	1	1	0
Chr2	170000	171000	rDNA	0	0	0	0	0	0
Chr2	171000	172000	rDNA	0	0	0	0	0	0
Chr2	172000	173000	rDNA	0	0	1	0	0	0
Chr2	173000	174000	rDNA	0	0	0	1	1	0
Chr2	176000	177000	rDNA	0	0	0	0	0	0
Chr2	177000	178000	rDNA	0	0	0	0	0	0
Chr2	178000	179000	rDNA	0	0	0	0	1	0
Chr2	179000	180000	rDNA	0	0	0	1	0	1
Chr2	180000	181000	rDNA	0	0	0	0	0	1
Chr2	181000	182000	rDNA	0	0	0	0	0	0
Chr2	183000	184000	rDNA	0	0	0	0	0	0
Chr2	187000	188000	rDNA	0	0	0	0	0	0
Chr2	188000	189000	rDNA	0	0	0	0	0	0
Chr2	189000	190000	rDNA	0	0	0	0	1	0
Chr2	190000	191000	rDNA	0	0	0	0	0	1
Chr2	191000	192000	rDNA	0	0	0	0	0	1
Chr2	193000	194000	rDNA	0	0	0	0	0	0
Chr2	194000	195000	rDNA	0	0	0	0	0	0
Chr2	195000	196000	rDNA	0	0	0	0	0	0
Chr2	196000	197000	rDNA	0	0	1	1	0	0
Chr2	197000	198000	rDNA	0	0	1	1	0	0
Chr2	198000	199000	rDNA	0	0	0	0	1	1
Chr2	199000	200000	rDNA	0	0	0	0	0	0
Chr2	200000	201000	rDNA	0	0	0	0	0	0
Chr2	201000	202000	rDNA	0	0	0	1	1	0
Chr2	202000	203000	rDNA	0	0	0	0	0	1
Chr2	203000	204000	rDNA	0	0	0	0	0	0
Chr2	204000	205000	rDNA	0	0	0	0	0	0
Chr2	205000	206000	rDNA	0	0	0	1	1	0
Chr2	206000	207000	rDNA	0	0	1	1	1	0
Chr2	207000	208000	rDNA	0	0	0	1	0	0
Chr2	210000	211000	rDNA	0	0	1	1	1	0
Chr2	211000	212000	rDNA	0	0	1	0	0	0
Chr2	212000	213000	rDNA	0	0	1	0	1	0
Chr2	213000	214000	rDNA	0	0	0	0	0	0
Chr2	215000	216000	rDNA	0	0	0	1	0	0
Chr2	216000	217000	rDNA	0	0	1	0	0	0
Chr2	217000	218000	rDNA	0	0	0	0	0	1
Chr2	218000	219000	rDNA	0	0	0	0	0	1
Chr2	220000	221000	rDNA	0	0	0	0	0	0
Chr2	222000	223000	rDNA	0	0	0	0	1	1
Chr2	229000	230000	rDNA	0	0	0	0	0	0
Chr2	230000	231000	rDNA	0	0	0	0	0	0
Chr2	231000	232000	rDNA	0	0	0	0	0	0
Chr2	232000	233000	rDNA	0	0	0	0	0	0
Chr2	233000	234000	rDNA	0	0	0	0	0	0
Chr2	234000	235000	rDNA	0	0	0	0	0	1
Chr2	235000	236000	rDNA	0	0	1	1	1	0
Chr2	236000	237000	rDNA	0	0	0	0	0	0
Chr2	237000	238000	rDNA	0	0	0	1	0	1
Chr2	238000	239000	rDNA	0	0	0	0	0	0
Chr2	239000	240000	rDNA	0	0	0	0	1	0
Chr2	240000	241000	rDNA	0	0	1	0	0	0
Chr2	242000	243000	rDNA	0	0	0	1	1	0
Chr2	243000	244000	rDNA	0	0	0	1	1	0
Chr2	244000	245000	rDNA	0	0	1	1	0	1
Chr2	246000	247000	rDNA	0	0	0	1	0	0
Chr2	247000	248000	rDNA	0	0	0	1	0	0
Chr2	248000	249000	rDNA	0	0	0	0	0	0
Chr2	249000	250000	rDNA	0	0	0	0	0	0
Chr2	250000	251000	rDNA	0	0	0	0	0	0
Chr2	251000	252000	rDNA	0	0	0	1	1	0
Chr2	252000	253000	rDNA	0	0	0	0	0	0
Chr2	255000	256000	rDNA	0	0	1	0	0	0
Chr2	256000	257000	rDNA	0	0	0	1	1	0
Chr2	257000	258000	rDNA	0	0	0	1	1	0
Chr2	259000	260000	rDNA	0	0	0	0	0	0
Chr2	261000	262000	rDNA	0	0	0	1	0	0
Chr2	262000	263000	rDNA	0	0	0	0	0	1
Chr2	263000	264000	rDNA	0	0	1	0	0	1
Chr2	265000	266000	rDNA	0	0	1	0	0	0
Chr2	266000	267000	rDNA	0	0	0	1	0	0
Chr2	267000	268000	rDNA	0	0	0	1	1	1
Chr2	268000	269000	rDNA	0	0	0	0	0	0
Chr2	269000	270000	rDNA	0	0	0	0	0	0
Chr2	270000	271000	rDNA	0	0	0	1	1	0
Chr2	271000	272000	rDNA	0	0	0	0	0	0
Chr2	272000	273000	rDNA	0	0	0	0	0	0
Chr2	273000	274000	rDNA	0	0	0	0	0	1
Chr2	278000	279000	rDNA	0	0	0	0	0	0
Chr2	280000	281000	rDNA	0	0	0	0	0	1
Chr2	281000	282000	rDNA	0	0	0	0	0	0
Chr2	282000	283000	rDNA	0	0	0	0	0	0
Chr2	283000	284000	rDNA	0	0	0	0	0	0
Chr2	284000	285000	rDNA	0	0	1	0	0	0
Chr2	285000	286000	rDNA	0	0	0	1	0	0
Chr2	286000	287000	rDNA	0	0	0	0	0	0
Chr2	287000	288000	rDNA	0	0	0	1	1	0
Chr2	288000	289000	rDNA	0	0	0	0	0	0
Chr2	290000	291000	rDNA	0	0	0	0	0	1
Chr2	291000	292000	rDNA	0	0	0	0	0	0
Chr2	292000	293000	rDNA	0	0	0	0	0	0
Chr2	293000	294000	rDNA	0	0	1	1	1	0
Chr2	294000	295000	rDNA	0	0	0	0	1	0
Chr2	295000	296000	rDNA	0	0	0	0	1	0
Chr2	297000	298000	rDNA	0	0	0	0	0	1
Chr2	299000	300000	rDNA	0	0	0	0	0	0
Chr2	300000	301000	rDNA	0	0	0	0	0	0
Chr2	301000	302000	rDNA	0	0	0	1	0	1
Chr2	303000	304000	rDNA	0	0	0	1	0	0
Chr2	304000	305000	rDNA	0	0	0	0	0	0
Chr2	305000	306000	rDNA	0	0	0	1	1	0
Chr2	306000	307000	rDNA	0	0	0	0	0	0
Chr2	307000	308000	rDNA	0	0	0	0	1	0
Chr2	308000	309000	rDNA	0	0	0	0	0	0
Chr2	309000	310000	rDNA	0	0	0	1	1	0
Chr2	310000	311000	rDNA	0	0	0	0	0	0
Chr2	311000	312000	rDNA	0	0	1	0	0	0
Chr2	313000	314000	rDNA	0	0	0	1	1	0
Chr2	314000	315000	rDNA	0	0	0	0	0	0
Chr2	315000	316000	rDNA	0	0	0	0	1	1
Chr2	316000	317000	rDNA	0	0	0	0	0	0
Chr2	317000	318000	rDNA	0	0	0	0	0	0
Chr2	319000	320000	rDNA	0	0	1	1	1	0
Chr2	320000	321000	rDNA	0	0	0	1	1	0
Chr2	321000	322000	rDNA	0	0	1	0	0	0
Chr2	322000	323000	rDNA	0	0	1	0	0	0
Chr2	323000	324000	rDNA	0	0	1	0	0	0
Chr2	324000	325000	rDNA	0	0	0	0	0	0
Chr2	325000	326000	rDNA	0	0	0	0	1	0
Chr2	326000	327000	rDNA	0	0	0	0	0	0
Chr2	327000	328000	rDNA	0	0	0	1	1	1
Chr2	329000	330000	rDNA	0	0	0	0	0	0
Chr2	331000	332000	rDNA	0	0	0	0	0	0
Chr2	333000	334000	rDNA	0	0	0	0	0	0
Chr2	334000	335000	rDNA	0	0	0	1	1	0
Chr2	336000	337000	rDNA	0	0	0	0	0	0
Chr2	337000	338000	rDNA	0	0	1	0	0	0
Chr2	339000	340000	rDNA	0	0	0	1	1	0
Chr2	343000	344000	rDNA	0	0	0	1	1	0
Chr2	344000	345000	rDNA	0	0	0	0	0	0
Chr2	345000	346000	rDNA	0	0	0	1	1	0
Chr2	346000	347000	rDNA	0	0	0	0	1	1
Chr2	347000	348000	rDNA	0	0	0	0	0	1
Chr2	348000	349000	rDNA	0	0	0	1	0	0
Chr2	349000	350000	rDNA	0	0	0	0	0	0
Chr2	350000	351000	rDNA	0	0	0	0	0	0
Chr2	352000	353000	rDNA	0	0	0	0	0	0
Chr2	353000	354000	rDNA	0	0	0	0	0	0
Chr2	354000	355000	rDNA	0	0	0	1	1	1
Chr2	355000	356000	rDNA	0	0	0	0	0	0
Chr2	356000	357000	rDNA	0	0	0	0	0	0
Chr2	357000	358000	rDNA	0	0	0	0	1	0
Chr2	358000	359000	rDNA	0	0	0	0	0	0
Chr2	359000	360000	rDNA	0	0	1	0	0	0
Chr2	361000	362000	rDNA	0	0	0	0	0	0
Chr2	362000	363000	rDNA	0	0	0	0	0	1
Chr2	363000	364000	rDNA	0	0	0	1	0	1
Chr2	365000	366000	rDNA	0	0	0	0	1	1
Chr2	367000	368000	rDNA	0	0	1	1	0	0
Chr2	368000	369000	rDNA	0	0	0	1	1	0
Chr2	369000	370000	rDNA	0	0	0	0	0	0
Chr2	371000	372000	rDNA	0	0	1	0	0	0
Chr2	372000	373000	rDNA	0	0	0	1	1	1
Chr2	373000	374000	rDNA	0	0	0	1	1	0
Chr2	375000	376000	rDNA	0	0	0	0	0	1
Chr2	377000	378000	rDNA	0	0	0	0	0	0
Chr2	378000	379000	rDNA	0	0	0	0	0	0
Chr2	379000	380000	rDNA	0	0	0	0	0	0
Chr2	380000	381000	rDNA	0	0	0	1	0	0
Chr2	382000	383000	rDNA	0	0	0	0	0	1
Chr2	383000	384000	rDNA	0	0	0	1	0	0
Chr2	384000	385000	rDNA	0	0	0	0	0	1
Chr2	385000	386000	rDNA	0	0	0	0	0	0
Chr2	388000	389000	rDNA	0	0	0	0	0	0
Chr2	389000	390000	rDNA	0	0	0	0	0	0
Chr2	390000	391000	rDNA	0	0	0	0	1	1
Chr2	391000	392000	rDNA	0	0	1	1	0	0
Chr2	392000	393000	rDNA	0	0	1	0	0	0
Chr2	393000	394000	rDNA	0	0	0	0	1	0
Chr2	394000	395000	rDNA	0	0	0	0	1	0
Chr2	395000	396000	rDNA	0	0	0	0	0	1
Chr2	396000	397000	rDNA	0	0	0	0	1	0
Chr2	397000	398000	rDNA	0	0	0	0	0	0
Chr2	398000	399000	rDNA	0	0	0	1	1	0
Chr2	400000	401000	rDNA	0	0	1	0	0	0
Chr2	401000	402000	rDNA	0	0	1	0	0	0
Chr2	402000	403000	rDNA	0	0	0	0	1	1
Chr2	403000	404000	rDNA	0	0	0	0	1	0
Chr2	405000	406000	rDNA	0	0	0	1	1	0
Chr2	407000	408000	rDNA	0	0	0	0	0	0
Chr2	408000	409000	rDNA	0	0	0	0	1	0
Chr2	414000	415000	rDNA	0	0	0	0	0	0
Chr2	415000	416000	rDNA	0	0	0	0	0	0
Chr2	417000	418000	rDNA	0	0	0	1	1	0
Chr2	421000	422000	rDNA	0	0	0	0	0	0
Chr2	422000	423000	rDNA	0	0	0	0	1	0
Chr2	423000	424000	rDNA	0	0	0	0	0	1
Chr2	424000	425000	rDNA	0	0	0	0	0	0
Chr2	425000	426000	rDNA	0	0	0	1	0	1
Chr2	426000	427000	rDNA	0	0	0	0	0	0
Chr2	427000	428000	rDNA	0	0	0	1	1	0
Chr2	428000	429000	rDNA	0	0	0	1	1	1
Chr2	430000	431000	rDNA	0	0	0	0	1	0
Chr2	431000	432000	rDNA	0	0	0	0	0	1
Chr2	432000	433000	rDNA	0	0	0	0	0	0
Chr2	433000	434000	rDNA	0	0	0	0	0	1
Chr2	434000	435000	rDNA	0	0	0	0	0	0
Chr2	436000	437000	rDNA	0	0	0	0	0	0
Chr2	437000	438000	rDNA	0	0	0	0	0	0
Chr2	438000	439000	rDNA	0	0	0	0	0	0
Chr2	440000	441000	rDNA	0	0	0	0	0	0
Chr2	441000	442000	rDNA	0	0	0	0	0	0
Chr2	442000	443000	rDNA	0	0	0	0	0	0
Chr2	443000	444000	rDNA	0	0	0	0	0	0
Chr2	444000	445000	rDNA	0	0	1	0	0	0
Chr2	446000	447000	rDNA	0	0	0	0	0	0
Chr2	447000	448000	rDNA	0	0	0	0	0	0
Chr2	448000	449000	rDNA	0	0	0	0	0	0
Chr2	454000	455000	rDNA	0	0	0	0	0	0
Chr2	455000	456000	rDNA	0	0	0	1	0	0
Chr2	456000	457000	rDNA	0	0	0	1	1	0
Chr2	458000	459000	rDNA	0	0	0	1	1	0
Chr2	459000	460000	rDNA	0	0	1	0	1	1
Chr2	460000	461000	rDNA	0	0	0	1	1	1
Chr2	461000	462000	rDNA	0	0	0	0	0	0
Chr2	463000	464000	rDNA	0	0	0	0	0	0
Chr2	465000	466000	rDNA	0	0	0	0	0	0
Chr2	466000	467000	rDNA	0	0	0	1	1	0
Chr2	468000	469000	rDNA	0	0	1	0	0	0
Chr2	469000	470000	rDNA	0	0	1	0	0	0
Chr2	470000	471000	rDNA	0	0	0	0	0	0
Chr2	471000	472000	rDNA	0	0	0	0	0	0
Chr2	473000	474000	rDNA	0	0	0	0	0	0
Chr2	475000	476000	rDNA	0	0	0	0	0	0
Chr2	476000	477000	rDNA	0	0	0	0	0	0
Chr2	477000	478000	rDNA	0	0	0	1	1	0
Chr2	478000	479000	rDNA	0	0	1	0	0	1
Chr2	479000	480000	rDNA	0	0	1	1	1	0
Chr2	480000	481000	rDNA	0	0	0	0	0	0
Chr2	481000	482000	rDNA	0	0	0	0	0	1
Chr2	482000	483000	rDNA	0	0	0	0	1	0
Chr2	483000	484000	rDNA	0	0	0	1	1	0
Chr2	484000	485000	rDNA	0	0	0	1	0	0
Chr2	485000	486000	rDNA	0	0	1	1	1	0
Chr2	486000	487000	rDNA	0	0	0	0	1	0
Chr2	487000	488000	rDNA	0	0	0	1	1	0
Chr2	489000	490000	rDNA	0	0	1	1	1	0
Chr2	490000	491000	rDNA	0	0	1	0	0	0
Chr2	491000	492000	rDNA	0	0	0	0	0	0
Chr2	492000	493000	rDNA	0	0	0	0	0	1
Chr2	493000	494000	rDNA	0	0	0	0	0	0
Chr2	494000	495000	rDNA	0	0	0	0	0	0
Chr2	496000	497000	rDNA	0	0	1	0	0	0
Chr2	497000	498000	rDNA	0	0	0	0	1	0
Chr2	499000	500000	rDNA	0	0	1	0	0	0
Chr2	500000	501000	rDNA	0	0	1	0	0	0
Chr2	501000	502000	rDNA	0	0	0	1	0	1
Chr2	502000	503000	rDNA	0	0	0	0	0	0
Chr2	503000	504000	rDNA	0	0	0	1	0	0
Chr2	504000	505000	rDNA	0	0	0	1	1	0
Chr2	505000	506000	rDNA	0	0	0	0	0	0
Chr2	506000	507000	rDNA	0	0	0	0	0	0
Chr2	508000	509000	rDNA	0	0	1	0	0	1
Chr2	510000	511000	rDNA	0	0	0	0	0	0
Chr2	511000	512000	rDNA	0	0	0	1	0	0
Chr2	512000	513000	rDNA	0	0	0	0	0	0
Chr2	513000	514000	rDNA	0	0	0	1	0	1
Chr2	516000	517000	rDNA	0	0	0	0	0	0
Chr2	517000	518000	rDNA	0	0	0	0	0	0
Chr2	521000	522000	rDNA	0	0	0	0	1	0
Chr2	522000	523000	rDNA	0	0	0	0	0	0
Chr2	523000	524000	rDNA	0	0	0	1	0	0
Chr2	524000	525000	rDNA	0	0	0	0	0	0
Chr2	525000	526000	rDNA	0	0	0	0	0	1
Chr2	526000	527000	rDNA	0	0	0	1	0	0
Chr2	527000	528000	rDNA	0	0	1	0	0	0
Chr2	528000	529000	rDNA	0	0	0	0	1	0
Chr2	529000	530000	rDNA	0	0	0	0	0	1
Chr2	530000	531000	rDNA	0	0	0	0	0	0
Chr2	531000	532000	rDNA	0	0	0	1	1	0
Chr2	533000	534000	rDNA	0	0	1	0	0	1
Chr2	535000	536000	rDNA	0	0	0	1	1	0
Chr2	536000	537000	rDNA	0	0	0	0	0	0
Chr2	537000	538000	rDNA	0	0	0	1	1	0
Chr2	539000	540000	rDNA	0	0	1	0	0	0
Chr2	540000	541000	rDNA	0	0	0	1	1	0
Chr2	541000	542000	rDNA	0	0	0	0	0	1
Chr2	543000	544000	rDNA	0	0	0	0	0	0
Chr2	544000	545000	rDNA	0	0	0	1	1	0
Chr2	545000	546000	rDNA	0	0	0	0	0	0
Chr2	547000	548000	rDNA	0	0	1	0	1	0
Chr2	548000	549000	rDNA	0	0	1	1	1	0
Chr2	549000	550000	rDNA	0	0	0	1	0	1
Chr2	550000	551000	rDNA	0	0	0	0	0	0
Chr2	552000	553000	rDNA	0	0	0	1	1	0
Chr2	553000	554000	rDNA	0	0	0	0	0	1
Chr2	554000	555000	rDNA	0	0	0	1	1	0
Chr2	555000	556000	rDNA	0	0	0	0	0	0
Chr2	557000	558000	rDNA	0	0	1	0	0	0
Chr2	558000	559000	rDNA	0	0	1	1	1	0
Chr2	559000	560000	rDNA	0	0	0	1	1	0
Chr2	560000	561000	rDNA	0	0	0	1	1	0
Chr2	561000	562000	rDNA	0	0	0	0	0	0
Chr2	562000	563000	rDNA	0	0	0	0	1	1
Chr2	563000	564000	rDNA	0	0	1	0	0	0
Chr2	564000	565000	rDNA	0	0	1	1	0	0
Chr2	565000	566000	rDNA	0	0	0	0	0	0
Chr2	566000	567000	rDNA	0	0	1	0	0	0
Chr2	567000	568000	rDNA	0	0	0	0	0	1
Chr2	569000	570000	rDNA	0	0	0	0	0	0
Chr2	571000	572000	rDNA	0	0	0	1	1	0
Chr2	572000	573000	rDNA	0	0	0	0	0	0
Chr2	574000	575000	rDNA	0	0	0	1	1	0
Chr2	576000	577000	rDNA	0	0	0	0	0	0
Chr2	578000	579000	rDNA	0	0	0	0	0	1
Chr2	579000	580000	rDNA	0	0	0	0	0	0
Chr2	580000	581000	rDNA	0	0	0	1	0	0
Chr2	581000	582000	rDNA	0	0	0	1	0	1
Chr2	582000	583000	rDNA	0	0	0	0	0	0
Chr2	584000	585000	rDNA	0	0	1	0	0	0
Chr2	585000	586000	rDNA	0	0	0	0	0	0
Chr2	586000	587000	rDNA	0	0	1	1	1	0
Chr2	587000	588000	rDNA	0	0	1	0	0	0
Chr2	588000	589000	rDNA	0	0	1	0	0	0
Chr2	589000	590000	rDNA	0	0	0	1	1	0
Chr2	590000	591000	rDNA	0	0	0	0	0	0
Chr2	591000	592000	rDNA	0	0	0	0	0	0
Chr2	592000	593000	rDNA	0	0	0	0	0	0
Chr2	593000	594000	rDNA	0	0	0	0	0	0
Chr2	595000	596000	rDNA	0	0	1	0	0	0
Chr2	596000	597000	rDNA	0	0	0	0	1	0
Chr2	597000	598000	rDNA	0	0	0	0	0	0
Chr2	598000	599000	rDNA	0	0	1	0	0	1
Chr2	599000	600000	rDNA	0	0	1	0	0	0
Chr2	600000	601000	rDNA	0	0	0	1	0	0
Chr2	601000	602000	rDNA	0	0	0	0	0	0
Chr2	602000	603000	rDNA	0	0	0	0	0	0
Chr2	603000	604000	rDNA	0	0	1	0	0	0
Chr2	605000	606000	rDNA	0	0	0	0	0	0
Chr2	606000	607000	rDNA	0	0	0	0	0	0
Chr2	607000	608000	rDNA	0	0	0	1	1	0
Chr2	608000	609000	rDNA	0	0	1	0	1	1
Chr2	610000	611000	rDNA	0	0	0	0	0	0
Chr2	613000	614000	rDNA	0	0	0	1	0	0
Chr2	614000	615000	rDNA	0	0	0	0	0	0
Chr2	615000	616000	rDNA	0	0	0	0	0	1
Chr2	617000	618000	rDNA	0	0	0	1	1	0
Chr2	620000	621000	rDNA	0	0	0	0	1	0
Chr2	621000	622000	rDNA	0	0	0	0	0	0
Chr2	622000	623000	rDNA	0	0	0	0	0	0
Chr2	625000	626000	rDNA	0	0	0	1	1	0
Chr2	626000	627000	rDNA	0	0	0	0	0	0
Chr2	627000	628000	rDNA	0	0	1	1	0	0
Chr2	628000	629000	rDNA	0	0	1	0	0	0
Chr2	629000	630000	rDNA	0	0	1	1	1	0
Chr2	630000	631000	rDNA	0	0	0	0	0	1
Chr2	631000	632000	rDNA	0	0	0	1	1	0
Chr2	632000	633000	rDNA	0	0	0	0	0	0
Chr2	633000	634000	rDNA	0	0	0	0	0	0
Chr2	634000	635000	rDNA	0	0	0	1	1	0
Chr2	635000	636000	rDNA	0	0	0	1	0	0
Chr2	637000	638000	rDNA	0	0	0	0	0	1
Chr2	639000	640000	rDNA	0	0	0	0	0	1
Chr2	640000	641000	rDNA	0	0	0	0	1	0
Chr2	641000	642000	rDNA	0	0	0	0	0	0
Chr2	642000	643000	rDNA	0	0	0	0	0	1
Chr2	644000	645000	rDNA	0	0	0	0	0	1
Chr2	645000	646000	rDNA	0	0	0	1	1	0
Chr2	646000	647000	rDNA	0	0	0	0	0	0
Chr2	647000	648000	rDNA	0	0	0	0	0	0
Chr2	648000	649000	rDNA	0	0	1	1	1	0
Chr2	649000	650000	rDNA	0	0	0	0	0	1
Chr2	650000	651000	rDNA	0	0	0	0	0	0
Chr2	651000	652000	rDNA	0	0	0	0	0	0
Chr2	652000	653000	rDNA	0	0	0	1	1	0
Chr2	653000	654000	rDNA	0	0	1	0	0	1
Chr2	654000	655000	rDNA	0	0	0	0	1	0
Chr2	656000	657000	rDNA	0	0	0	0	0	1
Chr2	658000	659000	rDNA	0	0	0	0	0	1
Chr2	659000	660000	rDNA	0	0	0	0	1	0
Chr2	660000	661000	rDNA	0	0	0	1	1	1
Chr2	661000	662000	rDNA	0	0	0	0	1	1
Chr2	662000	663000	rDNA	0	0	0	1	0	1
Chr2	664000	665000	rDNA	0	0	0	0	0	0
Chr2	665000	666000	rDNA	0	0	0	0	0	0
Chr2	666000	667000	rDNA	0	0	1	1	1	0
Chr2	667000	668000	rDNA	0	0	0	0	0	0
Chr2	668000	669000	rDNA	0	0	1	0	0	0
Chr2	669000	670000	rDNA	0	0	0	0	0	1
Chr2	670000	671000	rDNA	0	0	0	0	1	1
Chr2	672000	673000	rDNA	0	0	0	0	0	0
Chr2	673000	674000	rDNA	0	0	0	0	0	0
Chr2	674000	675000	rDNA	0	0	0	1	0	0
Chr2	675000	676000	rDNA	0	0	1	0	1	0
Chr2	676000	677000	rDNA	0	0	1	0	0	0
Chr2	677000	678000	rDNA	0	0	1	1	1	0
Chr2	678000	679000	rDNA	0	0	0	1	0	0
Chr2	681000	682000	rDNA	0	0	0	0	0	0
Chr2	683000	684000	rDNA	0	0	0	0	0	0
Chr2	684000	685000	rDNA	0	0	1	1	1	0
Chr2	688000	689000	rDNA	0	0	0	0	0	1
Chr2	689000	690000	rDNA	0	0	0	0	0	0
Chr2	691000	692000	rDNA	0	0	0	0	0	1
Chr2	692000	693000	rDNA	0	0	1	0	0	1
Chr2	693000	694000	rDNA	0	0	0	1	0	0
Chr2	695000	696000	rDNA	0	0	1	1	1	1
Chr2	698000	699000	rDNA	0	0	0	1	1	0
Chr2	699000	700000	rDNA	0	0	0	0	0	1
Chr2	700000	701000	rDNA	0	0	0	0	1	0
Chr2	702000	703000	rDNA	0	0	0	0	0	0
Chr2	703000	704000	rDNA	0	0	0	1	1	0
Chr2	705000	706000	rDNA	0	0	0	1	1	0
Chr2	706000	707000	rDNA	0	0	1	1	1	0
Chr2	707000	708000	rDNA	0	0	0	1	0	0
Chr2	708000	709000	rDNA	0	0	0	0	0	0
Chr2	709000	710000	rDNA	0	0	0	1	1	0
Chr2	710000	711000	rDNA	0	0	0	0	1	0
Chr2	711000	712000	rDNA	0	0	1	0	0	0
Chr2	713000	714000	rDNA	0	0	0	0	0	0
Chr2	715000	716000	rDNA	0	0	0	0	0	0
Chr2	717000	718000	rDNA	0	0	0	0	0	0
Chr2	718000	719000	rDNA	0	0	0	0	0	0
Chr2	719000	720000	rDNA	0	0	0	0	1	1
Chr2	720000	721000	rDNA	0	0	0	1	1	0
Chr2	721000	722000	rDNA	0	0	0	0	0	0
Chr2	722000	723000	rDNA	0	0	0	1	1	0
Chr2	723000	724000	rDNA	0	0	0	0	0	0
Chr2	724000	725000	rDNA	0	0	1	1	0	1
Chr2	725000	726000	rDNA	0	0	1	1	1	1
Chr2	726000	727000	rDNA	0	0	0	0	0	0
Chr2	727000	728000	rDNA	0	0	0	1	0	0
Chr2	728000	729000	rDNA	0	0	0	1	0	0
Chr2	729000	730000	rDNA	0	0	0	0	0	0
Chr2	730000	731000	rDNA	0	0	0	0	1	0
Chr2	733000	734000	rDNA	0	0	0	0	0	0
Chr2	734000	735000	rDNA	0	0	0	0	0	0
Chr2	735000	736000	rDNA	0	0	0	0	0	0
Chr2	736000	737000	rDNA	0	0	1	0	1	0
Chr2	737000	738000	rDNA	0	0	0	0	0	1
Chr2	738000	739000	rDNA	0	0	0	0	0	0
Chr2	739000	740000	rDNA	0	0	0	0	0	1
Chr2	740000	741000	rDNA	0	0	0	0	0	0
Chr2	741000	742000	rDNA	0	0	1	0	0	0
Chr2	743000	744000	rDNA	0	0	0	0	0	0
Chr2	744000	745000	rDNA	0	0	0	0	0	0
Chr2	745000	746000	rDNA	0	0	1	0	0	0
Chr2	747000	748000	rDNA	0	0	0	0	1	0
Chr2	748000	749000	rDNA	0	0	0	0	0	0
Chr2	749000	750000	rDNA	0	0	0	0	0	1
Chr2	750000	751000	rDNA	0	0	0	1	1	1
Chr2	751000	752000	rDNA	0	0	0	1	0	0
Chr2	752000	753000	rDNA	0	0	0	0	0	0
Chr2	753000	754000	rDNA	0	0	0	0	0	0
Chr2	754000	755000	rDNA	0	0	1	0	0	0
Chr2	756000	757000	rDNA	0	0	0	0	0	1
Chr2	757000	758000	rDNA	0	0	0	0	0	1
Chr2	758000	759000	rDNA	0	0	0	0	0	0
Chr2	760000	761000	rDNA	0	0	0	0	0	1
Chr2	761000	762000	rDNA	0	0	1	0	1	0
Chr2	762000	763000	rDNA	0	0	0	0	0	0
Chr2	763000	764000	rDNA	0	0	0	0	0	0
Chr2	764000	765000	rDNA	0	0	0	0	0	0
Chr2	766000	767000	rDNA	0	0	1	0	0	0
Chr2	767000	768000	rDNA	0	0	0	1	1	0
Chr2	768000	769000	rDNA	0	0	0	0	0	0
Chr2	769000	770000	rDNA	0	0	0	0	0	0
Chr2	770000	771000	rDNA	0	0	0	0	0	1
Chr2	772000	773000	rDNA	0	0	1	0	0	0
Chr2	773000	774000	rDNA	0	0	0	0	0	0
Chr2	777000	778000	rDNA	0	0	0	0	0	1
Chr2	780000	781000	rDNA	0	0	0	0	0	0
Chr2	781000	782000	rDNA	0	0	0	0	0	0
Chr2	782000	783000	rDNA	0	0	0	0	0	0
Chr2	783000	784000	rDNA	0	0	1	1	1	0
Chr2	784000	785000	rDNA	0	0	1	0	0	0
Chr2	785000	786000	rDNA	0	0	1	0	0	0
Chr2	786000	787000	rDNA	0	0	0	0	0	0
Chr2	789000	790000	rDNA	0	0	0	1	0	0
Chr2	790000	791000	rDNA	0	0	1	0	0	1
Chr2	791000	792000	rDNA	0	0	0	0	1	0
Chr2	793000	794000	rDNA	0	0	0	1	0	0
Chr2	795000	796000	rDNA	0	0	0	0	1	0
Chr2	796000	797000	rDNA	0	0	0	1	1	0
Chr2	797000	798000	rDNA	0	0	0	1	1	0
Chr2	798000	799000	rDNA	0	0	0	0	0	0
Chr2	799000	800000	rDNA	0	0	0	1	0	1
Chr2	800000	801000	rDNA	0	0	1	0	0	0
Chr2	801000	802000	rDNA	0	0	0	1	0	0
Chr2	803000	804000	rDNA	0	0	0	0	0	0
Chr2	804000	805000	rDNA	0	0	1	0	0	0
Chr2	805000	806000	rDNA	0	0	0	1	0	1
Chr2	806000	807000	rDNA	0	0	0	0	0	0
Chr2	807000	808000	rDNA	0	0	0	0	0	0
Chr2	808000	809000	rDNA	0	0	0	0	0	0
Chr2	809000	810000	rDNA	0	0	0	1	1	0
Chr2	810000	811000	rDNA	0	0	0	0	0	0
Chr2	811000	812000	rDNA	0	0	0	1	1	0
Chr2	812000	813000	rDNA	0	0	0	0	0	0
Chr2	814000	815000	rDNA	0	0	0	0	0	1
Chr2	816000	817000	rDNA	0	0	0	1	1	1
Chr2	817000	818000	rDNA	0	0	0	0	0	0
Chr2	818000	819000	rDNA	0	0	0	0	0	0
Chr2	819000	820000	rDNA	0	0	0	0	1	1
Chr2	820000	821000	rDNA	0	0	0	0	0	0
Chr2	821000	822000	rDNA	0	0	0	1	1	0
Chr2	822000	823000	rDNA	0	0	0	0	0	0
Chr2	823000	824000	rDNA	0	0	0	0	0	1
Chr2	825000	826000	rDNA	0	0	0	0	0	0
Chr2	826000	827000	rDNA	0	0	0	0	0	1
Chr2	827000	828000	rDNA	0	0	0	0	1	0
Chr2	828000	829000	rDNA	0	0	0	0	0	0
Chr2	829000	830000	rDNA	0	0	0	0	1	1
Chr2	830000	831000	rDNA	0	0	0	0	0	0
Chr2	832000	833000	rDNA	0	0	0	1	1	0
Chr2	834000	835000	rDNA	0	0	0	0	0	1
Chr2	835000	836000	rDNA	0	0	1	0	0	0
Chr2	836000	837000	rDNA	0	0	0	0	0	0
Chr2	837000	838000	rDNA	0	0	0	0	0	0
Chr2	838000	839000	rDNA	0	0	0	0	0	1
Chr2	839000	840000	rDNA	0	0	0	1	1	1
Chr2	840000	841000	rDNA	0	0	0	0	0	0
Chr2	842000	843000	rDNA	0	0	0	0	0	1
Chr2	843000	844000	rDNA	0	0	0	0	0	0
Chr2	845000	846000	rDNA	0	0	1	0	0	0
Chr2	847000	848000	rDNA	0	0	0	0	0	0
Chr2	848000	849000	rDNA	0	0	0	0	0	1
Chr2	850000	851000	rDNA	0	0	0	0	0	0
Chr2	852000	853000	rDNA	0	0	0	0	0	0
Chr2	854000	855000	rDNA	0	0	1	0	0	1
Chr2	856000	857000	rDNA	0	0	0	0	0	0
Chr2	857000	858000	rDNA	0	0	0	0	0	0
Chr2	858000	859000	rDNA	0	0	0	1	1	0
Chr2	859000	860000	rDNA	0	0	0	0	0	0
Chr2	860000	861000	rDNA	0	0	0	0	1	0
Chr2	861000	862000	rDNA	0	0	1	1	1	0
Chr2	862000	863000	rDNA	0	0	0	1	1	0
Chr2	863000	864000	rDNA	0	0	0	1	1	1
Chr2	864000	865000	rDNA	0	0	1	0	0	1
Chr2	866000	867000	rDNA	0	0	0	0	1	1
Chr2	867000	868000	rDNA	0	0	0	0	1	0
Chr2	868000	869000	rDNA	0	0	0	1	1	0
Chr2	869000	870000	rDNA	0	0	0	0	0	0
Chr2	870000	871000	rDNA	0	0	0	0	1	1
Chr2	873000	874000	rDNA	0	0	0	0	0	0
Chr2	875000	876000	rDNA	0	0	0	1	1	0
Chr2	877000	878000	rDNA	0	0	0	0	0	1
Chr2	878000	879000	rDNA	0	0	0	1	1	0
Chr2	879000	880000	rDNA	0	0	0	1	0	0
Chr2	880000	881000	rDNA	0	0	0	0	0	0
Chr2	882000	883000	rDNA	0	0	0	0	0	0
Chr2	883000	884000	rDNA	0	0	0	0	0	0
Chr2	884000	885000	rDNA	0	0	1	1	0	1
Chr2	886000	887000	rDNA	0	0	0	0	1	1
Chr2	887000	888000	rDNA	0	0	0	1	1	1
Chr2	888000	889000	rDNA	0	0	0	0	0	1
Chr2	889000	890000	rDNA	0	0	0	1	0	0
Chr2	890000	891000	rDNA	0	0	0	0	0	0
Chr2	892000	893000	rDNA	0	0	0	1	1	0
Chr2	896000	897000	rDNA	0	0	0	1	1	0
Chr2	897000	898000	rDNA	0	0	0	0	0	0
Chr2	898000	899000	rDNA	0	0	0	0	0	1
Chr2	899000	900000	rDNA	0	0	0	0	0	1
Chr2	900000	901000	rDNA	0	0	0	0	0	0
Chr2	901000	902000	rDNA	0	0	1	0	0	1
Chr2	903000	904000	rDNA	0	0	0	0	0	0
Chr2	904000	905000	rDNA	0	0	0	0	0	0
Chr2	905000	906000	rDNA	0	0	0	0	0	0
Chr2	907000	908000	rDNA	0	0	0	1	1	0
Chr2	908000	909000	rDNA	0	0	0	1	1	0
Chr2	909000	910000	rDNA	0	0	0	0	0	1
Chr2	910000	911000	rDNA	0	0	0	0	0	0
Chr2	911000	912000	rDNA	0	0	0	0	0	1
Chr2	912000	913000	rDNA	0	0	1	0	0	0
Chr2	914000	915000	rDNA	0	0	0	0	0	0
Chr2	916000	917000	rDNA	0	0	0	0	0	0
Chr2	918000	919000	rDNA	0	0	0	0	0	0
Chr2	919000	920000	rDNA	0	0	0	0	0	1
Chr2	921000	922000	rDNA	0	0	0	0	0	0
Chr2	922000	923000	rDNA	0	0	0	0	0	0
Chr2	923000	924000	rDNA	0	0	0	0	0	0
Chr2	924000	925000	rDNA	0	0	0	0	0	0
Chr2	925000	926000	rDNA	0	0	0	0	0	0
Chr2	927000	928000	rDNA	0	0	0	1	0	0
Chr2	928000	929000	rDNA	0	0	0	0	0	0
Chr2	929000	930000	rDNA	0	0	0	0	0	1
Chr2	930000	931000	rDNA	0	0	0	0	0	1
Chr2	931000	932000	rDNA	0	0	0	0	0	0
Chr2	933000	934000	rDNA	0	0	0	1	1	0
Chr2	938000	939000	rDNA	0	0	0	0	0	0
Chr2	939000	940000	rDNA	0	0	0	0	1	1
Chr2	940000	941000	rDNA	0	0	0	0	0	0
Chr2	941000	942000	rDNA	0	0	0	0	0	0
Chr2	942000	943000	rDNA	0	0	1	0	0	1
Chr2	944000	945000	rDNA	0	0	0	1	1	0
Chr2	945000	946000	rDNA	0	0	0	0	0	0
Chr2	946000	947000	rDNA	0	0	0	1	0	0
Chr2	948000	949000	rDNA	0	0	0	0	0	1
Chr2	949000	950000	rDNA	0	0	0	1	0	1
Chr2	950000	951000	rDNA	0	0	0	1	1	1
Chr2	951000	952000	rDNA	0	0	0	0	0	0
Chr2	952000	953000	rDNA	0	0	0	0	0	0
Chr2	953000	954000	rDNA	0	0	1	0	0	1
Chr2	955000	956000	rDNA	0	0	0	0	0	0
Chr2	956000	957000	rDNA	0	0	0	0	0	0
Chr2	957000	958000	rDNA	0	0	0	0	0	1
Chr2	959000	960000	rDNA	0	0	0	1	1	0
Chr2	960000	961000	rDNA	0	0	0	1	0	1
Chr2	961000	962000	rDNA	0	0	0	0	0	1
Chr2	962000	963000	rDNA	0	0	0	0	0	0
Chr2	963000	964000	rDNA	0	0	1	1	1	1
Chr2	964000	965000	rDNA	0	0	1	0	0	0
Chr2	966000	967000	rDNA	0	0	0	1	1	0
Chr2	967000	968000	rDNA	0	0	0	0	0	0
Chr2	969000	970000	rDNA	0	0	0	0	0	0
Chr2	973000	974000	rDNA	0	0	0	0	0	0
Chr2	974000	975000	rDNA	0	0	0	1	1	0
Chr2	975000	976000	rDNA	0	0	0	0	0	0
Chr2	977000	978000	rDNA	0	0	0	0	1	0
Chr2	979000	980000	rDNA	0	0	0	0	0	1
Chr2	982000	983000	rDNA	0	0	0	0	0	0
Chr2	983000	984000	rDNA	0	0	0	0	0	0
Chr2	984000	985000	rDNA	0	0	0	0	0	0
Chr2	985000	986000	rDNA	0	0	0	1	1	1
Chr2	987000	988000	rDNA	0	0	0	0	0	1
Chr2	988000	989000	rDNA	0	0	0	0	0	0
Chr2	989000	990000	rDNA	0	0	0	1	1	1
Chr2	991000	992000	rDNA	0	0	0	0	0	1
Chr2	992000	993000	rDNA	0	0	0	1	1	1
Chr2	993000	994000	rDNA	0	0	0	1	1	1
Chr2	994000	995000	rDNA	0	0	0	1	1	0
Chr2	995000	996000	rDNA	0	0	0	0	1	0
Chr2	996000	997000	rDNA	0	0	0	0	0	0
Chr2	997000	998000	rDNA	0	0	0	0	0	0
Chr2	998000	999000	rDNA	0	0	0	1	1	0
Chr2	1000000	1001000	rDNA	0	0	1	0	0	0
Chr2	1002000	1003000	rDNA	0	0	0	0	0	1
Chr2	1003000	1004000	rDNA	0	0	0	0	0	0
Chr2	1004000	1005000	rDNA	0	0	0	0	1	0
Chr2	1005000	1006000	rDNA	0	0	0	0	0	0
Chr2	1008000	1009000	rDNA	0	0	0	0	0	0
Chr2	1010000	1011000	rDNA	0	0	0	0	0	0
Chr2	1011000	1012000	rDNA	0	0	1	0	0	1
Chr2	1012000	1013000	rDNA	0	0	0	0	0	1
Chr2	1013000	1014000	rDNA	0	0	0	0	0	1
Chr2	1014000	1015000	rDNA	0	0	0	0	0	1
Chr2	1015000	1016000	rDNA	0	0	0	0	0	1
Chr2	1016000	1017000	rDNA	0	0	0	0	1	0
Chr2	1018000	1019000	rDNA	0	0	0	0	0	0
Chr2	1022000	1023000	rDNA	0	0	0	0	0	0
Chr2	1023000	1024000	rDNA	0	0	0	0	0	0
Chr2	1024000	1025000	rDNA	0	0	0	1	1	1
Chr2	1025000	1026000	rDNA	0	0	0	0	0	0
Chr2	1026000	1027000	rDNA	0	0	0	1	0	0
Chr2	1028000	1029000	rDNA	0	0	0	0	0	0
Chr2	1029000	1030000	rDNA	0	0	0	0	0	0
Chr2	1030000	1031000	rDNA	0	0	0	0	0	0
Chr2	1031000	1032000	rDNA	0	0	0	0	0	1
Chr2	1032000	1033000	rDNA	0	0	1	0	0	0
Chr2	1033000	1034000	rDNA	0	0	0	1	0	0
Chr2	1034000	1035000	rDNA	0	0	0	1	1	0
Chr2	1035000	1036000	rDNA	0	0	0	0	0	1
Chr2	1036000	1037000	rDNA	0	0	0	0	0	1
Chr2	1037000	1038000	rDNA	0	0	0	1	1	0
Chr2	1039000	1040000	rDNA	0	0	0	1	1	0
Chr2	1040000	1041000	rDNA	0	0	0	0	0	0
Chr2	1041000	1042000	rDNA	0	0	1	0	0	1
Chr2	1043000	1044000	rDNA	0	0	0	1	1	0
Chr2	1044000	1045000	rDNA	0	0	0	0	0	0
Chr2	1045000	1046000	rDNA	0	0	0	0	0	1
Chr2	1046000	1047000	rDNA	0	0	0	0	0	0
Chr2	1047000	1048000	rDNA	0	0	0	0	0	0
Chr2	1048000	1049000	rDNA	0	0	0	0	0	1
Chr2	1050000	1051000	rDNA	0	0	0	0	0	0
Chr2	1052000	1053000	rDNA	0	0	0	1	0	0
Chr2	1054000	1055000	rDNA	0	0	0	0	0	0
Chr2	1055000	1056000	rDNA	0	0	0	1	1	0
Chr2	1056000	1057000	rDNA	0	0	0	0	1	0
Chr2	1057000	1058000	rDNA	0	0	0	0	0	0
Chr2	1058000	1059000	rDNA	0	0	0	0	0	0
Chr2	1060000	1061000	rDNA	0	0	0	0	1	0
Chr2	1061000	1062000	rDNA	0	0	0	1	1	0
Chr2	1064000	1065000	rDNA	0	0	1	0	0	0
Chr2	1065000	1066000	rDNA	0	0	0	1	0	0
Chr2	1066000	1067000	rDNA	0	0	0	0	0	0
Chr2	1068000	1069000	rDNA	0	0	1	0	0	1
Chr2	1070000	1071000	rDNA	0	0	0	1	0	0
Chr2	1071000	1072000	rDNA	0	0	0	0	0	0
Chr2	1073000	1074000	rDNA	0	0	0	0	1	0
Chr2	1074000	1075000	rDNA	0	0	1	0	0	0
Chr2	1075000	1076000	rDNA	0	0	0	0	0	0
Chr2	1076000	1077000	rDNA	0	0	0	0	0	0
Chr2	1077000	1078000	rDNA	0	0	0	0	0	1
Chr2	1078000	1079000	rDNA	0	0	0	1	1	1
Chr2	1079000	1080000	rDNA	0	0	0	0	1	0
Chr2	1081000	1082000	rDNA	0	0	0	0	0	0
Chr2	1083000	1084000	rDNA	0	0	0	0	1	0
Chr2	1085000	1086000	rDNA	0	0	0	1	1	0
Chr2	1086000	1087000	rDNA	0	0	0	0	1	0
Chr2	1088000	1089000	rDNA	0	0	0	0	0	0
Chr2	1089000	1090000	rDNA	0	0	0	0	0	0
Chr2	1090000	1091000	rDNA	0	0	0	0	0	0
Chr2	1092000	1093000	rDNA	0	0	0	0	0	1
Chr2	1094000	1095000	rDNA	0	0	1	0	0	0
Chr2	1096000	1097000	rDNA	0	0	0	1	0	0
Chr2	1097000	1098000	rDNA	0	0	0	0	0	0
Chr2	1098000	1099000	rDNA	0	0	0	0	0	0
Chr2	1099000	1100000	rDNA	0	0	0	0	1	0
Chr2	1102000	1103000	rDNA	0	0	0	1	0	0
Chr2	1103000	1104000	rDNA	0	0	0	1	0	1
Chr2	1104000	1105000	rDNA	0	0	1	0	0	0
Chr2	1105000	1106000	rDNA	0	0	1	0	0	0
Chr2	1106000	1107000	rDNA	0	0	1	1	0	0
Chr2	1107000	1108000	rDNA	0	0	0	0	0	1
Chr2	1108000	1109000	rDNA	0	0	0	0	0	0
Chr2	1109000	1110000	rDNA	0	0	0	0	0	0
Chr2	1110000	1111000	rDNA	0	0	0	0	0	0
Chr2	1112000	1113000	rDNA	0	0	0	0	0	0
Chr2	1116000	1117000	rDNA	0	0	1	0	1	0
Chr2	1117000	1118000	rDNA	0	0	0	1	1	0
Chr2	1118000	1119000	rDNA	0	0	0	0	1	0
Chr2	1119000	1120000	rDNA	0	0	0	0	0	0
Chr2	1120000	1121000	rDNA	0	0	0	1	1	1
Chr2	1122000	1123000	rDNA	0	0	0	0	1	0
Chr2	1123000	1124000	rDNA	0	0	0	1	1	0
Chr2	1125000	1126000	rDNA	0	0	0	1	1	0
Chr2	1127000	1128000	rDNA	0	0	0	0	0	0
Chr2	1128000	1129000	rDNA	0	0	0	0	0	0
Chr2	1129000	1130000	rDNA	0	0	0	0	0	1
Chr2	1130000	1131000	rDNA	0	0	0	1	0	1
Chr2	1131000	1132000	rDNA	0	0	0	0	0	0
Chr2	1133000	1134000	rDNA	0	0	0	0	0	0
Chr2	1134000	1135000	rDNA	0	0	0	0	0	0
Chr2	1135000	1136000	rDNA	0	0	1	0	0	0
Chr2	1140000	1141000	rDNA	0	0	0	0	0	0
Chr2	1141000	1142000	rDNA	0	0	0	0	0	0
Chr2	1142000	1143000	rDNA	0	0	1	0	0	0
Chr2	1143000	1144000	rDNA	0	0	0	0	0	0
Chr2	1144000	1145000	rDNA	0	0	0	1	1	0
Chr2	1148000	1149000	rDNA	0	0	0	0	0	0
Chr2	1149000	1150000	rDNA	0	0	0	1	1	0
Chr2	1150000	1151000	rDNA	0	0	0	0	0	0
Chr2	1151000	1152000	rDNA	0	0	0	1	1	1
Chr2	1152000	1153000	rDNA	0	0	0	0	0	1
Chr2	1154000	1155000	rDNA	0	0	0	0	0	0
Chr2	1155000	1156000	rDNA	0	0	0	0	0	1
Chr2	1157000	1158000	rDNA	0	0	0	1	1	0
Chr2	1159000	1160000	rDNA	0	0	0	1	1	0
Chr2	1160000	1161000	rDNA	0	0	0	0	1	1
Chr2	1161000	1162000	rDNA	0	0	0	1	0	0
Chr2	1162000	1163000	rDNA	0	0	0	0	0	0
Chr2	1163000	1164000	rDNA	0	0	0	0	0	0
Chr2	1164000	1165000	rDNA	0	0	1	0	0	0
Chr2	1165000	1166000	rDNA	0	0	0	1	1	1
Chr2	1166000	1167000	rDNA	0	0	0	0	1	0
Chr2	1168000	1169000	rDNA	0	0	0	0	1	1
Chr2	1169000	1170000	rDNA	0	0	1	0	0	0
Chr2	1170000	1171000	rDNA	0	0	0	0	0	0
Chr2	1171000	1172000	rDNA	0	0	0	0	0	0
Chr2	1172000	1173000	rDNA	0	0	0	0	0	0
Chr2	1173000	1174000	rDNA	0	0	0	0	0	0
Chr2	1174000	1175000	rDNA	0	0	1	0	0	0
Chr2	1176000	1177000	rDNA	0	0	0	0	0	0
Chr2	1177000	1178000	rDNA	0	0	0	0	0	0
Chr2	1180000	1181000	rDNA	0	0	1	0	0	0
Chr2	1181000	1182000	rDNA	0	0	0	0	1	0
Chr2	1182000	1183000	rDNA	0	0	0	0	1	0
Chr2	1183000	1184000	rDNA	0	0	0	0	1	0
Chr2	1184000	1185000	rDNA	0	0	0	1	0	0
Chr2	1185000	1186000	rDNA	0	0	0	1	0	1
Chr2	1186000	1187000	rDNA	0	0	0	0	0	1
Chr2	1190000	1191000	rDNA	0	0	0	0	0	0
Chr2	1191000	1192000	rDNA	0	0	0	1	1	1
Chr2	1192000	1193000	rDNA	0	0	0	0	0	1
Chr2	1193000	1194000	rDNA	0	0	0	0	0	1
Chr2	1194000	1195000	rDNA	0	0	0	0	0	1
Chr2	1196000	1197000	rDNA	0	0	0	0	0	1
Chr2	1197000	1198000	rDNA	0	0	0	0	0	0
Chr2	1199000	1200000	rDNA	0	0	0	0	0	0
Chr2	1201000	1202000	rDNA	0	0	0	0	0	0
Chr2	1202000	1203000	rDNA	0	0	0	0	0	1
Chr2	1203000	1204000	rDNA	0	0	0	0	1	0
Chr2	1204000	1205000	rDNA	0	0	0	0	0	1
Chr2	1205000	1206000	rDNA	0	0	0	0	1	0
Chr2	1207000	1208000	rDNA	0	0	0	0	0	0
Chr2	1208000	1209000	rDNA	0	0	0	0	0	1
Chr2	1209000	1210000	rDNA	0	0	1	0	0	0
Chr2	1211000	1212000	rDNA	0	0	0	1	1	0
Chr2	1212000	1213000	rDNA	0	0	0	0	0	0
Chr2	1213000	1214000	rDNA	0	0	0	0	0	0
Chr2	1214000	1215000	rDNA	0	0	0	1	0	1
Chr2	1215000	1216000	rDNA	0	0	0	0	0	0
Chr2	1216000	1217000	rDNA	0	0	1	0	0	0
Chr2	1218000	1219000	rDNA	0	0	0	0	0	1
Chr2	1219000	1220000	rDNA	0	0	0	0	0	0
Chr2	1220000	1221000	rDNA	0	0	0	0	0	0
Chr2	1222000	1223000	rDNA	0	0	0	1	1	0
Chr2	1223000	1224000	rDNA	0	0	0	1	1	1
Chr2	1224000	1225000	rDNA	0	0	0	0	1	0
Chr2	1225000	1226000	rDNA	0	0	0	0	0	0
Chr2	1226000	1227000	rDNA	0	0	0	1	1	0
Chr2	1228000	1229000	rDNA	0	0	0	0	1	0
Chr2	1229000	1230000	rDNA	0	0	0	0	0	0
Chr2	1231000	1232000	rDNA	0	0	0	0	0	0
Chr2	1233000	1234000	rDNA	0	0	0	0	0	0
Chr2	1234000	1235000	rDNA	0	0	0	0	0	0
Chr2	1235000	1236000	rDNA	0	0	0	0	0	0
Chr2	1236000	1237000	rDNA	0	0	0	0	0	0
Chr2	1237000	1238000	rDNA	0	0	1	0	0	0
Chr2	1239000	1240000	rDNA	0	0	1	0	0	0
Chr2	1240000	1241000	rDNA	0	0	0	1	1	0
Chr2	1242000	1243000	rDNA	0	0	0	0	0	0
Chr2	1244000	1245000	rDNA	0	0	0	1	1	0
Chr2	1245000	1246000	rDNA	0	0	0	1	1	0
Chr2	1246000	1247000	rDNA	0	0	0	0	0	0
Chr2	1247000	1248000	rDNA	0	0	0	0	0	0
Chr2	1248000	1249000	rDNA	0	0	0	1	1	0
Chr2	1250000	1251000	rDNA	0	0	0	0	0	0
Chr2	1251000	1252000	rDNA	0	0	0	0	0	0
Chr2	1252000	1253000	rDNA	0	0	0	1	1	0
Chr2	1253000	1254000	rDNA	0	0	1	0	0	0
Chr2	1254000	1255000	rDNA	0	0	1	0	1	0
Chr2	1255000	1256000	rDNA	0	0	0	0	0	0
Chr2	1256000	1257000	rDNA	0	0	0	0	1	1
Chr2	1258000	1259000	rDNA	0	0	0	0	0	0
Chr2	1261000	1262000	rDNA	0	0	0	0	0	0
Chr2	1265000	1266000	rDNA	0	0	0	0	0	0
Chr2	1266000	1267000	rDNA	0	0	0	1	0	0
Chr2	1267000	1268000	rDNA	0	0	0	1	0	0
Chr2	1268000	1269000	rDNA	0	0	0	0	0	0
Chr2	1269000	1270000	rDNA	0	0	0	0	1	0
Chr2	1272000	1273000	rDNA	0	0	0	0	0	0
Chr2	1275000	1276000	rDNA	0	0	1	1	0	0
Chr2	1276000	1277000	rDNA	0	0	0	0	1	0
Chr2	1277000	1278000	rDNA	0	0	0	0	0	0
Chr2	1278000	1279000	rDNA	0	0	0	1	1	0
Chr2	1279000	1280000	rDNA	0	0	0	0	0	1
Chr2	1282000	1283000	rDNA	0	0	0	0	0	0
Chr2	1283000	1284000	rDNA	0	0	0	0	0	0
Chr2	1284000	1285000	rDNA	0	0	1	0	0	0
Chr2	1285000	1286000	rDNA	0	0	1	0	0	0
Chr2	1286000	1287000	rDNA	0	0	1	1	0	0
Chr2	1287000	1288000	rDNA	0	0	0	0	0	0
Chr2	1288000	1289000	rDNA	0	0	0	0	0	1
Chr2	1290000	1291000	rDNA	0	0	0	0	0	0
Chr2	1293000	1294000	rDNA	0	0	0	0	0	1
Chr2	1294000	1295000	rDNA	0	0	0	0	0	0
Chr2	1295000	1296000	rDNA	0	0	1	0	0	0
Chr2	1297000	1298000	rDNA	0	0	0	0	0	0
Chr2	1298000	1299000	rDNA	0	0	0	1	1	0
Chr2	1299000	1300000	rDNA	0	0	0	1	1	0
Chr2	1300000	1301000	rDNA	0	0	0	0	0	0
Chr2	1301000	1302000	rDNA	0	0	0	1	0	0
Chr2	1303000	1304000	rDNA	0	0	1	0	0	0
Chr2	1304000	1305000	rDNA	0	0	0	0	0	0
Chr2	1305000	1306000	rDNA	0	0	1	0	0	0
Chr2	1306000	1307000	rDNA	0	0	0	0	1	1
Chr2	1308000	1309000	rDNA	0	0	0	0	0	0
Chr2	1309000	1310000	rDNA	0	0	0	1	0	0
Chr2	1310000	1311000	rDNA	0	0	0	0	0	1
Chr2	1311000	1312000	rDNA	0	0	0	0	0	0
Chr2	1312000	1313000	rDNA	0	0	0	0	0	1
Chr2	1314000	1315000	rDNA	0	0	1	0	0	0
Chr2	1315000	1316000	rDNA	0	0	0	1	1	0
Chr2	1317000	1318000	rDNA	0	0	1	0	0	0
Chr2	1318000	1319000	rDNA	0	0	1	0	0	0
Chr2	1319000	1320000	rDNA	0	0	0	0	0	1
Chr2	1320000	1321000	rDNA	0	0	0	1	1	1
Chr2	1322000	1323000	rDNA	0	0	0	1	1	0
Chr2	1325000	1326000	rDNA	0	0	0	0	0	0
Chr2	1326000	1327000	rDNA	0	0	0	1	0	0
Chr2	1327000	1328000	rDNA	0	0	0	0	0	0
Chr2	1330000	1331000	rDNA	0	0	0	0	0	1
Chr2	1331000	1332000	rDNA	0	0	0	0	0	1
Chr2	1332000	1333000	rDNA	0	0	0	1	0	0
Chr2	1333000	1334000	rDNA	0	0	0	0	0	0
Chr2	1335000	1336000	rDNA	0	0	0	0	0	0
Chr2	1336000	1337000	rDNA	0	0	0	1	1	0
Chr2	1337000	1338000	rDNA	0	0	0	0	0	0
Chr2	1338000	1339000	rDNA	0	0	0	0	0	0
Chr2	1339000	1340000	rDNA	0	0	1	0	0	0
Chr2	1340000	1341000	rDNA	0	0	0	0	0	1
Chr2	1341000	1342000	rDNA	0	0	0	0	0	1
Chr2	1342000	1343000	rDNA	0	0	0	0	0	1
Chr2	1343000	1344000	rDNA	0	0	0	1	1	0
Chr2	1344000	1345000	rDNA	0	0	0	0	0	0
Chr2	1346000	1347000	rDNA	0	0	0	1	0	0
Chr2	1347000	1348000	rDNA	0	0	0	0	0	0
Chr2	1348000	1349000	rDNA	0	0	1	1	1	0
Chr2	1353000	1354000	rDNA	0	0	0	0	0	0
Chr2	1354000	1355000	rDNA	0	0	0	0	0	1
Chr2	1357000	1358000	rDNA	0	0	0	1	0	0
Chr2	1358000	1359000	rDNA	0	0	0	0	0	0
Chr2	1359000	1360000	rDNA	0	0	0	0	0	0
Chr2	1365000	1366000	rDNA	0	0	0	0	0	1
Chr2	1368000	1369000	rDNA	0	0	0	1	1	1
Chr2	1374000	1375000	rDNA	0	0	0	1	1	1
Chr2	1375000	1376000	rDNA	0	0	0	0	0	0
Chr2	1376000	1377000	rDNA	0	0	0	0	0	1
Chr2	1378000	1379000	rDNA	0	0	0	0	0	0
Chr2	1379000	1380000	rDNA	0	0	0	0	0	0
Chr2	1385000	1386000	rDNA	0	0	0	0	0	0
Chr2	1386000	1387000	rDNA	0	0	0	1	1	0
Chr2	1387000	1388000	rDNA	0	0	0	0	0	0
Chr2	1389000	1390000	rDNA	0	0	0	1	1	0
Chr2	1390000	1391000	rDNA	0	0	0	1	1	0
Chr2	1391000	1392000	rDNA	0	0	0	0	0	0
Chr2	1392000	1393000	rDNA	0	0	0	1	1	1
Chr2	1393000	1394000	rDNA	0	0	1	0	0	0
Chr2	1394000	1395000	rDNA	0	0	0	1	1	0
Chr2	1395000	1396000	rDNA	0	0	0	0	0	1
Chr2	1397000	1398000	rDNA	0	0	0	0	0	0
Chr2	1400000	1401000	rDNA	0	0	0	1	1	0
Chr2	1401000	1402000	rDNA	0	0	0	0	0	0
Chr2	1402000	1403000	rDNA	0	0	0	0	0	1
Chr2	1407000	1408000	rDNA	0	0	0	0	0	0
Chr2	1408000	1409000	rDNA	0	0	0	0	0	1
Chr2	1410000	1411000	rDNA	0	0	0	1	1	0
Chr2	1411000	1412000	rDNA	0	0	0	1	0	0
Chr2	1413000	1414000	rDNA	0	0	0	1	1	0
Chr2	1414000	1415000	rDNA	0	0	1	0	0	0
Chr2	1415000	1416000	rDNA	0	0	0	1	0	0
Chr2	1416000	1417000	rDNA	0	0	0	0	0	1
Chr2	1417000	1418000	rDNA	0	0	0	0	0	1
Chr2	1418000	1419000	rDNA	0	0	0	0	0	0
Chr2	1420000	1421000	rDNA	0	0	0	0	0	1
Chr2	1421000	1422000	rDNA	0	0	0	1	1	0
Chr2	1422000	1423000	rDNA	0	0	0	0	0	0
Chr2	1427000	1428000	rDNA	0	0	0	0	1	1
Chr2	1428000	1429000	rDNA	0	0	0	0	0	0
Chr2	1429000	1430000	rDNA	0	0	0	0	0	0
Chr2	1430000	1431000	rDNA	0	0	0	0	0	0
Chr2	1432000	1433000	rDNA	0	0	0	0	0	0
Chr2	1435000	1436000	rDNA	0	0	0	0	0	0
Chr2	1439000	1440000	rDNA	0	0	0	1	0	0
Chr2	1440000	1441000	rDNA	0	0	0	0	0	0
Chr2	1443000	1444000	rDNA	0	0	0	0	0	0
Chr2	1444000	1445000	rDNA	0	0	0	0	0	0
Chr2	1450000	1451000	rDNA	0	0	0	0	0	0
Chr2	1453000	1454000	rDNA	0	0	0	0	0	1
Chr2	1454000	1455000	rDNA	0	0	0	0	0	0
Chr2	1458000	1459000	rDNA	0	0	0	0	0	0
Chr2	1461000	1462000	rDNA	0	0	0	0	0	0
Chr2	1462000	1463000	rDNA	0	0	0	0	0	1
Chr2	1464000	1465000	rDNA	0	0	0	1	1	0
Chr2	1466000	1467000	rDNA	0	0	0	0	0	0
Chr2	1469000	1470000	rDNA	0	0	0	1	1	1
Chr2	1475000	1476000	rDNA	0	0	0	1	1	1
Chr2	1482000	1483000	rDNA	0	0	0	1	0	1
Chr2	1483000	1484000	rDNA	0	0	0	0	0	0
Chr2	1484000	1485000	rDNA	0	0	0	0	1	1
Chr2	1485000	1486000	rDNA	0	0	0	1	0	1
Chr2	1486000	1487000	rDNA	0	0	0	1	1	0
Chr2	1488000	1489000	rDNA	0	0	0	0	0	1
Chr2	1490000	1491000	rDNA	0	0	0	1	0	0
Chr2	1495000	1496000	rDNA	0	0	0	0	0	1
Chr2	1496000	1497000	rDNA	0	0	0	0	0	0
Chr2	1497000	1498000	rDNA	0	0	0	1	1	0
Chr2	1498000	1499000	rDNA	0	0	0	1	0	0
Chr2	1502000	1503000	rDNA	0	0	0	1	0	1
Chr2	1507000	1508000	rDNA	0	0	0	1	0	0
Chr2	1508000	1509000	rDNA	0	0	0	1	0	0
Chr2	1509000	1510000	rDNA	0	0	0	0	0	0
Chr2	1511000	1512000	rDNA	0	0	0	1	1	0
Chr2	1512000	1513000	rDNA	0	0	0	0	0	0
Chr2	1513000	1514000	rDNA	0	0	0	1	1	0
Chr2	1514000	1515000	rDNA	0	0	0	0	0	0
Chr2	1515000	1516000	rDNA	0	0	0	0	0	0
Chr2	1517000	1518000	rDNA	0	0	0	0	1	0
Chr2	1518000	1519000	rDNA	0	0	0	0	0	0
Chr2	1521000	1522000	rDNA	0	0	1	1	1	1
Chr2	1522000	1523000	rDNA	0	0	0	0	0	0
Chr2	1523000	1524000	rDNA	0	0	0	1	1	1
Chr2	1525000	1526000	rDNA	0	0	0	0	0	0
Chr2	1526000	1527000	rDNA	0	0	0	0	0	0
Chr2	1528000	1529000	rDNA	0	0	0	0	0	0
Chr2	1529000	1530000	rDNA	0	0	0	0	0	0
Chr2	1530000	1531000	rDNA	0	0	0	0	0	0
Chr2	1536000	1537000	rDNA	0	0	0	0	0	1
Chr2	1537000	1538000	rDNA	0	0	1	0	0	0
Chr2	1539000	1540000	rDNA	0	0	0	0	0	0
Chr2	1540000	1541000	rDNA	0	0	0	1	1	0
Chr2	1541000	1542000	rDNA	0	0	0	0	0	0
Chr2	1542000	1543000	rDNA	0	0	1	1	1	0
Chr2	1543000	1544000	rDNA	0	0	0	0	0	0
Chr2	1544000	1545000	rDNA	0	0	0	1	1	1
Chr2	1545000	1546000	rDNA	0	0	0	0	0	0
Chr2	1546000	1547000	rDNA	0	0	0	0	0	0
Chr2	1547000	1548000	rDNA	0	0	0	0	0	1
Chr2	1548000	1549000	rDNA	0	0	0	0	1	0
Chr2	1549000	1550000	rDNA	0	0	0	0	0	0
Chr2	1550000	1551000	rDNA	0	0	0	0	0	0
Chr2	1552000	1553000	rDNA	0	0	0	0	0	1
Chr2	1553000	1554000	rDNA	0	0	1	0	0	0
Chr2	1554000	1555000	rDNA	0	0	0	1	1	0
Chr2	1555000	1556000	rDNA	0	0	0	0	0	1
Chr2	1556000	1557000	rDNA	0	0	0	0	0	1
Chr2	1557000	1558000	rDNA	0	0	0	0	0	1
Chr2	1560000	1561000	rDNA	0	0	0	0	0	0
Chr2	1561000	1562000	rDNA	0	0	0	0	0	0
Chr2	1564000	1565000	rDNA	0	0	1	1	1	1
Chr2	1565000	1566000	rDNA	0	0	0	0	0	0
Chr2	1566000	1567000	rDNA	0	0	0	0	0	0
Chr2	1567000	1568000	rDNA	0	0	1	0	0	0
Chr2	1568000	1569000	rDNA	0	0	0	0	0	0
Chr2	1570000	1571000	rDNA	0	0	0	0	0	0
Chr2	1571000	1572000	rDNA	0	0	0	1	0	0
Chr2	1572000	1573000	rDNA	0	0	0	0	0	0
Chr2	1573000	1574000	rDNA	0	0	0	0	0	1
Chr2	1576000	1577000	rDNA	0	0	0	0	0	0
Chr2	1577000	1578000	rDNA	0	0	0	0	0	0
Chr2	1578000	1579000	rDNA	0	0	0	1	1	0
Chr2	1579000	1580000	rDNA	0	0	0	0	0	0
Chr2	1581000	1582000	rDNA	0	0	0	0	1	1
Chr2	1582000	1583000	rDNA	0	0	0	1	1	0
Chr2	1584000	1585000	rDNA	0	0	0	0	0	1
Chr2	1588000	1589000	rDNA	0	0	0	1	0	1
Chr2	1589000	1590000	rDNA	0	0	0	0	1	0
Chr2	1592000	1593000	rDNA	0	0	0	0	0	0
Chr2	1593000	1594000	rDNA	0	0	0	0	0	0
Chr2	1594000	1595000	rDNA	0	0	0	0	0	0
Chr2	1595000	1596000	rDNA	0	0	1	0	0	1
Chr2	1596000	1597000	rDNA	0	0	1	1	1	0
Chr2	1597000	1598000	rDNA	0	0	0	0	0	1
Chr2	1598000	1599000	rDNA	0	0	0	0	1	0
Chr2	1599000	1600000	rDNA	0	0	0	0	0	0
Chr2	1600000	1601000	rDNA	0	0	0	0	0	0
Chr2	1603000	1604000	rDNA	0	0	0	1	1	0
Chr2	1604000	1605000	rDNA	0	0	0	0	0	0
Chr2	1605000	1606000	rDNA	0	0	0	0	0	1
Chr2	1609000	1610000	rDNA	0	0	0	1	0	1
Chr2	1610000	1611000	rDNA	0	0	0	0	0	0
Chr2	1611000	1612000	rDNA	0	0	0	0	0	0
Chr2	1613000	1614000	rDNA	0	0	0	0	0	0
Chr2	1614000	1615000	rDNA	0	0	0	0	0	0
Chr2	1615000	1616000	rDNA	0	0	0	0	0	0
Chr2	1616000	1617000	rDNA	0	0	0	0	1	0
Chr2	1617000	1618000	rDNA	0	0	1	0	0	1
Chr2	1618000	1619000	rDNA	0	0	0	0	0	0
Chr2	1619000	1620000	rDNA	0	0	0	1	1	0
Chr2	1620000	1621000	rDNA	0	0	0	1	1	0
Chr2	1621000	1622000	rDNA	0	0	0	1	1	0
Chr2	1622000	1623000	rDNA	0	0	0	0	0	0
Chr2	1624000	1625000	rDNA	0	0	0	1	1	0
Chr2	1625000	1626000	rDNA	0	0	0	1	1	0
Chr2	1628000	1629000	rDNA	0	0	1	0	0	1
Chr2	1629000	1630000	rDNA	0	0	0	1	1	1
Chr2	1630000	1631000	rDNA	0	0	0	1	1	1
Chr2	1631000	1632000	rDNA	0	0	0	0	0	0
Chr2	1632000	1633000	rDNA	0	0	0	0	0	0
Chr2	1635000	1636000	rDNA	0	0	0	0	0	0
Chr2	1636000	1637000	rDNA	0	0	0	0	0	0
Chr2	1637000	1638000	rDNA	0	0	0	0	0	0
Chr2	1638000	1639000	rDNA	0	0	1	1	1	0
Chr2	1639000	1640000	rDNA	0	0	1	1	1	1
Chr2	1640000	1641000	rDNA	0	0	0	0	0	0
Chr2	1641000	1642000	rDNA	0	0	0	1	1	1
Chr2	1642000	1643000	rDNA	0	0	0	0	0	0
Chr2	1643000	1644000	rDNA	0	0	0	1	1	1
Chr2	1646000	1647000	rDNA	0	0	0	0	0	0
Chr2	1650000	1651000	rDNA	0	0	0	0	0	0
Chr2	1651000	1652000	rDNA	0	0	0	0	0	0
Chr2	1652000	1653000	rDNA	0	0	0	0	0	1
Chr2	1653000	1654000	rDNA	0	0	0	0	0	0
Chr2	1654000	1655000	rDNA	0	0	0	0	0	1
Chr2	1656000	1657000	rDNA	0	0	0	0	0	0
Chr2	1657000	1658000	rDNA	0	0	0	1	1	0
Chr2	1659000	1660000	rDNA	0	0	1	1	1	0
Chr2	1660000	1661000	rDNA	0	0	1	0	0	0
Chr2	1661000	1662000	rDNA	0	0	0	1	1	1
Chr2	1662000	1663000	rDNA	0	0	0	0	0	0
Chr2	1663000	1664000	rDNA	0	0	0	1	1	0
Chr2	1664000	1665000	rDNA	0	0	0	0	0	0
Chr2	1667000	1668000	rDNA	0	0	0	0	0	0
Chr2	1668000	1669000	rDNA	0	0	0	0	0	0
Chr2	1669000	1670000	rDNA	0	0	0	0	1	1
Chr2	1672000	1673000	rDNA	0	0	0	1	1	1
Chr2	1673000	1674000	rDNA	0	0	0	0	0	0
Chr2	1675000	1676000	rDNA	0	0	0	0	0	0
Chr2	1678000	1679000	rDNA	0	0	0	1	1	0
Chr2	1679000	1680000	rDNA	0	0	0	0	0	0
Chr2	1680000	1681000	rDNA	0	0	0	0	0	0
Chr2	1681000	1682000	rDNA	0	0	1	0	0	0
Chr2	1682000	1683000	rDNA	0	0	0	0	1	0
Chr2	1683000	1684000	rDNA	0	0	0	0	0	1
Chr2	1684000	1685000	rDNA	0	0	0	0	0	0
Chr2	1685000	1686000	rDNA	0	0	0	1	1	0
Chr2	1686000	1687000	rDNA	0	0	0	0	1	0
Chr2	1688000	1689000	rDNA	0	0	0	0	0	0
Chr2	1689000	1690000	rDNA	0	0	0	0	0	1
Chr2	1692000	1693000	rDNA	0	0	1	0	0	1
Chr2	1693000	1694000	rDNA	0	0	0	1	1	0
Chr2	1694000	1695000	rDNA	0	0	0	1	1	0
Chr2	1695000	1696000	rDNA	0	0	0	0	0	1
Chr2	1696000	1697000	rDNA	0	0	0	0	0	1
Chr2	1699000	1700000	rDNA	0	0	0	0	0	0
Chr2	1700000	1701000	rDNA	0	0	0	0	0	0
Chr2	1701000	1702000	rDNA	0	0	1	0	0	0
Chr2	1702000	1703000	rDNA	0	0	1	1	0	0
Chr2	1703000	1704000	rDNA	0	0	1	1	0	0
Chr2	1704000	1705000	rDNA	0	0	0	1	1	1
Chr2	1705000	1706000	rDNA	0	0	0	1	1	0
Chr2	1707000	1708000	rDNA	0	0	0	1	0	0
Chr2	1708000	1709000	rDNA	0	0	0	1	0	0
Chr2	1710000	1711000	rDNA	0	0	0	0	0	0
Chr2	1711000	1712000	rDNA	0	0	0	0	0	0
Chr2	1712000	1713000	rDNA	0	0	0	0	0	0
Chr2	1714000	1715000	rDNA	0	0	0	0	0	0
Chr2	1715000	1716000	rDNA	0	0	0	1	1	0
Chr2	1716000	1717000	rDNA	0	0	0	0	0	0
Chr2	1717000	1718000	rDNA	0	0	0	1	1	0
Chr2	1718000	1719000	rDNA	0	0	0	1	0	0
Chr2	1720000	1721000	rDNA	0	0	1	0	0	0
Chr2	1721000	1722000	rDNA	0	0	0	0	0	0
Chr2	1723000	1724000	rDNA	0	0	1	0	0	1
Chr2	1725000	1726000	rDNA	0	0	0	0	0	0
Chr2	1726000	1727000	rDNA	0	0	0	1	1	0
Chr2	1727000	1728000	rDNA	0	0	0	0	0	0
Chr2	1728000	1729000	rDNA	0	0	0	0	0	1
Chr2	1731000	1732000	rDNA	0	0	0	0	1	0
Chr2	1732000	1733000	rDNA	0	0	0	0	0	0
Chr2	1733000	1734000	rDNA	0	0	1	0	0	0
Chr2	1735000	1736000	rDNA	0	0	0	0	0	0
Chr2	1736000	1737000	rDNA	0	0	0	0	1	0
Chr2	1737000	1738000	rDNA	0	0	0	0	1	0
Chr2	1738000	1739000	rDNA	0	0	0	0	0	0
Chr2	1739000	1740000	rDNA	0	0	0	0	0	0
Chr2	1742000	1743000	rDNA	0	0	0	0	1	0
Chr2	1743000	1744000	rDNA	0	0	1	0	0	0
Chr2	1744000	1745000	rDNA	0	0	0	1	0	0
Chr2	1746000	1747000	rDNA	0	0	0	1	1	1
Chr2	1747000	1748000	rDNA	0	0	0	0	0	0
Chr2	1748000	1749000	rDNA	0	0	0	1	1	1
Chr2	1749000	1750000	rDNA	0	0	0	0	1	0
Chr2	1750000	1751000	rDNA	0	0	0	1	1	0
Chr2	1752000	1753000	rDNA	0	0	0	0	0	0
Chr2	1753000	1754000	rDNA	0	0	0	0	0	0
Chr2	1756000	1757000	rDNA	0	0	1	1	0	1
Chr2	1757000	1758000	rDNA	0	0	0	0	0	1
Chr2	1758000	1759000	rDNA	0	0	0	1	1	1
Chr2	1759000	1760000	rDNA	0	0	0	0	0	0
Chr2	1760000	1761000	rDNA	0	0	0	0	0	0
Chr2	1763000	1764000	rDNA	0	0	1	0	1	0
Chr2	1764000	1765000	rDNA	0	0	0	0	0	0
Chr2	1765000	1766000	rDNA	0	0	1	0	0	1
Chr2	1770000	1771000	rDNA	0	0	0	0	0	0
Chr2	1771000	1772000	rDNA	0	0	0	0	0	0
Chr2	1772000	1773000	rDNA	0	0	0	0	0	0
Chr2	1774000	1775000	rDNA	0	0	0	1	0	1
Chr2	1775000	1776000	rDNA	0	0	0	0	0	0
Chr2	1776000	1777000	rDNA	0	0	0	0	0	0
Chr2	1778000	1779000	rDNA	0	0	0	1	0	0
Chr2	1779000	1780000	rDNA	0	0	0	0	0	0
Chr2	1780000	1781000	rDNA	0	0	0	0	0	1
Chr2	1781000	1782000	rDNA	0	0	0	1	0	0
Chr2	1782000	1783000	rDNA	0	0	0	0	0	0
Chr2	1784000	1785000	rDNA	0	0	0	0	0	1
Chr2	1785000	1786000	rDNA	0	0	0	0	0	0
Chr2	1787000	1788000	rDNA	0	0	1	1	1	0
Chr2	1790000	1791000	rDNA	0	0	0	1	1	0
Chr2	1791000	1792000	rDNA	0	0	0	0	0	0
Chr2	1792000	1793000	rDNA	0	0	0	1	1	0
Chr2	1793000	1794000	rDNA	0	0	0	0	0	0
Chr2	1795000	1796000	rDNA	0	0	0	1	1	0
Chr2	1796000	1797000	rDNA	0	0	0	0	0	0
Chr2	1797000	1798000	rDNA	0	0	0	1	1	1
Chr2	1799000	1800000	rDNA	0	0	1	1	0	0
Chr2	1800000	1801000	rDNA	0	0	0	0	0	1
Chr2	1801000	1802000	rDNA	0	0	0	1	1	0
Chr2	1802000	1803000	rDNA	0	0	0	0	0	0
Chr2	1803000	1804000	rDNA	0	0	0	0	0	0
Chr2	1806000	1807000	rDNA	0	0	0	0	0	0
Chr2	1807000	1808000	rDNA	0	0	0	0	0	0
Chr2	1808000	1809000	rDNA	0	0	0	1	1	0
Chr2	1809000	1810000	rDNA	0	0	1	0	0	0
Chr2	1810000	1811000	rDNA	0	0	0	0	0	0
Chr2	1811000	1812000	rDNA	0	0	0	0	0	0
Chr2	1812000	1813000	rDNA	0	0	0	0	1	1
Chr2	1813000	1814000	rDNA	0	0	0	0	0	0
Chr2	1814000	1815000	rDNA	0	0	0	0	0	1
Chr2	1815000	1816000	rDNA	0	0	1	0	0	0
Chr2	1816000	1817000	rDNA	0	0	0	0	0	0
Chr2	1817000	1818000	rDNA	0	0	0	1	1	0
Chr2	1819000	1820000	rDNA	0	0	0	0	0	0
Chr2	1820000	1821000	rDNA	0	0	1	0	0	0
Chr2	1821000	1822000	rDNA	0	0	0	0	0	0
Chr2	1822000	1823000	rDNA	0	0	0	1	1	0
Chr2	1823000	1824000	rDNA	0	0	0	0	1	1
Chr2	1824000	1825000	rDNA	0	0	0	0	0	0
Chr2	1827000	1828000	rDNA	0	0	0	0	0	0
Chr2	1828000	1829000	rDNA	0	0	0	1	0	0
Chr2	1829000	1830000	rDNA	0	0	1	0	0	0
Chr2	1830000	1831000	rDNA	0	0	1	0	0	0
Chr2	1831000	1832000	rDNA	0	0	1	0	0	0
Chr2	1832000	1833000	rDNA	0	0	0	0	1	0
Chr2	1833000	1834000	rDNA	0	0	0	0	0	0
Chr2	1835000	1836000	rDNA	0	0	0	0	0	1
Chr2	1838000	1839000	rDNA	0	0	0	0	1	0
Chr2	1839000	1840000	rDNA	0	0	0	0	0	0
Chr2	1840000	1841000	rDNA	0	0	0	0	0	0
Chr2	1842000	1843000	rDNA	0	0	0	0	0	0
Chr2	1843000	1844000	rDNA	0	0	0	0	0	1
Chr2	1844000	1845000	rDNA	0	0	0	0	0	1
Chr2	1845000	1846000	rDNA	0	0	0	0	0	0
Chr2	1846000	1847000	rDNA	0	0	0	0	1	1
Chr2	1848000	1849000	rDNA	0	0	1	0	0	0
Chr2	1849000	1850000	rDNA	0	0	0	1	1	0
Chr2	1852000	1853000	rDNA	0	0	1	1	1	0
Chr2	1853000	1854000	rDNA	0	0	0	0	0	0
Chr2	1854000	1855000	rDNA	0	0	0	0	0	0
Chr2	1855000	1856000	rDNA	0	0	0	1	1	0
Chr2	1856000	1857000	rDNA	0	0	0	0	0	0
Chr2	1857000	1858000	rDNA	0	0	0	0	0	0
Chr2	1859000	1860000	rDNA	0	0	1	1	0	0
Chr2	1860000	1861000	rDNA	0	0	0	1	1	0
Chr2	1861000	1862000	rDNA	0	0	0	0	0	0
Chr2	1862000	1863000	rDNA	0	0	1	1	1	0
Chr2	1863000	1864000	rDNA	0	0	1	0	0	0
Chr2	1864000	1865000	rDNA	0	0	0	1	0	1
Chr2	1865000	1866000	rDNA	0	0	0	0	0	1
Chr2	1867000	1868000	rDNA	0	0	0	0	0	1
Chr2	1870000	1871000	rDNA	0	0	0	1	1	0
Chr2	1871000	1872000	rDNA	0	0	0	0	0	0
Chr2	1872000	1873000	rDNA	0	0	0	0	0	0
Chr2	1874000	1875000	rDNA	0	0	0	0	0	0
Chr2	1875000	1876000	rDNA	0	0	0	0	0	0
Chr2	1876000	1877000	rDNA	0	0	0	0	1	0
Chr2	1877000	1878000	rDNA	0	0	0	1	1	1
Chr2	1878000	1879000	rDNA	0	0	0	1	1	1
Chr2	1881000	1882000	rDNA	0	0	0	0	0	0
Chr2	1883000	1884000	rDNA	0	0	0	0	0	0
Chr2	1884000	1885000	rDNA	0	0	1	1	1	0
Chr2	1885000	1886000	rDNA	0	0	0	0	1	0
Chr2	1886000	1887000	rDNA	0	0	0	0	1	0
Chr2	1887000	1888000	rDNA	0	0	0	1	1	0
Chr2	1888000	1889000	rDNA	0	0	0	0	0	1
Chr2	1889000	1890000	rDNA	0	0	0	0	0	0
Chr2	1891000	1892000	rDNA	0	0	1	0	0	0
Chr2	1892000	1893000	rDNA	0	0	0	0	0	0
Chr2	1894000	1895000	rDNA	0	0	1	0	0	0
Chr2	1895000	1896000	rDNA	0	0	1	0	0	0
Chr2	1896000	1897000	rDNA	0	0	0	1	0	0
Chr2	1897000	1898000	rDNA	0	0	0	1	1	0
Chr2	1898000	1899000	rDNA	0	0	0	0	0	1
Chr2	1899000	1900000	rDNA	0	0	0	1	1	1
Chr2	1901000	1902000	rDNA	0	0	1	0	0	0
Chr2	1902000	1903000	rDNA	0	0	0	0	0	0
Chr2	1904000	1905000	rDNA	0	0	0	0	0	1
Chr2	1905000	1906000	rDNA	0	0	1	0	0	0
Chr2	1906000	1907000	rDNA	0	0	0	0	0	0
Chr2	1907000	1908000	rDNA	0	0	0	0	0	0
Chr2	1908000	1909000	rDNA	0	0	0	0	1	1
Chr2	1909000	1910000	rDNA	0	0	0	0	0	0
Chr2	1910000	1911000	rDNA	0	0	0	0	0	1
Chr2	1912000	1913000	rDNA	0	0	0	0	0	0
Chr2	1913000	1914000	rDNA	0	0	0	0	0	0
Chr2	1914000	1915000	rDNA	0	0	1	0	0	1
Chr2	1917000	1918000	rDNA	0	0	0	0	0	1
Chr2	1920000	1921000	rDNA	0	0	0	0	0	0
Chr2	1924000	1925000	rDNA	0	0	0	1	0	0
Chr2	1925000	1926000	rDNA	0	0	0	0	0	0
Chr2	1926000	1927000	rDNA	0	0	0	0	0	0
Chr2	1927000	1928000	rDNA	0	0	0	0	0	0
Chr2	1928000	1929000	rDNA	0	0	0	1	1	1
Chr2	1929000	1930000	rDNA	0	0	1	1	1	0
Chr2	1930000	1931000	rDNA	0	0	0	0	0	0
Chr2	1931000	1932000	rDNA	0	0	1	1	1	0
Chr2	1932000	1933000	rDNA	0	0	1	0	0	1
Chr2	1933000	1934000	rDNA	0	0	1	0	0	0
Chr2	1934000	1935000	rDNA	0	0	1	1	0	1
Chr2	1935000	1936000	rDNA	0	0	0	0	0	0
Chr2	1936000	1937000	rDNA	0	0	0	0	0	0
Chr2	1937000	1938000	rDNA	0	0	0	0	0	1
Chr2	1939000	1940000	rDNA	0	0	0	1	1	0
Chr2	1941000	1942000	rDNA	0	0	0	0	0	0
Chr2	1943000	1944000	rDNA	0	0	0	1	1	0
Chr2	1944000	1945000	rDNA	0	0	0	0	0	0
Chr2	1945000	1946000	rDNA	0	0	0	0	0	0
Chr2	1946000	1947000	rDNA	0	0	0	0	0	0
Chr2	1947000	1948000	rDNA	0	0	0	0	0	0
Chr2	1948000	1949000	rDNA	0	0	0	1	0	0
Chr2	1949000	1950000	rDNA	0	0	0	1	1	1
Chr2	1951000	1952000	rDNA	0	0	1	1	1	1
Chr2	1953000	1954000	rDNA	0	0	0	0	0	0
Chr2	1956000	1957000	rDNA	0	0	0	0	1	0
Chr2	1957000	1958000	rDNA	0	0	1	0	0	0
Chr2	1958000	1959000	rDNA	0	0	1	1	0	1
Chr2	1959000	1960000	rDNA	0	0	0	1	1	0
Chr2	1961000	1962000	rDNA	0	0	1	1	1	1
Chr2	1965000	1966000	rDNA	0	0	0	1	0	0
Chr2	1966000	1967000	rDNA	0	0	0	0	0	0
Chr2	1967000	1968000	rDNA	0	0	0	0	0	0
Chr2	1968000	1969000	rDNA	0	0	0	0	0	0
Chr2	1969000	1970000	rDNA	0	0	0	0	0	0
Chr2	1972000	1973000	rDNA	0	0	0	0	0	0
Chr2	1973000	1974000	rDNA	0	0	0	0	0	1
Chr2	1974000	1975000	rDNA	0	0	0	0	0	0
Chr2	1975000	1976000	rDNA	0	0	0	0	0	0
Chr2	1976000	1977000	rDNA	0	0	0	1	1	0
Chr2	1977000	1978000	rDNA	0	0	1	0	0	0
Chr2	1978000	1979000	rDNA	0	0	1	0	0	0
Chr2	1979000	1980000	rDNA	0	0	1	1	0	0
Chr2	1981000	1982000	rDNA	0	0	1	0	0	1
Chr2	1982000	1983000	rDNA	0	0	0	0	0	1
Chr2	1983000	1984000	rDNA	0	0	0	0	1	0
Chr2	1985000	1986000	rDNA	0	0	0	1	0	1
Chr2	1987000	1988000	rDNA	0	0	0	1	1	0
Chr2	1988000	1989000	rDNA	0	0	0	0	0	0
Chr2	1989000	1990000	rDNA	0	0	1	0	0	1
Chr2	1991000	1992000	rDNA	0	0	1	0	0	0
Chr2	1992000	1993000	rDNA	0	0	0	1	1	0
Chr2	1993000	1994000	rDNA	0	0	0	0	1	0
Chr2	1995000	1996000	rDNA	0	0	0	1	1	1
Chr2	1996000	1997000	rDNA	0	0	0	1	1	0
Chr2	1997000	1998000	rDNA	0	0	0	1	1	0
Chr2	1998000	1999000	rDNA	0	0	0	0	0	0
Chr2	1999000	2000000	rDNA	0	0	0	0	0	1
Chr2	2000000	2001000	rDNA	0	0	1	0	0	0
Chr2	2001000	2002000	rDNA	0	0	0	1	1	0
Chr2	2002000	2003000	rDNA	0	0	0	1	0	1
Chr2	2003000	2004000	rDNA	0	0	0	1	1	0
Chr2	2004000	2005000	rDNA	0	0	0	1	1	1
Chr2	2005000	2006000	rDNA	0	0	0	0	0	0
Chr2	2007000	2008000	rDNA	0	0	1	0	0	0
Chr2	2009000	2010000	rDNA	0	0	1	0	0	0
Chr2	2010000	2011000	rDNA	0	0	1	0	0	0
Chr2	2011000	2012000	rDNA	0	0	1	0	0	0
Chr2	2012000	2013000	rDNA	0	0	0	1	0	0
Chr2	2013000	2014000	rDNA	0	0	0	1	1	0
Chr2	2014000	2015000	rDNA	0	0	0	0	1	0
Chr2	2015000	2016000	rDNA	0	0	0	0	0	0
Chr2	2017000	2018000	rDNA	0	0	0	1	1	1
Chr2	2018000	2019000	rDNA	0	0	0	0	0	0
Chr2	2019000	2020000	rDNA	0	0	0	0	0	0
Chr2	2020000	2021000	rDNA	0	0	1	0	0	0
Chr2	2021000	2022000	rDNA	0	0	0	0	0	0
Chr2	2022000	2023000	rDNA	0	0	0	0	0	1
Chr2	2024000	2025000	rDNA	0	0	0	0	0	0
Chr2	2025000	2026000	rDNA	0	0	1	0	0	0
Chr2	2027000	2028000	rDNA	0	0	0	0	1	0
Chr2	2028000	2029000	rDNA	0	0	0	0	0	0
Chr2	2029000	2030000	rDNA	0	0	1	0	0	0
Chr2	2031000	2032000	rDNA	0	0	0	0	1	0
Chr2	2032000	2033000	rDNA	0	0	0	1	1	0
Chr2	2034000	2035000	rDNA	0	0	0	0	0	0
Chr2	2035000	2036000	rDNA	0	0	1	0	0	0
Chr2	2037000	2038000	rDNA	0	0	1	1	0	0
Chr2	2038000	2039000	rDNA	0	0	0	0	0	0
Chr2	2039000	2040000	rDNA	0	0	1	0	0	0
Chr2	2041000	2042000	rDNA	0	0	1	1	0	0
Chr2	2042000	2043000	rDNA	0	0	0	0	0	1
Chr2	2043000	2044000	rDNA	0	0	0	0	0	0
Chr2	2044000	2045000	rDNA	0	0	0	0	0	0
Chr2	2045000	2046000	rDNA	0	0	0	0	0	0
Chr2	2047000	2048000	rDNA	0	0	0	0	0	0
Chr2	2048000	2049000	rDNA	0	0	0	0	0	0
Chr2	2049000	2050000	rDNA	0	0	1	0	0	0
Chr2	2051000	2052000	rDNA	0	0	1	0	0	1
Chr2	2052000	2053000	rDNA	0	0	0	0	0	1
Chr2	2053000	2054000	rDNA	0	0	0	0	0	0
Chr2	2055000	2056000	rDNA	0	0	0	0	0	0
Chr2	2056000	2057000	rDNA	0	0	0	1	0	0
Chr2	2057000	2058000	rDNA	0	0	0	1	1	0
Chr2	2059000	2060000	rDNA	0	0	1	1	1	1
Chr2	2060000	2061000	rDNA	0	0	1	0	0	0
Chr2	2061000	2062000	rDNA	0	0	0	0	0	0
Chr2	2062000	2063000	rDNA	0	0	0	0	0	0
Chr2	2064000	2065000	rDNA	0	0	0	1	1	1
Chr2	2066000	2067000	rDNA	0	0	1	0	0	0
Chr2	2067000	2068000	rDNA	0	0	0	1	1	0
Chr2	2069000	2070000	rDNA	0	0	1	0	0	0
Chr2	2070000	2071000	rDNA	0	0	1	0	0	0
Chr2	2071000	2072000	rDNA	0	0	0	0	0	1
Chr2	2072000	2073000	rDNA	0	0	0	1	1	0
Chr2	2074000	2075000	rDNA	0	0	0	0	0	0
Chr2	2076000	2077000	rDNA	0	0	0	0	0	0
Chr2	2077000	2078000	rDNA	0	0	0	0	0	0
Chr2	2078000	2079000	rDNA	0	0	0	0	0	0
Chr2	2079000	2080000	rDNA	0	0	0	0	0	0
Chr2	2080000	2081000	rDNA	0	0	1	0	0	0
Chr2	2081000	2082000	rDNA	0	0	1	1	1	0
Chr2	2082000	2083000	rDNA	0	0	0	0	1	0
Chr2	2083000	2084000	rDNA	0	0	0	0	0	0
Chr2	2084000	2085000	rDNA	0	0	0	0	0	0
Chr2	2085000	2086000	rDNA	0	0	1	0	0	1
Chr2	2088000	2089000	rDNA	0	0	0	1	0	0
Chr2	2092000	2093000	rDNA	0	0	0	0	0	1
Chr2	2093000	2094000	rDNA	0	0	0	0	0	0
Chr2	2094000	2095000	rDNA	0	0	0	1	1	0
Chr2	2095000	2096000	rDNA	0	0	0	0	0	0
Chr2	2097000	2098000	rDNA	0	0	0	1	1	1
Chr2	2098000	2099000	rDNA	0	0	0	1	1	0
Chr2	2099000	2100000	rDNA	0	0	1	1	1	0
Chr2	2101000	2102000	rDNA	0	0	0	1	1	1
Chr2	2102000	2103000	rDNA	0	0	0	0	0	1
Chr2	2103000	2104000	rDNA	0	0	0	0	0	0
Chr2	2104000	2105000	rDNA	0	0	0	0	0	0
Chr2	2105000	2106000	rDNA	0	0	0	0	0	0
Chr2	2106000	2107000	rDNA	0	0	0	1	0	1
Chr2	2107000	2108000	rDNA	0	0	0	0	1	1
Chr2	2110000	2111000	rDNA	0	0	1	0	0	0
Chr2	2111000	2112000	rDNA	0	0	0	0	1	0
Chr2	2112000	2113000	rDNA	0	0	0	1	1	0
Chr2	2113000	2114000	rDNA	0	0	0	1	0	0
Chr2	2114000	2115000	rDNA	0	0	1	0	0	0
Chr2	2117000	2118000	rDNA	0	0	0	0	0	0
Chr2	2118000	2119000	rDNA	0	0	0	0	0	0
Chr2	2119000	2120000	rDNA	0	0	1	0	0	0
Chr2	2121000	2122000	rDNA	0	0	0	1	1	0
Chr2	2122000	2123000	rDNA	0	0	0	1	0	0
Chr2	2123000	2124000	rDNA	0	0	0	0	0	0
Chr2	2124000	2125000	rDNA	0	0	0	0	0	1
Chr2	2125000	2126000	rDNA	0	0	0	1	1	0
Chr2	2126000	2127000	rDNA	0	0	1	0	1	0
Chr2	2127000	2128000	rDNA	0	0	0	0	0	0
Chr2	2128000	2129000	rDNA	0	0	0	0	0	0
Chr2	2129000	2130000	rDNA	0	0	1	0	0	0
Chr2	2130000	2131000	rDNA	0	0	1	0	0	0
Chr2	2131000	2132000	rDNA	0	0	0	0	0	0
Chr2	2132000	2133000	rDNA	0	0	0	1	1	0
Chr2	2134000	2135000	rDNA	0	0	0	0	0	0
Chr2	2136000	2137000	rDNA	0	0	0	1	0	1
Chr2	2137000	2138000	rDNA	0	0	0	1	1	0
Chr2	2141000	2142000	rDNA	0	0	0	1	0	0
Chr2	2142000	2143000	rDNA	0	0	0	0	1	0
Chr2	2143000	2144000	rDNA	0	0	0	0	0	0
Chr2	2144000	2145000	rDNA	0	0	0	0	0	1
Chr2	2145000	2146000	rDNA	0	0	0	0	0	1
Chr2	2147000	2148000	rDNA	0	0	1	0	1	0
Chr2	2148000	2149000	rDNA	0	0	0	0	0	0
Chr2	2150000	2151000	rDNA	0	0	1	0	0	1
Chr2	2152000	2153000	rDNA	0	0	1	0	0	0
Chr2	2153000	2154000	rDNA	0	0	0	0	0	0
Chr2	2154000	2155000	rDNA	0	0	0	0	0	0
Chr2	2155000	2156000	rDNA	0	0	0	1	1	1
Chr2	2157000	2158000	rDNA	0	0	1	0	0	0
Chr2	2158000	2159000	rDNA	0	0	0	0	0	0
Chr2	2159000	2160000	rDNA	0	0	1	0	0	0
Chr2	2160000	2161000	rDNA	0	0	0	0	0	0
Chr2	2161000	2162000	rDNA	0	0	1	0	0	0
Chr2	2162000	2163000	rDNA	0	0	0	1	1	0
Chr2	2163000	2164000	rDNA	0	0	0	1	1	0
Chr2	2164000	2165000	rDNA	0	0	0	0	0	1
Chr2	2165000	2166000	rDNA	0	0	0	0	0	0
Chr2	2168000	2169000	rDNA	0	0	0	0	0	0
Chr2	2169000	2170000	rDNA	0	0	0	0	0	0
Chr2	2170000	2171000	rDNA	0	0	0	1	1	0
Chr2	2171000	2172000	rDNA	0	0	0	0	0	0
Chr2	2172000	2173000	rDNA	0	0	1	1	1	0
Chr2	2173000	2174000	rDNA	0	0	0	0	0	1
Chr2	2174000	2175000	rDNA	0	0	0	1	0	0
Chr2	2175000	2176000	rDNA	0	0	0	0	0	1
Chr2	2176000	2177000	rDNA	0	0	0	0	1	1
Chr2	2179000	2180000	rDNA	0	0	0	0	1	0
Chr2	2183000	2184000	rDNA	0	0	0	1	0	0
Chr2	2184000	2185000	rDNA	0	0	0	1	1	0
Chr2	2185000	2186000	rDNA	0	0	0	0	0	0
Chr2	2186000	2187000	rDNA	0	0	0	0	0	0
Chr2	2187000	2188000	rDNA	0	0	0	0	0	0
Chr2	2189000	2190000	rDNA	0	0	0	0	0	1
Chr2	2190000	2191000	rDNA	0	0	0	0	1	0
Chr2	2192000	2193000	rDNA	0	0	1	0	0	1
Chr2	2193000	2194000	rDNA	0	0	1	1	1	1
Chr2	2194000	2195000	rDNA	0	0	0	0	0	0
Chr2	2195000	2196000	rDNA	0	0	0	0	0	1
Chr2	2196000	2197000	rDNA	0	0	0	1	1	1
Chr2	2197000	2198000	rDNA	0	0	0	1	1	1
Chr2	2198000	2199000	rDNA	0	0	0	0	0	0
Chr2	2199000	2200000	rDNA	0	0	0	0	0	0
Chr2	2201000	2202000	rDNA	0	0	0	0	0	0
Chr2	2203000	2204000	rDNA	0	0	0	0	0	1
Chr2	2204000	2205000	rDNA	0	0	0	0	0	0
Chr2	2206000	2207000	rDNA	0	0	0	0	0	1
Chr2	2207000	2208000	rDNA	0	0	1	1	1	0
Chr2	2208000	2209000	rDNA	0	0	1	0	0	0
Chr2	2209000	2210000	rDNA	0	0	0	0	0	0
Chr2	2210000	2211000	rDNA	0	0	0	1	1	0
Chr2	2211000	2212000	rDNA	0	0	1	1	0	0
Chr2	2213000	2214000	rDNA	0	0	0	0	0	1
Chr2	2214000	2215000	rDNA	0	0	0	0	0	0
Chr2	2215000	2216000	rDNA	0	0	0	1	1	0
Chr2	2216000	2217000	rDNA	0	0	0	1	1	1
Chr2	2217000	2218000	rDNA	0	0	0	0	0	1
Chr2	2218000	2219000	rDNA	0	0	0	0	0	0
Chr2	2220000	2221000	rDNA	0	0	1	0	0	0
Chr2	2222000	2223000	rDNA	0	0	0	0	0	0
Chr2	2223000	2224000	rDNA	0	0	0	0	0	0
Chr2	2224000	2225000	rDNA	0	0	0	0	0	0
Chr2	2225000	2226000	rDNA	0	0	0	0	0	0
Chr2	2226000	2227000	rDNA	0	0	0	0	1	1
Chr2	2227000	2228000	rDNA	0	0	0	0	1	0
Chr2	2228000	2229000	rDNA	0	0	0	0	1	0
Chr2	2235000	2236000	rDNA	0	0	0	0	0	1
Chr2	2236000	2237000	rDNA	0	0	0	0	0	0
Chr2	2237000	2238000	rDNA	0	0	0	1	0	0
Chr2	2239000	2240000	rDNA	0	0	0	0	0	0
Chr2	2240000	2241000	rDNA	0	0	1	0	1	0
Chr2	2241000	2242000	rDNA	0	0	0	1	0	1
Chr2	2242000	2243000	rDNA	0	0	0	1	1	0
Chr2	2243000	2244000	rDNA	0	0	0	0	0	0
Chr2	2244000	2245000	rDNA	0	0	0	0	0	0
Chr2	2245000	2246000	rDNA	0	0	0	0	0	0
Chr2	2246000	2247000	rDNA	0	0	0	1	1	0
Chr2	2247000	2248000	rDNA	0	0	0	0	0	0
Chr2	2248000	2249000	rDNA	0	0	1	0	0	0
Chr2	2250000	2251000	rDNA	0	0	0	0	0	1
Chr2	2251000	2252000	rDNA	0	0	0	0	1	0
Chr2	2252000	2253000	rDNA	0	0	0	0	0	0
Chr2	2253000	2254000	rDNA	0	0	0	0	0	0
Chr2	2254000	2255000	rDNA	0	0	1	0	0	0
Chr2	2255000	2256000	rDNA	0	0	0	0	0	0
Chr2	2256000	2257000	rDNA	0	0	1	0	0	0
Chr2	2257000	2258000	rDNA	0	0	0	0	0	0
Chr2	2259000	2260000	rDNA	0	0	0	0	0	0
Chr2	2260000	2261000	rDNA	0	0	0	0	0	0
Chr2	2261000	2262000	rDNA	0	0	0	0	0	1
Chr2	2262000	2263000	rDNA	0	0	0	0	0	0
Chr2	2263000	2264000	rDNA	0	0	1	0	0	0
Chr2	2264000	2265000	rDNA	0	0	0	1	1	0
Chr2	2265000	2266000	rDNA	0	0	0	1	1	0
Chr2	2268000	2269000	rDNA	0	0	0	1	0	0
Chr2	2269000	2270000	rDNA	0	0	0	0	0	0
Chr2	2270000	2271000	rDNA	0	0	0	0	0	1
Chr2	2271000	2272000	rDNA	0	0	0	1	1	0
Chr2	2272000	2273000	rDNA	0	0	0	0	0	0
Chr2	2273000	2274000	rDNA	0	0	0	0	1	0
Chr2	2274000	2275000	rDNA	0	0	0	0	0	0
Chr2	2277000	2278000	rDNA	0	0	1	0	0	1
Chr2	2278000	2279000	rDNA	0	0	0	1	1	1
Chr2	2279000	2280000	rDNA	0	0	0	0	0	1
Chr2	2281000	2282000	rDNA	0	0	0	1	1	1
Chr2	2282000	2283000	rDNA	0	0	0	0	0	0
Chr2	2283000	2284000	rDNA	0	0	0	0	0	0
Chr2	2285000	2286000	rDNA	0	0	1	1	0	1
Chr2	2287000	2288000	rDNA	0	0	0	0	0	1
Chr2	2288000	2289000	rDNA	0	0	0	0	0	0
Chr2	2289000	2290000	rDNA	0	0	0	0	0	1
Chr2	2290000	2291000	rDNA	0	0	0	1	0	0
Chr2	2291000	2292000	rDNA	0	0	0	0	0	1
Chr2	2292000	2293000	rDNA	0	0	1	1	0	1
Chr2	2293000	2294000	rDNA	0	0	0	0	0	0
Chr2	2295000	2296000	rDNA	0	0	1	1	1	0
Chr2	2296000	2297000	rDNA	0	0	1	0	1	0
Chr2	2297000	2298000	rDNA	0	0	0	1	0	0
Chr2	2298000	2299000	rDNA	0	0	0	1	1	0
Chr2	2300000	2301000	rDNA	0	0	0	0	0	0
Chr2	2301000	2302000	rDNA	0	0	0	0	0	0
Chr2	2302000	2303000	rDNA	0	0	0	0	0	0
Chr2	2303000	2304000	rDNA	0	0	0	1	1	0
Chr2	2304000	2305000	rDNA	0	0	1	0	0	0
Chr2	2305000	2306000	rDNA	0	0	1	0	1	0
Chr2	2306000	2307000	rDNA	0	0	0	0	0	0
Chr2	2307000	2308000	rDNA	0	0	0	1	1	0
Chr2	2308000	2309000	rDNA	0	0	0	0	1	0
Chr2	2309000	2310000	rDNA	0	0	0	0	0	0
Chr2	2310000	2311000	rDNA	0	0	0	0	0	1
Chr2	2311000	2312000	rDNA	0	0	0	1	0	0
Chr2	2312000	2313000	rDNA	0	0	0	0	0	0
Chr2	2313000	2314000	rDNA	0	0	0	1	0	0
Chr2	2314000	2315000	rDNA	0	0	1	0	0	0
Chr2	2315000	2316000	rDNA	0	0	1	0	0	0
Chr2	2316000	2317000	rDNA	0	0	0	1	1	0
Chr2	2317000	2318000	rDNA	0	0	0	0	0	0
Chr2	2319000	2320000	rDNA	0	0	0	0	0	1
Chr2	2320000	2321000	rDNA	0	0	1	0	0	1
Chr2	2321000	2322000	rDNA	0	0	0	1	0	0
Chr2	2323000	2324000	rDNA	0	0	1	0	1	0
Chr2	2325000	2326000	rDNA	0	0	0	1	0	0
Chr2	2326000	2327000	rDNA	0	0	0	0	0	0
Chr2	2327000	2328000	rDNA	0	0	0	0	1	1
Chr2	2328000	2329000	rDNA	0	0	0	1	1	0
Chr2	2330000	2331000	rDNA	0	0	0	1	1	0
Chr2	2331000	2332000	rDNA	0	0	0	1	1	0
Chr2	2332000	2333000	rDNA	0	0	0	0	1	0
Chr2	2333000	2334000	rDNA	0	0	1	0	0	1
Chr2	2334000	2335000	rDNA	0	0	0	0	0	1
Chr2	2335000	2336000	rDNA	0	0	0	1	1	0
Chr2	2336000	2337000	rDNA	0	0	0	0	0	0
Chr2	2337000	2338000	rDNA	0	0	0	0	0	0
Chr2	2338000	2339000	rDNA	0	0	0	0	0	0
Chr2	2339000	2340000	rDNA	0	0	0	0	0	0
Chr2	2340000	2341000	rDNA	0	0	0	0	0	0
Chr2	2342000	2343000	rDNA	0	0	1	0	0	0
Chr2	2343000	2344000	rDNA	0	0	1	0	0	0
Chr2	2344000	2345000	rDNA	0	0	0	1	1	0
Chr2	2345000	2346000	rDNA	0	0	0	1	1	1
Chr2	2347000	2348000	rDNA	0	0	0	0	0	1
Chr2	2348000	2349000	rDNA	0	0	0	1	1	0
Chr2	2349000	2350000	rDNA	0	0	0	0	0	0
Chr2	2350000	2351000	rDNA	0	0	1	1	0	0
Chr2	2351000	2352000	rDNA	0	0	1	1	0	0
Chr2	2352000	2353000	rDNA	0	0	1	0	0	0
Chr2	2353000	2354000	rDNA	0	0	0	0	1	0
Chr2	2354000	2355000	rDNA	0	0	0	0	0	0
Chr2	2355000	2356000	rDNA	0	0	0	0	0	0
Chr2	2356000	2357000	rDNA	0	0	0	0	0	1
Chr2	2357000	2358000	rDNA	0	0	1	0	0	0
Chr2	2358000	2359000	rDNA	0	0	1	0	0	0
Chr2	2360000	2361000	rDNA	0	0	0	0	0	0
Chr2	2361000	2362000	rDNA	0	0	0	0	1	0
Chr2	2362000	2363000	rDNA	0	0	1	0	0	0
Chr2	2364000	2365000	rDNA	0	0	0	0	1	0
Chr2	2365000	2366000	rDNA	0	0	0	0	0	0
Chr2	2366000	2367000	rDNA	0	0	0	1	1	0
Chr2	2368000	2369000	rDNA	0	0	0	0	0	1
Chr2	2370000	2371000	rDNA	0	0	0	0	1	0
Chr2	2371000	2372000	rDNA	0	0	0	1	1	0
Chr2	2372000	2373000	rDNA	0	0	1	0	0	0
Chr2	2373000	2374000	rDNA	0	0	1	0	0	0
Chr2	2374000	2375000	rDNA	0	0	1	1	1	1
Chr2	2375000	2376000	rDNA	0	0	0	0	0	0
Chr2	2376000	2377000	rDNA	0	0	0	0	0	0
Chr2	2377000	2378000	rDNA	0	0	0	1	1	0
Chr2	2378000	2379000	rDNA	0	0	0	0	0	0
Chr2	2379000	2380000	rDNA	0	0	1	0	0	1
Chr2	2380000	2381000	rDNA	0	0	1	0	0	0
Chr2	2381000	2382000	rDNA	0	0	0	0	0	0
Chr2	2382000	2383000	rDNA	0	0	0	0	0	1
Chr2	2383000	2384000	rDNA	0	0	0	0	1	1
Chr2	2387000	2388000	rDNA	0	0	0	0	0	0
Chr2	2388000	2389000	rDNA	0	0	0	0	0	0
Chr2	2389000	2390000	rDNA	0	0	0	0	1	0
Chr2	2390000	2391000	rDNA	0	0	0	0	0	1
Chr2	2391000	2392000	rDNA	0	0	0	0	0	0
Chr2	2393000	2394000	rDNA	0	0	0	0	0	0
Chr2	2395000	2396000	rDNA	0	0	0	0	0	0
Chr2	2397000	2398000	rDNA	0	0	0	0	0	1
Chr2	2398000	2399000	rDNA	0	0	0	1	1	0
Chr2	2399000	2400000	rDNA	0	0	0	1	1	0
Chr2	2400000	2401000	rDNA	0	0	0	0	0	0
Chr2	2401000	2402000	rDNA	0	0	0	0	0	0
Chr2	2403000	2404000	rDNA	0	0	1	0	0	0
Chr2	2407000	2408000	rDNA	0	0	0	0	0	0
Chr2	2408000	2409000	rDNA	0	0	0	0	0	0
Chr2	2409000	2410000	rDNA	0	0	0	0	1	1
Chr2	2410000	2411000	rDNA	0	0	0	0	0	0
Chr2	2411000	2412000	rDNA	0	0	0	1	0	1
Chr2	2413000	2414000	rDNA	0	0	1	1	0	0
Chr2	2414000	2415000	rDNA	0	0	0	1	1	0
Chr2	2416000	2417000	rDNA	0	0	0	0	0	0
Chr2	2421000	2422000	rDNA	0	0	0	1	1	0
Chr2	2422000	2423000	rDNA	0	0	0	0	0	1
Chr2	2424000	2425000	rDNA	0	0	0	0	1	0
Chr2	2425000	2426000	rDNA	0	0	0	1	0	0
Chr2	2426000	2427000	rDNA	0	0	0	0	1	0
Chr2	2428000	2429000	rDNA	0	0	0	0	1	0
Chr2	2429000	2430000	rDNA	0	0	0	0	1	0
Chr2	2430000	2431000	rDNA	0	0	0	0	0	0
Chr2	2431000	2432000	rDNA	0	0	0	0	0	1
Chr2	2432000	2433000	rDNA	0	0	0	0	1	1
Chr2	2434000	2435000	rDNA	0	0	0	0	0	0
Chr2	2435000	2436000	rDNA	0	0	0	0	0	0
Chr2	2437000	2438000	rDNA	0	0	0	0	0	1
Chr2	2438000	2439000	rDNA	0	0	1	0	1	0
Chr2	2439000	2440000	rDNA	0	0	0	0	0	0
Chr2	2440000	2441000	rDNA	0	0	0	1	0	0
Chr2	2441000	2442000	rDNA	0	0	0	0	0	0
Chr2	2442000	2443000	rDNA	0	0	0	1	1	0
Chr2	2445000	2446000	rDNA	0	0	0	1	1	0
Chr2	2446000	2447000	rDNA	0	0	0	0	0	0
Chr2	2447000	2448000	rDNA	0	0	0	1	0	0
Chr2	2449000	2450000	rDNA	0	0	0	1	0	0
Chr2	2450000	2451000	rDNA	0	0	0	1	1	0
Chr2	2451000	2452000	rDNA	0	0	0	0	0	0
Chr2	2452000	2453000	rDNA	0	0	0	0	0	0
Chr2	2453000	2454000	rDNA	0	0	0	0	0	1
Chr2	2455000	2456000	rDNA	0	0	0	1	0	1
Chr2	2456000	2457000	rDNA	0	0	0	0	0	0
Chr2	2460000	2461000	rDNA	0	0	0	0	0	0
Chr2	2461000	2462000	rDNA	0	0	0	1	1	0
Chr2	2463000	2464000	rDNA	0	0	0	1	1	0
Chr2	2465000	2466000	rDNA	0	0	0	0	0	0
Chr2	2466000	2467000	rDNA	0	0	0	0	0	0
Chr2	2468000	2469000	rDNA	0	0	0	0	0	0
Chr2	2470000	2471000	rDNA	0	0	0	0	0	0
Chr2	2471000	2472000	rDNA	0	0	0	0	0	0
Chr2	2472000	2473000	rDNA	0	0	0	0	0	0
Chr2	2473000	2474000	rDNA	0	0	0	0	0	0
Chr2	2474000	2475000	rDNA	0	0	0	0	0	0
Chr2	2476000	2477000	rDNA	0	0	0	0	0	0
Chr2	2477000	2478000	rDNA	0	0	0	0	0	0
Chr2	2481000	2482000	rDNA	0	0	0	0	0	0
Chr2	2482000	2483000	rDNA	0	0	0	0	0	0
Chr2	2483000	2484000	rDNA	0	0	0	0	0	1
Chr2	2484000	2485000	rDNA	0	0	0	0	0	0
Chr2	2486000	2487000	rDNA	0	0	0	0	0	0
Chr2	2487000	2488000	rDNA	0	0	0	0	0	0
Chr2	2489000	2490000	rDNA	0	0	0	0	0	0
Chr2	2490000	2491000	rDNA	0	0	1	0	0	0
Chr2	2491000	2492000	rDNA	0	0	0	0	0	1
Chr2	2492000	2493000	rDNA	0	0	0	0	0	0
Chr2	2493000	2494000	rDNA	0	0	0	1	0	0
Chr2	2494000	2495000	rDNA	0	0	0	0	0	1
Chr2	2496000	2497000	rDNA	0	0	0	1	1	0
Chr2	2497000	2498000	rDNA	0	0	0	0	1	0
Chr2	2498000	2499000	rDNA	0	0	1	0	1	0
Chr2	2500000	2501000	rDNA	0	0	0	0	0	1
Chr2	2501000	2502000	rDNA	0	0	0	1	0	0
Chr2	2502000	2503000	rDNA	0	0	0	0	1	0
Chr2	2503000	2504000	rDNA	0	0	0	0	0	1
Chr2	2504000	2505000	rDNA	0	0	0	0	0	0
Chr2	2505000	2506000	rDNA	0	0	0	1	1	0
Chr2	2506000	2507000	rDNA	0	0	0	1	1	0
Chr2	2507000	2508000	rDNA	0	0	0	1	0	0
Chr2	2508000	2509000	rDNA	0	0	1	0	0	0
Chr2	2509000	2510000	rDNA	0	0	1	0	0	0
Chr2	2510000	2511000	rDNA	0	0	0	0	0	1
Chr2	2511000	2512000	rDNA	0	0	0	1	1	0
Chr2	2513000	2514000	rDNA	0	0	0	0	0	0
Chr2	2515000	2516000	rDNA	0	0	0	0	1	0
Chr2	2516000	2517000	rDNA	0	0	0	0	1	0
Chr2	2517000	2518000	rDNA	0	0	1	0	1	0
Chr2	2518000	2519000	rDNA	0	0	0	1	1	1
Chr2	2520000	2521000	rDNA	0	0	0	0	0	0
Chr2	2521000	2522000	rDNA	0	0	0	0	0	0
Chr2	2522000	2523000	rDNA	0	0	0	1	0	1
Chr2	2523000	2524000	rDNA	0	0	0	0	0	0
Chr2	2524000	2525000	rDNA	0	0	0	0	0	0
Chr2	2526000	2527000	rDNA	0	0	0	0	0	1
Chr2	2527000	2528000	rDNA	0	0	0	1	0	1
Chr2	2530000	2531000	rDNA	0	0	1	0	0	1
Chr2	2531000	2532000	rDNA	0	0	0	1	0	0
Chr2	2532000	2533000	rDNA	0	0	0	1	0	0
Chr2	2533000	2534000	rDNA	0	0	0	0	0	0
Chr2	2534000	2535000	rDNA	0	0	0	1	0	1
Chr2	2536000	2537000	rDNA	0	0	0	1	0	0
Chr2	2537000	2538000	rDNA	0	0	0	1	0	0
Chr2	2538000	2539000	rDNA	0	0	0	0	0	0
Chr2	2539000	2540000	rDNA	0	0	0	0	0	0
Chr2	2541000	2542000	rDNA	0	0	0	0	0	0
Chr2	2542000	2543000	rDNA	0	0	0	0	0	1
Chr2	2543000	2544000	rDNA	0	0	0	0	0	1
Chr2	2544000	2545000	rDNA	0	0	0	1	0	0
Chr2	2547000	2548000	rDNA	0	0	1	0	0	1
Chr2	2548000	2549000	rDNA	0	0	0	0	0	0
Chr2	2549000	2550000	rDNA	0	0	0	1	0	0
Chr2	2551000	2552000	rDNA	0	0	1	0	0	0
Chr2	2552000	2553000	rDNA	0	0	0	0	0	0
Chr2	2553000	2554000	rDNA	0	0	0	0	0	0
Chr2	2554000	2555000	rDNA	0	0	0	0	0	1
Chr2	2555000	2556000	rDNA	0	0	0	1	0	0
Chr2	2558000	2559000	rDNA	0	0	0	1	1	1
Chr2	2559000	2560000	rDNA	0	0	0	0	0	0
Chr2	2560000	2561000	rDNA	0	0	0	0	0	0
Chr2	2562000	2563000	rDNA	0	0	0	1	1	0
Chr2	2563000	2564000	rDNA	0	0	0	0	0	1
Chr2	2564000	2565000	rDNA	0	0	0	0	0	1
Chr2	2565000	2566000	rDNA	0	0	0	1	1	0
Chr2	2566000	2567000	rDNA	0	0	1	0	0	0
Chr2	2567000	2568000	rDNA	0	0	1	1	1	0
Chr2	2568000	2569000	rDNA	0	0	0	0	1	0
Chr2	2571000	2572000	rDNA	0	0	0	0	0	0
Chr2	2572000	2573000	rDNA	0	0	0	1	0	0
Chr2	2573000	2574000	rDNA	0	0	0	1	0	0
Chr2	2575000	2576000	rDNA	0	0	0	0	0	0
Chr2	2576000	2577000	rDNA	0	0	0	1	0	0
Chr2	2577000	2578000	rDNA	0	0	1	0	0	0
Chr2	2578000	2579000	rDNA	0	0	0	1	0	0
Chr2	2580000	2581000	rDNA	0	0	0	0	1	0
Chr2	2585000	2586000	rDNA	0	0	0	0	0	0
Chr2	2587000	2588000	rDNA	0	0	0	1	0	0
Chr2	2588000	2589000	rDNA	0	0	0	1	0	0
Chr2	2589000	2590000	rDNA	0	0	0	1	0	0
Chr2	2591000	2592000	rDNA	0	0	1	0	0	0
Chr2	2592000	2593000	rDNA	0	0	0	0	0	0
Chr2	2593000	2594000	rDNA	0	0	0	0	1	0
Chr2	2594000	2595000	rDNA	0	0	0	0	0	0
Chr2	2595000	2596000	rDNA	0	0	0	1	0	1
Chr2	2597000	2598000	rDNA	0	0	1	0	0	0
Chr2	2598000	2599000	rDNA	0	0	0	0	0	0
Chr2	2601000	2602000	rDNA	0	0	1	0	0	1
Chr2	2602000	2603000	rDNA	0	0	0	1	1	0
Chr2	2603000	2604000	rDNA	0	0	0	1	1	0
Chr2	2605000	2606000	rDNA	0	0	0	0	0	1
Chr2	2606000	2607000	rDNA	0	0	0	1	1	0
Chr2	2608000	2609000	rDNA	0	0	1	0	0	0
Chr2	2609000	2610000	rDNA	0	0	0	0	1	0
Chr2	2610000	2611000	rDNA	0	0	1	1	1	0
Chr2	2612000	2613000	rDNA	0	0	1	0	0	0
Chr2	2613000	2614000	rDNA	0	0	0	1	1	1
Chr2	2614000	2615000	rDNA	0	0	0	1	1	0
Chr2	2615000	2616000	rDNA	0	0	0	1	0	0
Chr2	2616000	2617000	rDNA	0	0	0	0	1	0
Chr2	2617000	2618000	rDNA	0	0	0	0	0	0
Chr2	2618000	2619000	rDNA	0	0	0	1	1	0
Chr2	2622000	2623000	rDNA	0	0	0	0	0	1
Chr2	2623000	2624000	rDNA	0	0	0	0	1	0
Chr2	2624000	2625000	rDNA	0	0	0	1	1	0
Chr2	2625000	2626000	rDNA	0	0	0	0	0	0
Chr2	2626000	2627000	rDNA	0	0	0	0	0	1
Chr2	2628000	2629000	rDNA	0	0	0	0	1	0
Chr2	2629000	2630000	rDNA	0	0	0	0	0	1
Chr2	2630000	2631000	rDNA	0	0	1	0	0	1
Chr2	2632000	2633000	rDNA	0	0	0	1	1	0
Chr2	2633000	2634000	rDNA	0	0	0	0	0	0
Chr2	2634000	2635000	rDNA	0	0	0	0	0	1
Chr2	2635000	2636000	rDNA	0	0	0	0	0	1
Chr2	2636000	2637000	rDNA	0	0	0	1	1	0
Chr2	2637000	2638000	rDNA	0	0	0	1	1	0
Chr2	2638000	2639000	rDNA	0	0	0	0	1	0
Chr2	2639000	2640000	rDNA	0	0	0	1	1	0
Chr2	2641000	2642000	rDNA	0	0	0	0	0	0
Chr2	2642000	2643000	rDNA	0	0	1	1	0	0
Chr2	2643000	2644000	rDNA	0	0	0	1	1	0
Chr2	2644000	2645000	rDNA	0	0	0	0	1	0
Chr2	2645000	2646000	rDNA	0	0	0	0	0	0
Chr2	2646000	2647000	rDNA	0	0	0	0	0	0
Chr2	2649000	2650000	rDNA	0	0	0	0	0	0
Chr2	2650000	2651000	rDNA	0	0	0	1	0	0
Chr2	2651000	2652000	rDNA	0	0	1	0	1	0
Chr2	2653000	2654000	rDNA	0	0	0	0	0	1
Chr2	2654000	2655000	rDNA	0	0	0	0	0	0
Chr2	2655000	2656000	rDNA	0	0	0	0	0	0
Chr2	2656000	2657000	rDNA	0	0	0	0	0	0
Chr2	2657000	2658000	rDNA	0	0	0	0	0	0
Chr2	2659000	2660000	rDNA	0	0	0	0	1	0
Chr2	2660000	2661000	rDNA	0	0	0	0	0	0
Chr2	2664000	2665000	rDNA	0	0	0	0	0	0
Chr2	2665000	2666000	rDNA	0	0	0	0	1	0
Chr2	2666000	2667000	rDNA	0	0	0	0	0	0
Chr2	2667000	2668000	rDNA	0	0	0	0	0	0
Chr2	2670000	2671000	rDNA	0	0	0	1	1	0
Chr2	2671000	2672000	rDNA	0	0	0	1	1	0
Chr2	2674000	2675000	rDNA	0	0	1	0	0	0
Chr2	2675000	2676000	rDNA	0	0	0	0	1	1
Chr2	2676000	2677000	rDNA	0	0	0	0	0	0
Chr2	2678000	2679000	rDNA	0	0	0	0	0	1
Chr2	2681000	2682000	rDNA	0	0	0	0	0	1
Chr2	2682000	2683000	rDNA	0	0	0	0	0	0
Chr2	2683000	2684000	rDNA	0	0	1	1	1	0
Chr2	2685000	2686000	rDNA	0	0	0	0	0	0
Chr2	2686000	2687000	rDNA	0	0	0	1	1	0
Chr2	2687000	2688000	rDNA	0	0	0	0	0	0
Chr2	2688000	2689000	rDNA	0	0	0	0	0	0
Chr2	2689000	2690000	rDNA	0	0	0	0	0	1
Chr2	2691000	2692000	rDNA	0	0	0	0	0	1
Chr2	2692000	2693000	rDNA	0	0	0	0	0	0
Chr2	2693000	2694000	rDNA	0	0	1	0	0	0
Chr2	2695000	2696000	rDNA	0	0	1	0	0	0
Chr2	2696000	2697000	rDNA	0	0	0	0	0	1
Chr2	2697000	2698000	rDNA	0	0	0	0	1	1
Chr2	2699000	2700000	rDNA	0	0	0	0	0	0
Chr2	2701000	2702000	rDNA	0	0	1	1	0	0
Chr2	2702000	2703000	rDNA	0	0	0	0	0	0
Chr2	2703000	2704000	rDNA	0	0	0	0	0	0
Chr2	2704000	2705000	rDNA	0	0	1	0	1	0
Chr2	2705000	2706000	rDNA	0	0	0	0	0	0
Chr2	2706000	2707000	rDNA	0	0	0	0	1	0
Chr2	2707000	2708000	rDNA	0	0	0	1	1	0
Chr2	2709000	2710000	rDNA	0	0	0	0	1	1
Chr2	2711000	2712000	rDNA	0	0	0	0	0	0
Chr2	2712000	2713000	rDNA	0	0	0	0	0	0
Chr2	2714000	2715000	rDNA	0	0	1	1	1	1
Chr2	2715000	2716000	rDNA	0	0	1	0	0	0
Chr2	2716000	2717000	rDNA	0	0	0	0	0	0
Chr2	2717000	2718000	rDNA	0	0	0	0	0	0
Chr2	2718000	2719000	rDNA	0	0	0	0	0	0
Chr2	2719000	2720000	rDNA	0	0	0	0	0	1
Chr2	2722000	2723000	rDNA	0	0	1	0	0	0
Chr2	2723000	2724000	rDNA	0	0	0	1	0	0
Chr2	2724000	2725000	rDNA	0	0	1	0	0	1
Chr2	2726000	2727000	rDNA	0	0	0	0	0	0
Chr2	2727000	2728000	rDNA	0	0	0	0	0	0
Chr2	2728000	2729000	rDNA	0	0	0	0	0	0
Chr2	2729000	2730000	rDNA	0	0	0	0	0	0
Chr2	2730000	2731000	rDNA	0	0	0	0	0	0
Chr2	2731000	2732000	rDNA	0	0	0	0	0	0
Chr2	2732000	2733000	rDNA	0	0	0	1	1	0
Chr2	2734000	2735000	rDNA	0	0	0	0	0	0
Chr2	2736000	2737000	rDNA	0	0	0	0	1	0
Chr2	2737000	2738000	rDNA	0	0	0	0	1	1
Chr2	2738000	2739000	rDNA	0	0	0	0	0	0
Chr2	2739000	2740000	rDNA	0	0	0	0	1	0
Chr2	2742000	2743000	rDNA	0	0	0	0	1	0
Chr2	2743000	2744000	rDNA	0	0	0	0	0	0
Chr2	2744000	2745000	rDNA	0	0	0	0	0	0
Chr2	2746000	2747000	rDNA	0	0	0	1	1	0
Chr2	2747000	2748000	rDNA	0	0	0	1	1	0
Chr2	2748000	2749000	rDNA	0	0	0	0	0	1
Chr2	2749000	2750000	rDNA	0	0	0	1	1	0
Chr2	2750000	2751000	rDNA	0	0	0	0	0	0
Chr2	2752000	2753000	rDNA	0	0	0	0	0	0
Chr2	2753000	2754000	rDNA	0	0	0	0	0	0
Chr2	2755000	2756000	rDNA	0	0	1	1	1	1
Chr2	2756000	2757000	rDNA	0	0	1	0	0	0
Chr2	2757000	2758000	rDNA	0	0	0	1	0	0
Chr2	2758000	2759000	rDNA	0	0	0	1	1	1
Chr2	2759000	2760000	rDNA	0	0	0	0	1	0
Chr2	2760000	2761000	rDNA	0	0	0	0	0	0
Chr2	2762000	2763000	rDNA	0	0	0	0	0	0
Chr2	2764000	2765000	rDNA	0	0	0	0	0	1
Chr2	2766000	2767000	rDNA	0	0	0	1	1	0
Chr2	2767000	2768000	rDNA	0	0	0	0	0	1
Chr2	2768000	2769000	rDNA	0	0	0	0	0	1
Chr2	2769000	2770000	rDNA	0	0	0	0	1	0
Chr2	2770000	2771000	rDNA	0	0	0	0	0	1
Chr2	2772000	2773000	rDNA	0	0	0	0	0	0
Chr2	2773000	2774000	rDNA	0	0	0	0	0	0
Chr2	2775000	2776000	rDNA	0	0	1	1	1	0
Chr2	2776000	2777000	rDNA	0	0	1	0	0	0
Chr2	2777000	2778000	rDNA	0	0	0	0	0	1
Chr2	2778000	2779000	rDNA	0	0	0	1	1	0
Chr2	2780000	2781000	rDNA	0	0	0	0	0	0
Chr2	2782000	2783000	rDNA	0	0	1	0	0	0
Chr2	2783000	2784000	rDNA	0	0	0	0	1	0
Chr2	2785000	2786000	rDNA	0	0	0	0	0	0
Chr2	2787000	2788000	rDNA	0	0	0	0	0	0
Chr2	2788000	2789000	rDNA	0	0	0	1	1	0
Chr2	2789000	2790000	rDNA	0	0	0	0	0	0
Chr2	2790000	2791000	rDNA	0	0	0	0	0	0
Chr2	2791000	2792000	rDNA	0	0	0	0	0	0
Chr2	2793000	2794000	rDNA	0	0	1	0	0	0
Chr2	2794000	2795000	rDNA	0	0	0	0	0	0
Chr2	2795000	2796000	rDNA	0	0	0	0	0	0
Chr2	2796000	2797000	rDNA	0	0	1	0	1	0
Chr2	2797000	2798000	rDNA	0	0	1	0	0	0
Chr2	2798000	2799000	rDNA	0	0	0	0	0	1
Chr2	2799000	2800000	rDNA	0	0	0	0	0	1
Chr2	2801000	2802000	rDNA	0	0	1	0	0	0
Chr2	2803000	2804000	rDNA	0	0	1	0	0	0
Chr2	2804000	2805000	rDNA	0	0	0	0	0	0
Chr2	2806000	2807000	rDNA	0	0	1	0	0	0
Chr2	2807000	2808000	rDNA	0	0	1	0	0	0
Chr2	2808000	2809000	rDNA	0	0	0	0	0	0
Chr2	2811000	2812000	rDNA	0	0	0	1	1	0
Chr2	2813000	2814000	rDNA	0	0	0	0	0	0
Chr2	2814000	2815000	rDNA	0	0	0	0	0	0
Chr2	2815000	2816000	rDNA	0	0	0	1	1	0
Chr2	2816000	2817000	rDNA	0	0	0	1	0	1
Chr2	2817000	2818000	rDNA	0	0	1	0	0	0
Chr2	2818000	2819000	rDNA	0	0	0	0	1	0
Chr2	2819000	2820000	rDNA	0	0	0	1	1	0
Chr2	2820000	2821000	rDNA	0	0	0	0	0	1
Chr2	2821000	2822000	rDNA	0	0	0	1	0	0
Chr2	2822000	2823000	rDNA	0	0	0	0	0	0
Chr2	2824000	2825000	rDNA	0	0	0	0	0	0
Chr2	2825000	2826000	rDNA	0	0	0	1	1	0
Chr2	2826000	2827000	rDNA	0	0	0	0	0	0
Chr2	2827000	2828000	rDNA	0	0	1	0	0	0
Chr2	2828000	2829000	rDNA	0	0	1	0	0	0
Chr2	2829000	2830000	rDNA	0	0	0	0	0	0
Chr2	2830000	2831000	rDNA	0	0	0	0	0	0
Chr2	2831000	2832000	rDNA	0	0	0	0	0	0
Chr2	2832000	2833000	rDNA	0	0	0	0	0	1
Chr2	2833000	2834000	rDNA	0	0	1	0	0	0
Chr2	2834000	2835000	rDNA	0	0	0	0	0	1
Chr2	2836000	2837000	rDNA	0	0	0	1	0	1
Chr2	2838000	2839000	rDNA	0	0	0	1	1	0
Chr2	2839000	2840000	rDNA	0	0	0	1	1	0
Chr2	2840000	2841000	rDNA	0	0	0	0	0	1
Chr2	2841000	2842000	rDNA	0	0	0	0	0	1
Chr2	2842000	2843000	rDNA	0	0	0	0	0	0
Chr2	2844000	2845000	rDNA	0	0	0	1	1	1
Chr2	2845000	2846000	rDNA	0	0	0	1	1	0
Chr2	2848000	2849000	rDNA	0	0	1	1	1	0
Chr2	2849000	2850000	rDNA	0	0	0	0	0	1
Chr2	2850000	2851000	rDNA	0	0	0	1	1	0
Chr2	2852000	2853000	rDNA	0	0	0	0	0	0
Chr2	2854000	2855000	rDNA	0	0	1	0	0	0
Chr2	2855000	2856000	rDNA	0	0	0	0	0	0
Chr2	2857000	2858000	rDNA	0	0	0	0	0	0
Chr2	2859000	2860000	rDNA	0	0	0	0	1	0
Chr2	2860000	2861000	rDNA	0	0	0	0	0	0
Chr2	2861000	2862000	rDNA	0	0	0	0	0	1
Chr2	2862000	2863000	rDNA	0	0	0	0	0	0
Chr2	2865000	2866000	rDNA	0	0	0	0	0	0
Chr2	2866000	2867000	rDNA	0	0	0	1	0	0
Chr2	2867000	2868000	rDNA	0	0	1	1	0	0
Chr2	2868000	2869000	rDNA	0	0	1	0	0	1
Chr2	2869000	2870000	rDNA	0	0	1	0	0	0
Chr2	2870000	2871000	rDNA	0	0	0	0	0	0
Chr2	2871000	2872000	rDNA	0	0	0	0	0	1
Chr2	2873000	2874000	rDNA	0	0	0	0	0	1
Chr2	2874000	2875000	rDNA	0	0	1	0	0	1
Chr2	2875000	2876000	rDNA	0	0	0	1	1	0
Chr2	2876000	2877000	rDNA	0	0	0	1	1	0
Chr2	2878000	2879000	rDNA	0	0	0	0	0	0
Chr2	2880000	2881000	rDNA	0	0	0	1	1	1
Chr2	2883000	2884000	rDNA	0	0	0	1	0	0
Chr2	2886000	2887000	rDNA	0	0	0	1	0	0
Chr2	2887000	2888000	rDNA	0	0	0	1	0	0
Chr2	2888000	2889000	rDNA	0	0	0	0	0	0
Chr2	2892000	2893000	rDNA	0	0	0	1	1	1
Chr2	2893000	2894000	rDNA	0	0	0	0	0	0
Chr2	2894000	2895000	rDNA	0	0	0	1	1	0
Chr2	2896000	2897000	rDNA	0	0	0	0	0	1
Chr2	2897000	2898000	rDNA	0	0	0	1	0	0
Chr2	2899000	2900000	rDNA	0	0	1	0	0	0
Chr2	2900000	2901000	rDNA	0	0	1	0	0	0
Chr2	2901000	2902000	rDNA	0	0	0	0	0	0
Chr2	2902000	2903000	rDNA	0	0	0	0	1	0
Chr2	2903000	2904000	rDNA	0	0	0	0	0	0
Chr2	2904000	2905000	rDNA	0	0	0	1	1	0
Chr2	2906000	2907000	rDNA	0	0	0	1	1	0
Chr2	2908000	2909000	rDNA	0	0	0	0	0	0
Chr2	2910000	2911000	rDNA	0	0	0	1	1	1
Chr2	2911000	2912000	rDNA	0	0	0	0	0	1
Chr2	2912000	2913000	rDNA	0	0	0	0	0	1
Chr2	2913000	2914000	rDNA	0	0	0	0	0	0
Chr2	2914000	2915000	rDNA	0	0	0	0	0	0
Chr2	2916000	2917000	rDNA	0	0	1	0	0	0
Chr2	2917000	2918000	rDNA	0	0	0	0	1	0
Chr2	2918000	2919000	rDNA	0	0	0	1	0	0
Chr2	2919000	2920000	rDNA	0	0	1	0	0	0
Chr2	2920000	2921000	rDNA	0	0	1	0	0	0
Chr2	2921000	2922000	rDNA	0	0	0	0	0	0
Chr2	2922000	2923000	rDNA	0	0	0	1	1	0
Chr2	2923000	2924000	rDNA	0	0	0	0	0	0
Chr2	2924000	2925000	rDNA	0	0	0	0	0	0
Chr2	2927000	2928000	rDNA	0	0	0	0	0	0
Chr2	2928000	2929000	rDNA	0	0	0	0	0	0
Chr2	2929000	2930000	rDNA	0	0	0	1	1	0
Chr2	2931000	2932000	rDNA	0	0	0	1	1	0
Chr2	2932000	2933000	rDNA	0	0	0	1	0	1
Chr2	2933000	2934000	rDNA	0	0	0	0	0	0
Chr2	2934000	2935000	rDNA	0	0	0	0	0	0
Chr2	2935000	2936000	rDNA	0	0	0	1	0	0
Chr2	2937000	2938000	rDNA	0	0	0	1	0	0
Chr2	2938000	2939000	rDNA	0	0	0	1	0	0
Chr2	2940000	2941000	rDNA	0	0	1	0	0	0
Chr2	2941000	2942000	rDNA	0	0	1	1	0	0
Chr2	2942000	2943000	rDNA	0	0	0	0	0	1
Chr2	2943000	2944000	rDNA	0	0	0	1	1	0
Chr2	2945000	2946000	rDNA	0	0	0	1	1	1
Chr2	2948000	2949000	rDNA	0	0	0	1	1	0
Chr2	2950000	2951000	rDNA	0	0	1	0	0	0
Chr2	2952000	2953000	rDNA	0	0	0	1	1	1
Chr2	2953000	2954000	rDNA	0	0	0	1	1	1
Chr2	2954000	2955000	rDNA	0	0	0	1	1	1
Chr2	2955000	2956000	rDNA	0	0	0	0	1	0
Chr2	2956000	2957000	rDNA	0	0	1	0	0	0
Chr2	2958000	2959000	rDNA	0	0	0	0	0	1
Chr2	2959000	2960000	rDNA	0	0	0	0	0	0
Chr2	2961000	2962000	rDNA	0	0	1	1	1	0
Chr2	2962000	2963000	rDNA	0	0	1	0	0	0
Chr2	2963000	2964000	rDNA	0	0	0	1	0	0
Chr2	2964000	2965000	rDNA	0	0	0	1	1	0
Chr2	2966000	2967000	rDNA	0	0	0	1	0	0
Chr2	2969000	2970000	rDNA	0	0	0	0	0	0
Chr2	2970000	2971000	rDNA	0	0	0	0	1	0
Chr2	2971000	2972000	rDNA	0	0	1	0	1	0
Chr2	2973000	2974000	rDNA	0	0	0	0	0	0
Chr2	2974000	2975000	rDNA	0	0	0	1	0	0
Chr2	2975000	2976000	rDNA	0	0	0	0	0	0
Chr2	2976000	2977000	rDNA	0	0	0	0	0	0
Chr2	2977000	2978000	rDNA	0	0	1	0	0	0
Chr2	2979000	2980000	rDNA	0	0	1	0	0	0
Chr2	2980000	2981000	rDNA	0	0	0	0	0	0
Chr2	2981000	2982000	rDNA	0	0	0	0	0	0
Chr2	2982000	2983000	rDNA	0	0	0	0	0	0
Chr2	2983000	2984000	rDNA	0	0	1	0	0	0
Chr2	2984000	2985000	rDNA	0	0	0	0	0	0
Chr2	2985000	2986000	rDNA	0	0	0	0	0	0
Chr2	2987000	2988000	rDNA	0	0	1	0	0	0
Chr2	2989000	2990000	rDNA	0	0	0	0	0	0
Chr2	2990000	2991000	rDNA	0	0	0	1	0	1
Chr2	2991000	2992000	rDNA	0	0	1	0	0	0
Chr2	2992000	2993000	rDNA	0	0	1	0	0	1
Chr2	2993000	2994000	rDNA	0	0	1	0	0	0
Chr2	2994000	2995000	rDNA	0	0	0	0	1	0
Chr2	2997000	2998000	rDNA	0	0	0	0	0	0
Chr2	2999000	3000000	rDNA	0	0	0	1	0	0
Chr2	3000000	3001000	rDNA	0	0	0	0	0	0
Chr2	3001000	3002000	rDNA	0	0	0	1	0	1
Chr2	3002000	3003000	rDNA	0	0	0	0	0	0
Chr2	3004000	3005000	rDNA	0	0	0	1	1	0
Chr2	3005000	3006000	rDNA	0	0	0	0	1	0
Chr2	3006000	3007000	rDNA	0	0	0	0	0	1
Chr2	3007000	3008000	rDNA	0	0	0	0	1	0
Chr2	3010000	3011000	rDNA	0	0	1	0	1	0
Chr2	3011000	3012000	rDNA	0	0	0	0	0	1
Chr2	3012000	3013000	rDNA	0	0	1	0	0	0
Chr2	3014000	3015000	rDNA	0	0	0	0	0	0
Chr2	3015000	3016000	rDNA	0	0	0	1	1	0
Chr2	3016000	3017000	rDNA	0	0	0	1	1	0
Chr2	3017000	3018000	rDNA	0	0	0	0	0	0
Chr2	3018000	3019000	rDNA	0	0	0	1	1	0
Chr2	3019000	3020000	rDNA	0	0	0	0	0	1
Chr2	3020000	3021000	rDNA	0	0	0	0	0	1
Chr2	3022000	3023000	rDNA	0	0	0	0	0	0
Chr2	3024000	3025000	rDNA	0	0	0	0	1	0
Chr2	3027000	3028000	rDNA	0	0	0	0	0	1
Chr2	3028000	3029000	rDNA	0	0	1	1	0	0
Chr2	3029000	3030000	rDNA	0	0	0	0	0	1
Chr2	3030000	3031000	rDNA	0	0	0	1	1	1
Chr2	3031000	3032000	rDNA	0	0	0	0	0	0
Chr2	3032000	3033000	rDNA	0	0	0	0	0	0
Chr2	3034000	3035000	rDNA	0	0	0	1	0	0
Chr2	3035000	3036000	rDNA	0	0	0	1	0	0
Chr2	3036000	3037000	rDNA	0	0	0	0	0	0
Chr2	3037000	3038000	rDNA	0	0	0	0	0	0
Chr2	3038000	3039000	rDNA	0	0	0	0	0	0
Chr2	3040000	3041000	rDNA	0	0	1	0	0	0
Chr2	3041000	3042000	rDNA	0	0	0	0	0	0
Chr2	3042000	3043000	rDNA	0	0	1	0	0	0
Chr2	3043000	3044000	rDNA	0	0	1	0	0	0
Chr2	3044000	3045000	rDNA	0	0	1	0	0	1
Chr2	3045000	3046000	rDNA	0	0	0	0	1	0
Chr2	3046000	3047000	rDNA	0	0	0	1	1	1
Chr2	3047000	3048000	rDNA	0	0	0	0	0	0
Chr2	3048000	3049000	rDNA	0	0	0	0	0	1
Chr2	3050000	3051000	rDNA	0	0	0	0	0	0
Chr2	3051000	3052000	rDNA	0	0	0	0	0	0
Chr2	3053000	3054000	rDNA	0	0	0	1	1	1
Chr2	3054000	3055000	rDNA	0	0	1	0	0	0
Chr2	3055000	3056000	rDNA	0	0	0	0	1	1
Chr2	3056000	3057000	rDNA	0	0	0	1	1	1
Chr2	3057000	3058000	rDNA	0	0	0	0	1	1
Chr2	3058000	3059000	rDNA	0	0	0	0	0	0
Chr2	3061000	3062000	rDNA	0	0	0	1	1	0
Chr2	3062000	3063000	rDNA	0	0	0	1	1	0
Chr2	3068000	3069000	rDNA	0	0	0	0	0	0
Chr2	3071000	3072000	rDNA	0	0	1	0	0	0
Chr2	3072000	3073000	rDNA	0	0	0	0	1	0
Chr2	3074000	3075000	rDNA	0	0	1	0	0	0
Chr2	3077000	3078000	rDNA	0	0	0	0	0	0
Chr2	3078000	3079000	rDNA	0	0	0	0	0	0
Chr2	3079000	3080000	rDNA	0	0	0	0	0	0
Chr2	3081000	3082000	rDNA	0	0	1	0	0	0
Chr2	3082000	3083000	rDNA	0	0	0	0	0	0
Chr2	3084000	3085000	rDNA	0	0	0	0	0	0
Chr2	3085000	3086000	rDNA	0	0	1	1	1	0
Chr2	3086000	3087000	rDNA	0	0	0	0	0	1
Chr2	3089000	3090000	rDNA	0	0	0	0	0	0
Chr2	3091000	3092000	rDNA	0	0	1	0	1	0
Chr2	3092000	3093000	rDNA	0	0	0	0	0	0
Chr2	3093000	3094000	rDNA	0	0	1	0	0	0
Chr2	3094000	3095000	rDNA	0	0	1	0	0	1
Chr2	3096000	3097000	rDNA	0	0	0	0	0	1
Chr2	3097000	3098000	rDNA	0	0	0	0	1	1
Chr2	3098000	3099000	rDNA	0	0	0	0	0	1
Chr2	3099000	3100000	rDNA	0	0	0	1	1	0
Chr2	3100000	3101000	rDNA	0	0	0	1	1	1
Chr2	3102000	3103000	rDNA	0	0	0	0	0	0
Chr2	3103000	3104000	rDNA	0	0	0	1	1	0
Chr2	3104000	3105000	rDNA	0	0	0	0	0	1
Chr2	3106000	3107000	rDNA	0	0	1	0	0	0
Chr2	3107000	3108000	rDNA	0	0	0	0	0	0
Chr2	3108000	3109000	rDNA	0	0	0	0	0	1
Chr2	3109000	3110000	rDNA	0	0	0	0	0	0
Chr2	3110000	3111000	rDNA	0	0	0	1	1	0
Chr2	3111000	3112000	rDNA	0	0	0	0	0	0
Chr2	3112000	3113000	rDNA	0	0	0	0	0	0
Chr2	3113000	3114000	rDNA	0	0	0	0	0	0
Chr2	3114000	3115000	rDNA	0	0	0	1	1	0
Chr2	3116000	3117000	rDNA	0	0	1	1	1	1
Chr2	3117000	3118000	rDNA	0	0	0	0	0	0
Chr2	3118000	3119000	rDNA	0	0	0	0	0	1
Chr2	3120000	3121000	rDNA	0	0	1	0	0	0
Chr2	3122000	3123000	rDNA	0	0	1	0	0	0
Chr2	3123000	3124000	rDNA	0	0	0	1	0	0
Chr2	3125000	3126000	rDNA	0	0	0	0	0	0
Chr2	3130000	3131000	rDNA	0	0	0	1	1	1
Chr2	3131000	3132000	rDNA	0	0	0	0	0	0
Chr2	3132000	3133000	rDNA	0	0	0	0	0	1
Chr2	3133000	3134000	rDNA	0	0	0	0	0	0
Chr2	3135000	3136000	rDNA	0	0	0	0	0	0
Chr2	3137000	3138000	rDNA	0	0	0	0	1	1
Chr2	3138000	3139000	rDNA	0	0	0	1	1	0
Chr2	3139000	3140000	rDNA	0	0	0	0	0	1
Chr2	3140000	3141000	rDNA	0	0	0	0	0	0
Chr2	3141000	3142000	rDNA	0	0	0	1	0	0
Chr2	3143000	3144000	rDNA	0	0	0	0	0	0
Chr2	3144000	3145000	rDNA	0	0	0	0	0	0
Chr2	3145000	3146000	rDNA	0	0	1	0	0	0
Chr2	3146000	3147000	rDNA	0	0	1	1	1	0
Chr2	3147000	3148000	rDNA	0	0	1	0	0	0
Chr2	3148000	3149000	rDNA	0	0	0	1	1	1
Chr2	3149000	3150000	rDNA	0	0	0	0	0	0
Chr2	3151000	3152000	rDNA	0	0	0	0	0	0
Chr2	3154000	3155000	rDNA	0	0	0	0	1	0
Chr2	3155000	3156000	rDNA	0	0	0	0	1	0
Chr2	3158000	3159000	rDNA	0	0	0	0	0	1
Chr2	3159000	3160000	rDNA	0	0	0	0	0	1
Chr2	3161000	3162000	rDNA	0	0	1	0	0	0
Chr2	3163000	3164000	rDNA	0	0	1	0	0	0
Chr2	3164000	3165000	rDNA	0	0	0	0	0	0
Chr2	3167000	3168000	rDNA	0	0	1	0	0	1
Chr2	3168000	3169000	rDNA	0	0	0	0	0	1
Chr2	3169000	3170000	rDNA	0	0	0	0	0	0
Chr2	3170000	3171000	rDNA	0	0	0	1	0	1
Chr2	3171000	3172000	rDNA	0	0	0	0	1	1
Chr2	3174000	3175000	rDNA	0	0	0	0	0	0
Chr2	3175000	3176000	rDNA	0	0	0	0	1	0
Chr2	3176000	3177000	rDNA	0	0	0	0	0	0
Chr2	3178000	3179000	rDNA	0	0	0	0	1	0
Chr2	3179000	3180000	rDNA	0	0	0	1	0	0
Chr2	3180000	3181000	rDNA	0	0	0	1	1	0
Chr2	3181000	3182000	rDNA	0	0	0	0	0	0
Chr2	3182000	3183000	rDNA	0	0	0	0	1	1
Chr2	3184000	3185000	rDNA	0	0	0	1	1	0
Chr2	3185000	3186000	rDNA	0	0	0	0	0	0
Chr2	3186000	3187000	rDNA	0	0	0	0	1	1
Chr2	3187000	3188000	rDNA	0	0	1	0	0	0
Chr2	3188000	3189000	rDNA	0	0	1	0	0	0
Chr2	3189000	3190000	rDNA	0	0	0	0	1	0
Chr2	3190000	3191000	rDNA	0	0	0	0	0	1
Chr2	3192000	3193000	rDNA	0	0	0	0	0	0
Chr2	3195000	3196000	rDNA	0	0	0	0	0	0
Chr2	3196000	3197000	rDNA	0	0	0	0	0	0
Chr2	3197000	3198000	rDNA	0	0	0	0	0	1
Chr2	3199000	3200000	rDNA	0	0	0	0	1	0
Chr2	3200000	3201000	rDNA	0	0	0	0	1	0
Chr2	3201000	3202000	rDNA	0	0	0	0	0	0
Chr2	3202000	3203000	rDNA	0	0	0	1	1	0
Chr2	3203000	3204000	rDNA	0	0	1	0	0	0
Chr2	3205000	3206000	rDNA	0	0	0	1	1	0
Chr2	3206000	3207000	rDNA	0	0	0	0	0	0
Chr2	3207000	3208000	rDNA	0	0	1	1	0	0
Chr2	3209000	3210000	rDNA	0	0	0	0	0	1
Chr2	3210000	3211000	rDNA	0	0	0	0	0	0
Chr2	3211000	3212000	rDNA	0	0	0	1	1	0
Chr2	3212000	3213000	rDNA	0	0	0	0	0	0
Chr2	3213000	3214000	rDNA	0	0	0	0	0	0
Chr2	3215000	3216000	rDNA	0	0	1	0	0	0
Chr2	3216000	3217000	rDNA	0	0	0	0	0	0
Chr2	3218000	3219000	rDNA	0	0	0	0	0	1
Chr2	3219000	3220000	rDNA	0	0	1	0	0	0
Chr2	3220000	3221000	rDNA	0	0	0	1	1	0
Chr2	3221000	3222000	rDNA	0	0	0	0	0	1
Chr2	3222000	3223000	rDNA	0	0	0	0	0	1
Chr2	3223000	3224000	rDNA	0	0	0	1	0	1
Chr2	3226000	3227000	rDNA	0	0	0	0	0	0
Chr2	3227000	3228000	rDNA	0	0	0	0	0	0
Chr2	3228000	3229000	rDNA	0	0	0	0	0	0
Chr2	3230000	3231000	rDNA	0	0	0	0	0	0
Chr2	3231000	3232000	rDNA	0	0	0	1	0	1
Chr2	3232000	3233000	rDNA	0	0	0	0	0	0
Chr2	3233000	3234000	rDNA	0	0	0	0	0	0
Chr2	3234000	3235000	rDNA	0	0	0	1	1	0
Chr2	3236000	3237000	rDNA	0	0	0	1	1	1
Chr2	3237000	3238000	rDNA	0	0	0	0	0	0
Chr2	3240000	3241000	rDNA	0	0	1	0	0	0
Chr2	3241000	3242000	rDNA	0	0	0	0	0	0
Chr2	3242000	3243000	rDNA	0	0	0	0	0	0
Chr2	3243000	3244000	rDNA	0	0	0	1	1	0
Chr2	3244000	3245000	rDNA	0	0	0	1	1	0
Chr2	3247000	3248000	rDNA	0	0	0	0	0	0
Chr2	3249000	3250000	rDNA	0	0	0	0	0	0
Chr2	3251000	3252000	rDNA	0	0	0	0	0	0
Chr2	3252000	3253000	rDNA	0	0	0	0	0	0
Chr2	3253000	3254000	rDNA	0	0	0	1	1	1
Chr2	3254000	3255000	rDNA	0	0	0	1	1	1
Chr2	3255000	3256000	rDNA	0	0	0	1	0	1
Chr2	3257000	3258000	rDNA	0	0	0	0	0	0
Chr2	3258000	3259000	rDNA	0	0	0	0	0	0
Chr2	3259000	3260000	rDNA	0	0	1	1	0	0
Chr2	3260000	3261000	rDNA	0	0	1	0	0	0
Chr2	3261000	3262000	rDNA	0	0	1	0	0	1
Chr2	3262000	3263000	rDNA	0	0	0	1	1	1
Chr2	3263000	3264000	rDNA	0	0	0	0	0	1
Chr2	3264000	3265000	rDNA	0	0	0	0	0	0
Chr2	3265000	3266000	rDNA	0	0	0	0	1	0
Chr2	3266000	3267000	rDNA	0	0	0	1	1	0
Chr2	3267000	3268000	rDNA	0	0	0	0	0	1
Chr2	3273000	3274000	rDNA	0	0	0	1	1	0
Chr2	3274000	3275000	rDNA	0	0	0	0	0	0
Chr2	3275000	3276000	rDNA	0	0	0	0	0	1
Chr2	3277000	3278000	rDNA	0	0	0	1	1	0
Chr2	3278000	3279000	rDNA	0	0	0	1	0	0
Chr2	3279000	3280000	rDNA	0	0	1	1	1	0
Chr2	3282000	3283000	rDNA	0	0	0	1	0	0
Chr2	3283000	3284000	rDNA	0	0	0	0	1	0
Chr2	3284000	3285000	rDNA	0	0	0	0	0	0
Chr2	3285000	3286000	rDNA	0	0	0	1	0	1
Chr2	3287000	3288000	rDNA	0	0	0	0	0	0
Chr2	3288000	3289000	rDNA	0	0	0	0	0	0
Chr2	3290000	3291000	rDNA	0	0	0	1	1	0
Chr2	3291000	3292000	rDNA	0	0	1	0	0	1
Chr2	3292000	3293000	rDNA	0	0	0	0	0	0
Chr2	3293000	3294000	rDNA	0	0	0	1	0	1
Chr2	3294000	3295000	rDNA	0	0	0	1	1	0
Chr2	3295000	3296000	rDNA	0	0	0	0	0	1
Chr2	3296000	3297000	rDNA	0	0	0	0	1	1
Chr2	3298000	3299000	rDNA	0	0	0	1	1	0
Chr2	3299000	3300000	rDNA	0	0	0	0	0	0
Chr2	3300000	3301000	rDNA	0	0	0	0	0	0
Chr2	3301000	3302000	rDNA	0	0	1	0	0	0
Chr2	3302000	3303000	rDNA	0	0	1	1	1	0
Chr2	3303000	3304000	rDNA	0	0	0	0	0	0
Chr2	3304000	3305000	rDNA	0	0	0	1	1	0
Chr2	3306000	3307000	rDNA	0	0	0	1	0	0
Chr2	3307000	3308000	rDNA	0	0	0	0	1	0
Chr2	3308000	3309000	rDNA	0	0	0	0	1	0
Chr2	3310000	3311000	rDNA	0	0	0	0	0	1
Chr2	3312000	3313000	rDNA	0	0	0	1	1	0
Chr2	3313000	3314000	rDNA	0	0	0	0	1	0
Chr2	3314000	3315000	rDNA	0	0	0	0	0	0
Chr2	3315000	3316000	rDNA	0	0	0	1	1	0
Chr2	3316000	3317000	rDNA	0	0	0	0	0	0
Chr2	3318000	3319000	rDNA	0	0	0	1	1	0
Chr2	3319000	3320000	rDNA	0	0	0	1	1	0
Chr2	3320000	3321000	rDNA	0	0	1	0	0	0
Chr2	3322000	3323000	rDNA	0	0	1	0	1	0
Chr2	3323000	3324000	rDNA	0	0	0	0	0	1
Chr2	3324000	3325000	rDNA	0	0	0	0	0	0
Chr2	3325000	3326000	rDNA	0	0	0	0	0	0
Chr2	3326000	3327000	rDNA	0	0	0	1	1	0
Chr2	3328000	3329000	rDNA	0	0	1	0	0	0
Chr2	3329000	3330000	rDNA	0	0	0	0	0	1
Chr2	3331000	3332000	rDNA	0	0	1	0	1	0
Chr2	3332000	3333000	rDNA	0	0	1	0	0	0
Chr2	3333000	3334000	rDNA	0	0	0	0	0	0
Chr2	3334000	3335000	rDNA	0	0	0	0	0	1
Chr2	3335000	3336000	rDNA	0	0	0	0	0	0
Chr2	3336000	3337000	rDNA	0	0	0	0	0	1
Chr2	3337000	3338000	rDNA	0	0	0	1	1	1
Chr2	3339000	3340000	rDNA	0	0	0	0	0	0
Chr2	3343000	3344000	rDNA	0	0	0	0	0	0
Chr2	3344000	3345000	rDNA	0	0	0	0	0	1
Chr2	3345000	3346000	rDNA	0	0	0	0	0	1
Chr2	3346000	3347000	rDNA	0	0	0	1	0	0
Chr2	3347000	3348000	rDNA	0	0	0	0	0	1
Chr2	3350000	3351000	rDNA	0	0	0	0	0	0
Chr2	3351000	3352000	rDNA	0	0	0	0	0	0
Chr2	3353000	3354000	rDNA	0	0	1	0	0	0
Chr2	3354000	3355000	rDNA	0	0	0	0	0	0
Chr2	3357000	3358000	rDNA	0	0	0	0	0	0
Chr2	3359000	3360000	rDNA	0	0	1	0	0	0
Chr2	3360000	3361000	rDNA	0	0	0	0	0	0
Chr2	3362000	3363000	rDNA	0	0	0	0	1	0
Chr2	3364000	3365000	rDNA	0	0	0	0	0	1
Chr2	3365000	3366000	rDNA	0	0	0	0	0	0
Chr2	3366000	3367000	rDNA	0	0	0	1	0	0
Chr2	3367000	3368000	rDNA	0	0	0	1	0	0
Chr2	3368000	3369000	rDNA	0	0	0	0	0	0
Chr2	3370000	3371000	rDNA	0	0	0	0	0	0
Chr2	3371000	3372000	rDNA	0	0	0	1	1	0
Chr2	3372000	3373000	rDNA	0	0	1	0	0	0
Chr2	3374000	3375000	rDNA	0	0	0	0	0	0
Chr2	3375000	3376000	rDNA	0	0	0	1	1	0
Chr2	3376000	3377000	rDNA	0	0	0	1	1	0
Chr2	3377000	3378000	rDNA	0	0	0	1	0	0
Chr2	3378000	3379000	rDNA	0	0	0	0	0	1
Chr2	3380000	3381000	rDNA	0	0	0	0	0	0
Chr2	3381000	3382000	rDNA	0	0	0	0	0	0
Chr2	3382000	3383000	rDNA	0	0	0	0	0	0
Chr2	3385000	3386000	rDNA	0	0	0	0	0	0
Chr2	3388000	3389000	rDNA	0	0	1	1	1	0
Chr2	3390000	3391000	rDNA	0	0	1	0	0	0
Chr2	3391000	3392000	rDNA	0	0	0	0	1	0
Chr2	3393000	3394000	rDNA	0	0	0	0	0	1
Chr2	3394000	3395000	rDNA	0	0	1	1	1	1
Chr2	3395000	3396000	rDNA	0	0	0	0	0	0
Chr2	3398000	3399000	rDNA	0	0	0	0	0	0
Chr2	3399000	3400000	rDNA	0	0	0	0	1	0
Chr2	3401000	3402000	rDNA	0	0	0	0	1	0
Chr2	3405000	3406000	rDNA	0	0	0	0	0	0
Chr2	3406000	3407000	rDNA	0	0	0	0	0	0
Chr2	3407000	3408000	rDNA	0	0	0	1	1	0
Chr2	3408000	3409000	rDNA	0	0	0	0	0	0
Chr2	3409000	3410000	rDNA	0	0	1	0	0	0
Chr2	3411000	3412000	rDNA	0	0	0	0	0	0
Chr2	3412000	3413000	rDNA	0	0	0	0	0	0
Chr2	3413000	3414000	rDNA	0	0	1	0	0	0
Chr2	3414000	3415000	rDNA	0	0	1	0	0	0
Chr2	3415000	3416000	rDNA	0	0	1	0	1	0
Chr2	3416000	3417000	rDNA	0	0	0	1	0	1
Chr2	3417000	3418000	rDNA	0	0	0	1	1	1
Chr2	3419000	3420000	rDNA	0	0	0	0	0	1
Chr2	3421000	3422000	rDNA	0	0	0	0	0	1
Chr2	3422000	3423000	rDNA	0	0	0	0	0	0
Chr2	3424000	3425000	rDNA	0	0	0	0	1	0
Chr2	3429000	3430000	rDNA	0	0	0	0	0	0
Chr2	3433000	3434000	rDNA	0	0	0	0	1	0
Chr2	3434000	3435000	rDNA	0	0	0	0	0	0
Chr2	3436000	3437000	rDNA	0	0	1	0	0	0
Chr2	3437000	3438000	rDNA	0	0	0	0	0	0
Chr2	3438000	3439000	rDNA	0	0	0	0	0	0
Chr2	3439000	3440000	rDNA	0	0	0	0	0	1
Chr2	3440000	3441000	rDNA	0	0	0	0	0	1
Chr2	3442000	3443000	rDNA	0	0	1	0	0	1
Chr2	3443000	3444000	rDNA	0	0	0	0	0	0
Chr2	3445000	3446000	rDNA	0	0	0	0	0	0
Chr2	3447000	3448000	rDNA	0	0	0	0	0	0
Chr2	3450000	3451000	rDNA	0	0	0	1	0	1
Chr2	3451000	3452000	rDNA	0	0	0	0	0	1
Chr2	3453000	3454000	rDNA	0	0	0	0	0	0
Chr2	3454000	3455000	rDNA	0	0	0	0	0	0
Chr2	3455000	3456000	rDNA	0	0	0	0	0	1
Chr2	3457000	3458000	rDNA	0	0	0	1	0	1
Chr2	3458000	3459000	rDNA	0	0	0	0	0	0
Chr2	3459000	3460000	rDNA	0	0	0	1	0	0
Chr2	3460000	3461000	rDNA	0	0	0	0	0	0
Chr2	3461000	3462000	rDNA	0	0	0	0	0	0
Chr2	3463000	3464000	rDNA	0	0	0	0	0	1
Chr2	3464000	3465000	rDNA	0	0	0	0	1	0
Chr2	3468000	3469000	rDNA	0	0	0	1	1	0
Chr2	3469000	3470000	rDNA	0	0	0	1	0	0
Chr2	3470000	3471000	rDNA	0	0	0	0	0	0
Chr2	3471000	3472000	rDNA	0	0	0	0	0	0
Chr2	3472000	3473000	rDNA	0	0	0	0	0	0
Chr2	3474000	3475000	rDNA	0	0	0	0	1	0
Chr2	3475000	3476000	rDNA	0	0	0	1	1	0
Chr2	3477000	3478000	rDNA	0	0	1	1	1	1
Chr2	3479000	3480000	rDNA	0	0	0	1	0	0
Chr2	3480000	3481000	rDNA	0	0	0	1	1	0
Chr2	3482000	3483000	rDNA	0	0	0	0	0	0
Chr2	3485000	3486000	rDNA	0	0	1	0	0	0
Chr2	3486000	3487000	rDNA	0	0	0	1	0	0
Chr2	3487000	3488000	rDNA	0	0	1	1	1	0
Chr2	3488000	3489000	rDNA	0	0	1	0	0	0
Chr2	3489000	3490000	rDNA	0	0	1	0	0	0
Chr2	3490000	3491000	rDNA	0	0	0	0	0	1
Chr2	3491000	3492000	rDNA	0	0	0	0	0	0
Chr2	3493000	3494000	rDNA	0	0	0	0	0	0
Chr2	3496000	3497000	rDNA	0	0	0	0	0	0
Chr2	3498000	3499000	rDNA	0	0	1	0	1	0
Chr2	3500000	3501000	rDNA	0	0	0	0	0	0
Chr2	3501000	3502000	rDNA	0	0	0	1	0	0
Chr2	3502000	3503000	rDNA	0	0	0	1	1	1
Chr2	3503000	3504000	rDNA	0	0	0	0	0	0
Chr2	3504000	3505000	rDNA	0	0	0	0	0	1
Chr2	3506000	3507000	rDNA	0	0	1	0	0	0
Chr2	3507000	3508000	rDNA	0	0	0	0	0	0
Chr2	3509000	3510000	rDNA	0	0	0	0	0	0
Chr2	3511000	3512000	rDNA	0	0	0	0	0	0
Chr2	3512000	3513000	rDNA	0	0	0	1	1	0
Chr2	3513000	3514000	rDNA	0	0	0	0	1	0
Chr2	3514000	3515000	rDNA	0	0	0	1	1	0
Chr2	3516000	3517000	rDNA	0	0	0	0	0	0
Chr2	3518000	3519000	rDNA	0	0	0	0	0	0
Chr2	3519000	3520000	rDNA	0	0	0	1	0	0
Chr2	3520000	3521000	rDNA	0	0	0	0	0	0
Chr2	3521000	3522000	rDNA	0	0	1	0	0	0
Chr2	3522000	3523000	rDNA	0	0	1	0	0	0
Chr2	3523000	3524000	rDNA	0	0	0	0	0	0
Chr2	3524000	3525000	rDNA	0	0	0	1	0	0
Chr2	3526000	3527000	rDNA	0	0	0	1	1	0
Chr2	3529000	3530000	rDNA	0	0	0	1	0	0
Chr2	3530000	3531000	rDNA	0	0	0	0	0	0
Chr2	3531000	3532000	rDNA	0	0	1	0	1	0
Chr2	3533000	3534000	rDNA	0	0	0	0	0	0
Chr2	3534000	3535000	rDNA	0	0	0	0	0	0
Chr2	3535000	3536000	rDNA	0	0	0	0	0	1
Chr2	3536000	3537000	rDNA	0	0	0	0	0	0
Chr2	3537000	3538000	rDNA	0	0	0	0	0	0
Chr2	3540000	3541000	rDNA	0	0	0	0	0	0
Chr2	3541000	3542000	rDNA	0	0	0	1	1	0
Chr2	3542000	3543000	rDNA	0	0	0	0	1	0
Chr2	3543000	3544000	rDNA	0	0	1	1	1	0
Chr2	3544000	3545000	rDNA	0	0	1	0	0	0
Chr2	3545000	3546000	rDNA	0	0	0	0	0	0
Chr2	3546000	3547000	rDNA	0	0	0	0	0	0
Chr2	3548000	3549000	rDNA	0	0	0	0	0	1
Chr2	3549000	3550000	rDNA	0	0	1	0	0	0
Chr2	3551000	3552000	rDNA	0	0	1	0	1	0
Chr2	3552000	3553000	rDNA	0	0	0	1	0	0
Chr2	3553000	3554000	rDNA	0	0	0	0	1	0
Chr2	3554000	3555000	rDNA	0	0	1	0	0	0
Chr2	3555000	3556000	rDNA	0	0	1	0	0	0
Chr2	3556000	3557000	rDNA	0	0	0	0	1	1
Chr2	3557000	3558000	rDNA	0	0	0	1	1	0
Chr2	3559000	3560000	rDNA	0	0	0	0	0	0
Chr2	3562000	3563000	rDNA	0	0	1	1	1	0
Chr2	3563000	3564000	rDNA	0	0	0	1	1	0
Chr2	3565000	3566000	rDNA	0	0	0	0	0	1
Chr2	3566000	3567000	rDNA	0	0	1	0	1	0
Chr2	3567000	3568000	rDNA	0	0	0	1	0	0
Chr2	3568000	3569000	rDNA	0	0	0	1	1	1
Chr2	3570000	3571000	rDNA	0	0	0	0	0	0
Chr2	3573000	3574000	rDNA	0	0	1	0	0	0
Chr2	3574000	3575000	rDNA	0	0	0	0	0	0
Chr2	3575000	3576000	rDNA	0	0	0	0	0	0
Chr2	3576000	3577000	rDNA	0	0	0	0	0	0
Chr2	3577000	3578000	rDNA	0	0	1	0	0	0
Chr2	3578000	3579000	rDNA	0	0	0	0	0	0
Chr2	3579000	3580000	rDNA	0	0	0	0	0	1
Chr2	3580000	3581000	rDNA	0	0	0	0	0	0
Chr2	3581000	3582000	rDNA	0	0	0	1	1	1
Chr2	3583000	3584000	rDNA	0	0	1	0	0	0
Chr2	3584000	3585000	rDNA	0	0	0	0	0	1
Chr2	3585000	3586000	rDNA	0	0	0	0	0	0
Chr2	3586000	3587000	rDNA	0	0	0	0	0	0
Chr2	3587000	3588000	rDNA	0	0	0	0	0	1
Chr2	3589000	3590000	rDNA	0	0	0	0	0	0
Chr2	3590000	3591000	rDNA	0	0	0	0	0	0
Chr2	3591000	3592000	rDNA	0	0	0	0	0	0
Chr2	3592000	3593000	rDNA	0	0	0	0	0	0
Chr2	3595000	3596000	rDNA	0	0	1	0	0	0
Chr2	3596000	3597000	rDNA	0	0	0	1	1	1
Chr2	3598000	3599000	rDNA	0	0	1	0	0	1
Chr2	3600000	3601000	rDNA	0	0	0	0	0	0
Chr2	3601000	3602000	rDNA	0	0	0	0	0	0
Chr2	3602000	3603000	rDNA	0	0	0	0	0	0
Chr2	3603000	3604000	rDNA	0	0	0	1	0	0
Chr2	3604000	3605000	rDNA	0	0	0	0	0	1
Chr2	3607000	3608000	rDNA	0	0	0	1	1	0
Chr2	3608000	3609000	rDNA	0	0	0	0	0	0
Chr2	3609000	3610000	rDNA	0	0	1	0	0	1
Chr2	3611000	3612000	rDNA	0	0	0	1	1	0
Chr2	3612000	3613000	rDNA	0	0	0	1	1	1
Chr2	3613000	3614000	rDNA	0	0	0	0	1	0
Chr2	3614000	3615000	rDNA	0	0	0	1	1	1
Chr2	3615000	3616000	rDNA	0	0	0	0	0	0
Chr2	3616000	3617000	rDNA	0	0	0	0	0	0
Chr2	3618000	3619000	rDNA	0	0	1	1	1	0
Chr2	3619000	3620000	rDNA	0	0	0	0	0	0
Chr2	3620000	3621000	rDNA	0	0	0	0	0	0
Chr2	3621000	3622000	rDNA	0	0	0	0	0	0
Chr2	3623000	3624000	rDNA	0	0	0	0	0	1
Chr2	3624000	3625000	rDNA	0	0	0	0	0	0
Chr2	3625000	3626000	rDNA	0	0	0	1	1	0
Chr2	3626000	3627000	rDNA	0	0	0	0	0	0
Chr2	3627000	3628000	rDNA	0	0	0	0	0	0
Chr2	3628000	3629000	rDNA	0	0	0	0	0	0
Chr2	3629000	3630000	rDNA	0	0	0	1	0	1
Chr2	3630000	3631000	rDNA	0	0	0	1	1	0
Chr2	3631000	3632000	rDNA	0	0	0	1	0	1
Chr2	3632000	3633000	rDNA	0	0	0	0	0	0
Chr2	3633000	3634000	rDNA	0	0	1	0	0	0
Chr2	3634000	3635000	rDNA	0	0	0	0	0	0
Chr2	3635000	3636000	rDNA	0	0	0	1	1	1
Chr2	3636000	3637000	rDNA	0	0	0	0	1	1
Chr2	3637000	3638000	rDNA	0	0	0	0	0	0
Chr2	3638000	3639000	rDNA	0	0	0	0	0	0
Chr2	3639000	3640000	rDNA	0	0	1	0	0	0
Chr2	3641000	3642000	rDNA	0	0	0	1	0	0
Chr2	3643000	3644000	rDNA	0	0	1	0	1	0
Chr2	3645000	3646000	rDNA	0	0	0	1	0	0
Chr2	3646000	3647000	rDNA	0	0	0	0	0	0
Chr2	3647000	3648000	rDNA	0	0	0	0	0	1
Chr2	3648000	3649000	rDNA	0	0	0	0	1	1
Chr2	3649000	3650000	rDNA	0	0	0	0	0	1
Chr2	3652000	3653000	rDNA	0	0	0	0	0	0
Chr2	3653000	3654000	rDNA	0	0	0	1	0	0
Chr2	3654000	3655000	rDNA	0	0	0	1	1	1
Chr2	3655000	3656000	rDNA	0	0	1	0	1	0
Chr2	3660000	3661000	rDNA	0	0	1	0	0	0
Chr2	3663000	3664000	rDNA	0	0	0	1	0	0
Chr2	3664000	3665000	rDNA	0	0	0	1	0	1
Chr2	3665000	3666000	rDNA	0	0	0	0	0	0
Chr2	3667000	3668000	rDNA	0	0	1	1	1	0
Chr2	3668000	3669000	rDNA	0	0	0	0	1	1
Chr2	3669000	3670000	rDNA	0	0	0	0	0	0
Chr2	3671000	3672000	rDNA	0	0	0	0	0	0
Chr2	3674000	3675000	rDNA	0	0	1	0	0	0
Chr2	3675000	3676000	rDNA	0	0	0	0	1	0
Chr2	3676000	3677000	rDNA	0	0	0	0	0	0
Chr2	3677000	3678000	rDNA	0	0	1	0	0	0
Chr2	3678000	3679000	rDNA	0	0	1	0	1	0
Chr2	3679000	3680000	rDNA	0	0	0	0	0	0
Chr2	3680000	3681000	rDNA	0	0	0	0	0	0
Chr2	3682000	3683000	rDNA	0	0	0	1	0	1
Chr2	3683000	3684000	rDNA	0	0	0	0	0	0
Chr2	3685000	3686000	rDNA	0	0	1	0	0	0
Chr2	3686000	3687000	rDNA	0	0	0	1	0	0
Chr2	3687000	3688000	rDNA	0	0	1	1	1	0
Chr2	3688000	3689000	rDNA	0	0	0	0	0	1
Chr2	3689000	3690000	rDNA	0	0	1	0	0	1
Chr2	3690000	3691000	rDNA	0	0	0	0	1	1
Chr2	3691000	3692000	rDNA	0	0	0	0	1	0
Chr2	3693000	3694000	rDNA	0	0	0	1	1	0
Chr2	3695000	3696000	rDNA	0	0	0	0	0	0
Chr2	3696000	3697000	rDNA	0	0	0	0	0	0
Chr2	3697000	3698000	rDNA	0	0	0	0	0	0
Chr2	3699000	3700000	rDNA	0	0	0	0	1	0
Chr2	3700000	3701000	rDNA	0	0	1	0	0	1
Chr2	3701000	3702000	rDNA	0	0	0	0	0	1
Chr2	3702000	3703000	rDNA	0	0	0	0	0	0
Chr2	3704000	3705000	rDNA	0	0	0	0	0	0
Chr2	3705000	3706000	rDNA	0	0	0	0	0	1
Chr2	3707000	3708000	rDNA	0	0	1	0	0	0
Chr2	3708000	3709000	rDNA	0	0	0	1	0	0
Chr2	3711000	3712000	rDNA	0	0	1	0	0	0
Chr2	3712000	3713000	rDNA	0	0	0	1	0	0
Chr2	3713000	3714000	rDNA	0	0	0	0	0	1
Chr2	3714000	3715000	rDNA	0	0	0	1	1	1
Chr2	3715000	3716000	rDNA	0	0	0	0	0	0
Chr2	3716000	3717000	rDNA	0	0	0	0	0	0
Chr2	3718000	3719000	rDNA	0	0	0	0	0	1
Chr2	3719000	3720000	rDNA	0	0	0	1	1	0
Chr2	3721000	3722000	rDNA	0	0	0	0	1	0
Chr2	3722000	3723000	rDNA	0	0	1	0	0	0
Chr2	3723000	3724000	rDNA	0	0	0	0	0	0
Chr2	3724000	3725000	rDNA	0	0	0	0	0	0
Chr2	3725000	3726000	rDNA	0	0	0	1	0	0
Chr2	3726000	3727000	rDNA	0	0	0	0	0	1
Chr2	3727000	3728000	rDNA	0	0	0	1	0	0
Chr2	3728000	3729000	rDNA	0	0	1	0	0	0
Chr2	3729000	3730000	rDNA	0	0	0	1	0	1
Chr2	3730000	3731000	rDNA	0	0	0	0	0	0
Chr2	3731000	3732000	rDNA	0	0	1	0	0	0
Chr2	3732000	3733000	rDNA	0	0	1	0	0	0
Chr2	3733000	3734000	rDNA	0	0	1	0	0	0
Chr2	3734000	3735000	rDNA	0	0	0	1	1	0
Chr2	3735000	3736000	rDNA	0	0	0	0	0	0
Chr2	3736000	3737000	rDNA	0	0	0	1	1	0
Chr2	3737000	3738000	rDNA	0	0	0	0	0	0
Chr2	3738000	3739000	rDNA	0	0	0	1	0	0
Chr2	3739000	3740000	rDNA	0	0	0	1	0	0
Chr2	3741000	3742000	rDNA	0	0	0	0	0	0
Chr2	3743000	3744000	rDNA	0	0	0	0	0	0
Chr2	3745000	3746000	rDNA	0	0	0	0	1	1
Chr2	3746000	3747000	rDNA	0	0	0	1	1	0
Chr2	3747000	3748000	rDNA	0	0	0	1	0	1
Chr2	3748000	3749000	rDNA	0	0	0	1	1	0
Chr2	3749000	3750000	rDNA	0	0	0	0	0	1
Chr2	3752000	3753000	rDNA	0	0	0	0	0	0
Chr2	3755000	3756000	rDNA	0	0	1	0	0	0
Chr2	3756000	3757000	rDNA	0	0	0	0	1	0
Chr2	3757000	3758000	rDNA	0	0	0	0	0	0
Chr2	3759000	3760000	rDNA	0	0	0	0	1	0
Chr2	3760000	3761000	rDNA	0	0	0	0	0	0
Chr2	3763000	3764000	rDNA	0	0	1	0	0	0
Chr2	3764000	3765000	rDNA	0	0	0	1	0	0
Chr2	3766000	3767000	rDNA	0	0	0	0	0	0
Chr2	3767000	3768000	rDNA	0	0	1	0	0	0
Chr2	3768000	3769000	rDNA	0	0	0	0	0	1
Chr2	3769000	3770000	rDNA	0	0	0	0	0	0
Chr2	3770000	3771000	rDNA	0	0	0	0	0	0
Chr2	3771000	3772000	rDNA	0	0	0	0	0	0
Chr2	3774000	3775000	rDNA	0	0	0	0	0	0
Chr2	3775000	3776000	rDNA	0	0	0	0	0	0
Chr2	3776000	3777000	rDNA	0	0	1	1	0	0
Chr2	3777000	3778000	rDNA	0	0	1	0	1	1
Chr2	3778000	3779000	rDNA	0	0	1	0	0	0
Chr2	3779000	3780000	rDNA	0	0	0	0	0	0
Chr2	3780000	3781000	rDNA	0	0	0	0	0	1
Chr2	3781000	3782000	rDNA	0	0	0	0	0	0
Chr2	3782000	3783000	rDNA	0	0	0	0	0	0
Chr2	3785000	3786000	rDNA	0	0	1	0	1	0
Chr2	3786000	3787000	rDNA	0	0	0	0	0	0
Chr2	3788000	3789000	rDNA	0	0	0	0	0	0
Chr2	3790000	3791000	rDNA	0	0	0	0	0	0
Chr2	3791000	3792000	rDNA	0	0	0	1	1	0
Chr2	3792000	3793000	rDNA	0	0	0	1	0	0
Chr2	3793000	3794000	rDNA	0	0	0	0	0	0
Chr2	3797000	3798000	rDNA	0	0	0	0	0	0
Chr2	3799000	3800000	rDNA	0	0	0	0	0	0
Chr2	3801000	3802000	rDNA	0	0	0	1	0	1
Chr2	3802000	3803000	rDNA	0	0	0	0	0	1
Chr2	3803000	3804000	rDNA	0	0	0	1	1	1
Chr2	3804000	3805000	rDNA	0	0	0	0	0	1
Chr2	3805000	3806000	rDNA	0	0	0	0	0	0
Chr2	3808000	3809000	rDNA	0	0	0	0	1	0
Chr2	3809000	3810000	rDNA	0	0	0	0	0	0
Chr2	3810000	3811000	rDNA	0	0	1	0	0	0
Chr2	3812000	3813000	rDNA	0	0	0	1	1	0
Chr2	3813000	3814000	rDNA	0	0	0	1	0	0
Chr2	3814000	3815000	rDNA	0	0	0	0	0	0
Chr2	3815000	3816000	rDNA	0	0	0	0	0	0
Chr2	3816000	3817000	rDNA	0	0	1	0	0	0
Chr2	3817000	3818000	rDNA	0	0	0	0	0	0
Chr2	3819000	3820000	rDNA	0	0	0	1	1	0
Chr2	3820000	3821000	rDNA	0	0	0	0	1	0
Chr2	3821000	3822000	rDNA	0	0	0	0	0	1
Chr2	3823000	3824000	rDNA	0	0	0	0	1	0
Chr2	3824000	3825000	rDNA	0	0	0	0	0	0
Chr2	3825000	3826000	rDNA	0	0	0	0	1	1
Chr2	3826000	3827000	rDNA	0	0	0	0	0	0
Chr2	3827000	3828000	rDNA	0	0	0	0	0	0
Chr2	3828000	3829000	rDNA	0	0	0	0	0	1
Chr2	3830000	3831000	rDNA	0	0	0	0	1	0
Chr2	3831000	3832000	rDNA	0	0	0	0	0	0
Chr2	3832000	3833000	rDNA	0	0	1	0	0	1
Chr2	3834000	3835000	rDNA	0	0	0	0	0	0
Chr2	3835000	3836000	rDNA	0	0	0	0	0	0
Chr2	3836000	3837000	rDNA	0	0	0	1	1	0
Chr2	3837000	3838000	rDNA	0	0	0	1	1	0
Chr2	3838000	3839000	rDNA	0	0	0	0	0	0
Chr2	3841000	3842000	rDNA	0	0	1	0	0	0
Chr2	3842000	3843000	rDNA	0	0	0	0	0	0
Chr2	3843000	3844000	rDNA	0	0	1	0	0	0
Chr2	3844000	3845000	rDNA	0	0	1	0	0	0
Chr2	3845000	3846000	rDNA	0	0	0	1	1	0
Chr2	3846000	3847000	rDNA	0	0	0	1	1	1
Chr2	3847000	3848000	rDNA	0	0	0	0	0	0
Chr2	3848000	3849000	rDNA	0	0	0	0	0	1
Chr2	3849000	3850000	rDNA	0	0	0	0	0	0
Chr2	3852000	3853000	rDNA	0	0	0	0	0	0
Chr2	3853000	3854000	rDNA	0	0	0	0	0	0
Chr2	3854000	3855000	rDNA	0	0	1	1	0	0
Chr2	3856000	3857000	rDNA	0	0	1	0	1	0
Chr2	3857000	3858000	rDNA	0	0	0	1	1	0
Chr2	3858000	3859000	rDNA	0	0	0	0	0	0
Chr2	3860000	3861000	rDNA	0	0	0	0	0	0
Chr2	3863000	3864000	rDNA	0	0	0	0	0	0
Chr2	3864000	3865000	rDNA	0	0	0	0	1	0
Chr2	3867000	3868000	rDNA	0	0	1	1	1	1
Chr2	3868000	3869000	rDNA	0	0	0	0	1	0
Chr2	3869000	3870000	rDNA	0	0	0	0	0	0
Chr2	3871000	3872000	rDNA	0	0	0	0	0	0
Chr2	3872000	3873000	rDNA	0	0	1	0	0	0
Chr2	3874000	3875000	rDNA	0	0	0	0	0	0
Chr2	3875000	3876000	rDNA	0	0	0	0	0	0
Chr2	3877000	3878000	rDNA	0	0	0	0	0	0
Chr2	3878000	3879000	rDNA	0	0	1	1	1	0
Chr2	3879000	3880000	rDNA	0	0	0	0	0	0
Chr2	3880000	3881000	rDNA	0	0	0	0	0	0
Chr2	3881000	3882000	rDNA	0	0	0	0	0	0
Chr2	3882000	3883000	rDNA	0	0	0	0	0	1
Chr2	3883000	3884000	rDNA	0	0	0	0	0	1
Chr2	3884000	3885000	rDNA	0	0	0	0	0	0
Chr2	3886000	3887000	rDNA	0	0	0	0	0	0
Chr2	3887000	3888000	rDNA	0	0	0	0	0	0
Chr2	3888000	3889000	rDNA	0	0	1	0	0	0
Chr2	3890000	3891000	rDNA	0	0	0	0	1	0
Chr2	3891000	3892000	rDNA	0	0	0	0	1	1
Chr2	3892000	3893000	rDNA	0	0	0	1	1	1
Chr2	3893000	3894000	rDNA	0	0	0	0	0	0
Chr2	3894000	3895000	rDNA	0	0	0	0	0	0
Chr2	3895000	3896000	rDNA	0	0	0	0	0	0
Chr2	3897000	3898000	rDNA	0	0	0	0	0	0
Chr2	3898000	3899000	rDNA	0	0	0	0	0	0
Chr2	3899000	3900000	rDNA	0	0	0	0	0	0
Chr2	3901000	3902000	rDNA	0	0	0	0	0	0
Chr2	3902000	3903000	rDNA	0	0	0	0	1	0
Chr2	3903000	3904000	rDNA	0	0	0	0	0	0
Chr2	3904000	3905000	rDNA	0	0	0	0	0	0
Chr2	3905000	3906000	rDNA	0	0	0	1	0	1
Chr2	3908000	3909000	rDNA	0	0	0	1	1	0
Chr2	3909000	3910000	rDNA	0	0	0	0	0	1
Chr2	3910000	3911000	rDNA	0	0	0	0	0	0
Chr2	3911000	3912000	rDNA	0	0	1	1	1	0
Chr2	3912000	3913000	rDNA	0	0	1	0	1	0
Chr2	3913000	3914000	rDNA	0	0	0	0	0	1
Chr2	3914000	3915000	rDNA	0	0	0	0	0	0
Chr2	3915000	3916000	rDNA	0	0	0	1	0	0
Chr2	3916000	3917000	rDNA	0	0	0	1	1	0
Chr2	3919000	3920000	rDNA	0	0	0	0	0	0
Chr2	3920000	3921000	rDNA	0	0	0	1	1	0
Chr2	3921000	3922000	rDNA	0	0	1	0	0	0
Chr2	3923000	3924000	rDNA	0	0	0	0	0	0
Chr2	3924000	3925000	rDNA	0	0	0	0	1	1
Chr2	3925000	3926000	rDNA	0	0	0	0	0	1
Chr2	3926000	3927000	rDNA	0	0	0	0	0	0
Chr2	3927000	3928000	rDNA	0	0	0	0	0	1
Chr2	3930000	3931000	rDNA	0	0	0	1	1	0
Chr2	3931000	3932000	rDNA	0	0	0	0	1	0
Chr2	3934000	3935000	rDNA	0	0	1	0	1	0
Chr2	3935000	3936000	rDNA	0	0	0	0	0	0
Chr2	3936000	3937000	rDNA	0	0	0	1	1	0
Chr2	3938000	3939000	rDNA	0	0	0	0	0	0
Chr2	3941000	3942000	rDNA	0	0	0	1	1	0
Chr2	3942000	3943000	rDNA	0	0	0	0	0	0
Chr2	3945000	3946000	rDNA	0	0	1	0	0	1
Chr2	3946000	3947000	rDNA	0	0	0	1	0	0
Chr2	3947000	3948000	rDNA	0	0	0	1	1	1
Chr2	3949000	3950000	rDNA	0	0	0	0	1	0
Chr2	3950000	3951000	rDNA	0	0	0	0	0	0
Chr2	3952000	3953000	rDNA	0	0	1	0	1	0
Chr2	3953000	3954000	rDNA	0	0	0	0	0	1
Chr2	3955000	3956000	rDNA	0	0	1	0	0	0
Chr2	3960000	3961000	rDNA	0	0	0	0	0	1
Chr2	3961000	3962000	rDNA	0	0	0	0	0	1
Chr2	3962000	3963000	rDNA	0	0	0	0	0	0
Chr2	3963000	3964000	rDNA	0	0	0	0	0	0
Chr2	3964000	3965000	rDNA	0	0	0	1	0	0
Chr2	3965000	3966000	rDNA	0	0	0	0	0	0
Chr2	3966000	3967000	rDNA	0	0	1	0	0	0
Chr2	3967000	3968000	rDNA	0	0	1	1	1	0
Chr2	3968000	3969000	rDNA	0	0	0	1	0	1
Chr2	3969000	3970000	rDNA	0	0	0	0	0	0
Chr2	3971000	3972000	rDNA	0	0	0	0	0	0
Chr2	3972000	3973000	rDNA	0	0	0	0	0	0
Chr2	3974000	3975000	rDNA	0	0	1	0	0	0
Chr2	3975000	3976000	rDNA	0	0	0	0	0	0
Chr2	3977000	3978000	rDNA	0	0	0	0	1	0
Chr2	3981000	3982000	rDNA	0	0	0	1	0	0
Chr2	3982000	3983000	rDNA	0	0	0	0	0	1
Chr2	3984000	3985000	rDNA	0	0	0	0	0	0
Chr2	3985000	3986000	rDNA	0	0	0	0	0	1
Chr2	3986000	3987000	rDNA	0	0	0	1	1	0
Chr2	3987000	3988000	rDNA	0	0	0	0	1	0
Chr2	3988000	3989000	rDNA	0	0	1	0	0	0
Chr2	3989000	3990000	rDNA	0	0	1	1	0	0
Chr2	3990000	3991000	rDNA	0	0	0	0	0	0
Chr2	3991000	3992000	rDNA	0	0	0	0	0	0
Chr2	3992000	3993000	rDNA	0	0	0	1	1	1
Chr2	3993000	3994000	rDNA	0	0	0	0	0	1
Chr2	3995000	3996000	rDNA	0	0	0	0	1	1
Chr2	3996000	3997000	rDNA	0	0	1	0	0	0
Chr2	3997000	3998000	rDNA	0	0	0	0	0	0
Chr2	3999000	4000000	rDNA	0	0	1	0	0	0
Chr2	4001000	4002000	rDNA	0	0	0	0	0	0
Chr2	4002000	4003000	rDNA	0	0	0	0	0	0
Chr2	4003000	4004000	rDNA	0	0	0	0	0	1
Chr2	4004000	4005000	rDNA	0	0	0	0	0	0
Chr2	4007000	4008000	rDNA	0	0	0	0	0	0
Chr2	4008000	4009000	rDNA	0	0	0	0	0	0
Chr2	4009000	4010000	rDNA	0	0	1	0	0	0
Chr2	4010000	4011000	rDNA	0	0	0	1	0	1
Chr2	4011000	4012000	rDNA	0	0	1	0	0	0
Chr2	4012000	4013000	rDNA	0	0	0	0	0	0
Chr2	4013000	4014000	rDNA	0	0	0	1	1	0
Chr2	4014000	4015000	rDNA	0	0	0	0	0	0
Chr2	4015000	4016000	rDNA	0	0	0	1	1	0
Chr2	4016000	4017000	rDNA	0	0	0	1	0	0
Chr2	4017000	4018000	rDNA	0	0	0	0	0	0
Chr2	4018000	4019000	rDNA	0	0	0	1	1	0
Chr2	4019000	4020000	rDNA	0	0	0	1	0	0
Chr2	4020000	4021000	rDNA	0	0	0	0	0	0
Chr2	4021000	4022000	rDNA	0	0	0	0	1	1
Chr2	4023000	4024000	rDNA	0	0	0	0	1	0
Chr2	4024000	4025000	rDNA	0	0	0	0	0	0
Chr2	4025000	4026000	rDNA	0	0	0	0	0	0
Chr2	4026000	4027000	rDNA	0	0	0	0	1	0
Chr2	4027000	4028000	rDNA	0	0	0	0	0	0
Chr2	4028000	4029000	rDNA	0	0	0	0	0	0
Chr2	4030000	4031000	rDNA	0	0	0	1	0	0
Chr2	4031000	4032000	rDNA	0	0	0	1	1	0
Chr2	4032000	4033000	rDNA	0	0	0	0	0	0
Chr2	4033000	4034000	rDNA	0	0	1	0	0	1
Chr2	4034000	4035000	rDNA	0	0	0	0	0	0
Chr2	4035000	4036000	rDNA	0	0	0	0	0	1
Chr2	4036000	4037000	rDNA	0	0	0	1	1	0
Chr2	4038000	4039000	rDNA	0	0	0	0	0	0
Chr2	4039000	4040000	rDNA	0	0	1	0	1	0
Chr2	4041000	4042000	rDNA	0	0	0	0	0	0
Chr2	4042000	4043000	rDNA	0	0	0	0	0	0
Chr2	4044000	4045000	rDNA	0	0	1	1	1	0
Chr2	4045000	4046000	rDNA	0	0	1	1	1	0
Chr2	4046000	4047000	rDNA	0	0	0	0	0	0
Chr2	4047000	4048000	rDNA	0	0	0	1	1	0
Chr2	4048000	4049000	rDNA	0	0	0	0	0	0
Chr2	4049000	4050000	rDNA	0	0	0	0	0	1
Chr2	4050000	4051000	rDNA	0	0	0	0	0	0
Chr2	4052000	4053000	rDNA	0	0	0	1	0	0
Chr2	4053000	4054000	rDNA	0	0	0	0	0	0
Chr2	4054000	4055000	rDNA	0	0	1	0	0	0
Chr2	4055000	4056000	rDNA	0	0	0	0	0	0
Chr2	4058000	4059000	rDNA	0	0	0	0	0	0
Chr2	4059000	4060000	rDNA	0	0	0	0	0	0
Chr2	4060000	4061000	rDNA	0	0	0	1	0	0
Chr2	4061000	4062000	rDNA	0	0	0	1	1	0
Chr2	4062000	4063000	rDNA	0	0	0	1	1	1
Chr2	4063000	4064000	rDNA	0	0	1	0	0	1
Chr2	4064000	4065000	rDNA	0	0	0	1	0	0
Chr2	4065000	4066000	rDNA	0	0	0	0	0	0
Chr2	4066000	4067000	rDNA	0	0	0	0	0	0
Chr2	4068000	4069000	rDNA	0	0	0	0	0	0
Chr2	4069000	4070000	rDNA	0	0	0	0	0	0
Chr2	4070000	4071000	rDNA	0	0	0	0	0	1
Chr2	4071000	4072000	rDNA	0	0	0	0	0	0
Chr2	4072000	4073000	rDNA	0	0	0	0	0	0
Chr2	4074000	4075000	rDNA	0	0	0	0	1	0
Chr2	4075000	4076000	rDNA	0	0	0	1	0	0
Chr2	4076000	4077000	rDNA	0	0	1	0	0	0
Chr2	4077000	4078000	rDNA	0	0	0	0	0	0
Chr2	4078000	4079000	rDNA	0	0	1	1	0	0
Chr2	4079000	4080000	rDNA	0	0	0	1	1	0
Chr2	4080000	4081000	rDNA	0	0	0	0	0	0
Chr2	4081000	4082000	rDNA	0	0	0	0	1	0
Chr2	4082000	4083000	rDNA	0	0	0	0	0	1
Chr2	4083000	4084000	rDNA	0	0	0	0	0	0
Chr2	4085000	4086000	rDNA	0	0	0	0	1	0
Chr2	4086000	4087000	rDNA	0	0	0	0	0	0
Chr2	4087000	4088000	rDNA	0	0	0	1	0	0
Chr2	4088000	4089000	rDNA	0	0	1	0	0	0
Chr2	4089000	4090000	rDNA	0	0	1	0	1	0
Chr2	4090000	4091000	rDNA	0	0	0	0	0	0
Chr2	4091000	4092000	rDNA	0	0	0	1	1	1
Chr2	4093000	4094000	rDNA	0	0	0	0	0	0
Chr2	4096000	4097000	rDNA	0	0	0	1	1	0
Chr2	4097000	4098000	rDNA	0	0	0	0	0	0
Chr2	4098000	4099000	rDNA	0	0	0	0	0	0
Chr2	4099000	4100000	rDNA	0	0	1	0	0	0
Chr2	4100000	4101000	rDNA	0	0	0	0	0	0
Chr2	4101000	4102000	rDNA	0	0	0	0	0	1
Chr2	4102000	4103000	rDNA	0	0	0	0	0	1
Chr2	4103000	4104000	rDNA	0	0	0	0	0	0
Chr2	4104000	4105000	rDNA	0	0	0	0	0	1
Chr2	4107000	4108000	rDNA	0	0	0	0	0	1
Chr2	4108000	4109000	rDNA	0	0	0	0	0	0
Chr2	4109000	4110000	rDNA	0	0	0	0	0	0
Chr2	4110000	4111000	rDNA	0	0	1	1	0	0
Chr2	4111000	4112000	rDNA	0	0	0	0	0	0
Chr2	4112000	4113000	rDNA	0	0	0	1	1	0
Chr2	4114000	4115000	rDNA	0	0	0	0	0	0
Chr2	4115000	4116000	rDNA	0	0	0	0	0	1
Chr2	4116000	4117000	rDNA	0	0	0	0	0	0
Chr2	4118000	4119000	rDNA	0	0	0	0	1	0
Chr2	4119000	4120000	rDNA	0	0	0	0	0	0
Chr2	4120000	4121000	rDNA	0	0	0	0	0	0
Chr2	4121000	4122000	rDNA	0	0	1	0	0	0
Chr2	4122000	4123000	rDNA	0	0	1	0	0	0
Chr2	4123000	4124000	rDNA	0	0	0	0	0	0
Chr2	4124000	4125000	rDNA	0	0	0	0	0	1
Chr2	4126000	4127000	rDNA	0	0	0	0	0	0
Chr2	4129000	4130000	rDNA	0	0	0	0	1	1
Chr2	4130000	4131000	rDNA	0	0	0	0	0	0
Chr2	4131000	4132000	rDNA	0	0	1	0	0	0
Chr2	4133000	4134000	rDNA	0	0	1	0	0	0
Chr2	4134000	4135000	rDNA	0	0	0	0	0	1
Chr2	4135000	4136000	rDNA	0	0	0	1	1	0
Chr2	4137000	4138000	rDNA	0	0	0	0	0	0
Chr2	4140000	4141000	rDNA	0	0	1	0	1	0
Chr2	4141000	4142000	rDNA	0	0	0	1	1	0
Chr2	4142000	4143000	rDNA	0	0	1	0	0	0
Chr2	4143000	4144000	rDNA	0	0	1	1	0	1
Chr2	4144000	4145000	rDNA	0	0	1	0	0	0
Chr2	4145000	4146000	rDNA	0	0	0	0	0	1
Chr2	4146000	4147000	rDNA	0	0	0	1	1	0
Chr2	4148000	4149000	rDNA	0	0	0	0	0	0
Chr2	4151000	4152000	rDNA	0	0	0	0	0	0
Chr2	4152000	4153000	rDNA	0	0	0	0	0	0
Chr2	4153000	4154000	rDNA	0	0	0	0	0	0
Chr2	4154000	4155000	rDNA	0	0	0	1	0	0
Chr2	4155000	4156000	rDNA	0	0	1	0	0	0
Chr2	4156000	4157000	rDNA	0	0	0	1	1	1
Chr2	4157000	4158000	rDNA	0	0	0	0	0	0
Chr2	4159000	4160000	rDNA	0	0	0	0	0	0
Chr2	4162000	4163000	rDNA	0	0	0	1	1	0
Chr2	4163000	4164000	rDNA	0	0	0	0	0	0
Chr2	4166000	4167000	rDNA	0	0	1	1	1	0
Chr2	4167000	4168000	rDNA	0	0	0	0	0	0
Chr2	4168000	4169000	rDNA	0	0	0	1	1	0
Chr2	4169000	4170000	rDNA	0	0	0	1	0	0
Chr2	4170000	4171000	rDNA	0	0	0	1	0	0
Chr2	4174000	4175000	rDNA	0	0	0	0	0	0
Chr2	4176000	4177000	rDNA	0	0	0	0	1	0
Chr2	4178000	4179000	rDNA	0	0	0	0	0	1
Chr2	4179000	4180000	rDNA	0	0	0	0	0	0
Chr2	4181000	4182000	rDNA	0	0	0	0	0	0
Chr2	4182000	4183000	rDNA	0	0	0	0	0	1
Chr2	4185000	4186000	rDNA	0	0	0	1	1	1
Chr2	4187000	4188000	rDNA	0	0	1	1	1	0
Chr2	4189000	4190000	rDNA	0	0	0	1	1	0
Chr2	4190000	4191000	rDNA	0	0	0	1	1	1
Chr2	4191000	4192000	rDNA	0	0	0	0	1	0
Chr2	4192000	4193000	rDNA	0	0	0	1	1	0
Chr2	4193000	4194000	rDNA	0	0	0	0	0	1
Chr2	4196000	4197000	rDNA	0	0	0	1	0	0
Chr2	4197000	4198000	rDNA	0	0	0	1	1	0
Chr2	4198000	4199000	rDNA	0	0	1	0	0	0
Chr2	4200000	4201000	rDNA	0	0	1	1	1	0
Chr2	4201000	4202000	rDNA	0	0	0	0	0	0
Chr2	4202000	4203000	rDNA	0	0	0	0	1	0
Chr2	4204000	4205000	rDNA	0	0	0	0	0	1
Chr2	4205000	4206000	rDNA	0	0	0	0	1	0
Chr2	4207000	4208000	rDNA	0	0	0	1	1	1
Chr2	4208000	4209000	rDNA	0	0	0	0	0	0
Chr2	4209000	4210000	rDNA	0	0	1	0	0	0
Chr2	4210000	4211000	rDNA	0	0	1	0	0	1
Chr2	4211000	4212000	rDNA	0	0	1	0	1	0
Chr2	4212000	4213000	rDNA	0	0	0	1	1	0
Chr2	4213000	4214000	rDNA	0	0	0	1	0	0
Chr2	4215000	4216000	rDNA	0	0	0	0	1	1
Chr2	4216000	4217000	rDNA	0	0	0	1	1	0
Chr2	4218000	4219000	rDNA	0	0	1	1	0	1
Chr2	4219000	4220000	rDNA	0	0	0	1	0	0
Chr2	4221000	4222000	rDNA	0	0	1	0	0	0
Chr2	4226000	4227000	rDNA	0	0	0	0	0	0
Chr2	4229000	4230000	rDNA	0	0	0	1	1	1
Chr2	4230000	4231000	rDNA	0	0	0	0	1	0
Chr2	4232000	4233000	rDNA	0	0	1	1	1	0
Chr2	4233000	4234000	rDNA	0	0	1	1	1	0
Chr2	4234000	4235000	rDNA	0	0	0	0	0	1
Chr2	4235000	4236000	rDNA	0	0	0	1	1	0
Chr2	4236000	4237000	rDNA	0	0	0	0	0	0
Chr2	4237000	4238000	rDNA	0	0	0	1	1	0
Chr2	4240000	4241000	rDNA	0	0	0	1	0	0
Chr2	4241000	4242000	rDNA	0	0	0	1	0	0
Chr2	4243000	4244000	rDNA	0	0	1	0	0	0
Chr2	4244000	4245000	rDNA	0	0	1	0	0	0
Chr2	4245000	4246000	rDNA	0	0	0	1	0	1
Chr2	4246000	4247000	rDNA	0	0	0	0	0	1
Chr2	4247000	4248000	rDNA	0	0	0	1	1	0
Chr2	4248000	4249000	rDNA	0	0	0	0	0	0
Chr2	4251000	4252000	rDNA	0	0	0	0	0	1
Chr2	4252000	4253000	rDNA	0	0	0	0	0	0
Chr2	4254000	4255000	rDNA	0	0	0	1	0	0
Chr2	4255000	4256000	rDNA	0	0	1	1	1	0
Chr2	4256000	4257000	rDNA	0	0	0	0	0	1
Chr2	4257000	4258000	rDNA	0	0	0	0	1	0
Chr2	4258000	4259000	rDNA	0	0	0	1	1	0
Chr2	4259000	4260000	rDNA	0	0	0	0	0	1
Chr2	4260000	4261000	rDNA	0	0	0	0	0	1
Chr2	4262000	4263000	rDNA	0	0	0	0	0	0
Chr2	4263000	4264000	rDNA	0	0	0	1	0	1
Chr2	4265000	4266000	rDNA	0	0	0	0	0	0
Chr2	4266000	4267000	rDNA	0	0	1	1	0	0
Chr2	4267000	4268000	rDNA	0	0	0	0	0	0
Chr2	4268000	4269000	rDNA	0	0	0	1	1	0
Chr2	4269000	4270000	rDNA	0	0	0	0	0	1
Chr2	4270000	4271000	rDNA	0	0	0	0	0	1
Chr2	4271000	4272000	rDNA	0	0	0	0	0	1
Chr2	4273000	4274000	rDNA	0	0	0	0	1	0
Chr2	4274000	4275000	rDNA	0	0	0	0	1	0
Chr2	4275000	4276000	rDNA	0	0	1	0	0	0
Chr2	4276000	4277000	rDNA	0	0	0	0	0	0
Chr2	4278000	4279000	rDNA	0	0	0	0	0	0
Chr2	4279000	4280000	rDNA	0	0	0	1	1	1
Chr2	4280000	4281000	rDNA	0	0	0	0	0	1
Chr2	4281000	4282000	rDNA	0	0	0	0	0	1
Chr2	4282000	4283000	rDNA	0	0	0	0	0	0
Chr2	4285000	4286000	rDNA	0	0	0	0	0	0
Chr2	4289000	4290000	rDNA	0	0	0	0	0	0
Chr2	4290000	4291000	rDNA	0	0	0	1	1	0
Chr2	4291000	4292000	rDNA	0	0	0	0	1	1
Chr2	4292000	4293000	rDNA	0	0	0	0	0	0
Chr2	4293000	4294000	rDNA	0	0	0	0	0	1
Chr2	4296000	4297000	rDNA	0	0	0	1	1	0
Chr2	4297000	4298000	rDNA	0	0	0	0	0	0
Chr2	4298000	4299000	rDNA	0	0	0	1	1	0
Chr2	4299000	4300000	rDNA	0	0	1	0	1	0
Chr2	4300000	4301000	rDNA	0	0	0	1	0	1
Chr2	4301000	4302000	rDNA	0	0	0	1	0	0
Chr2	4302000	4303000	rDNA	0	0	0	0	0	0
Chr2	4303000	4304000	rDNA	0	0	0	1	1	0
Chr2	4304000	4305000	rDNA	0	0	0	0	0	0
Chr2	4307000	4308000	rDNA	0	0	0	1	1	0
Chr2	4309000	4310000	rDNA	0	0	0	0	0	0
Chr2	4311000	4312000	rDNA	0	0	0	0	1	0
Chr2	4312000	4313000	rDNA	0	0	0	0	1	1
Chr2	4313000	4314000	rDNA	0	0	0	1	0	1
Chr2	4314000	4315000	rDNA	0	0	0	1	0	0
Chr2	4315000	4316000	rDNA	0	0	0	1	1	0
Chr2	4318000	4319000	rDNA	0	0	0	1	1	0
Chr2	4319000	4320000	rDNA	0	0	0	1	0	0
Chr2	4320000	4321000	rDNA	0	0	1	0	0	0
Chr2	4325000	4326000	rDNA	0	0	0	1	1	0
Chr2	4326000	4327000	rDNA	0	0	0	1	1	0
Chr2	4329000	4330000	rDNA	0	0	0	1	1	0
Chr2	4330000	4331000	rDNA	0	0	0	0	0	0
Chr2	4331000	4332000	rDNA	0	0	1	0	0	1
Chr2	4333000	4334000	rDNA	0	0	0	0	0	1
Chr2	4334000	4335000	rDNA	0	0	0	1	0	0
Chr2	4335000	4336000	rDNA	0	0	0	1	0	0
Chr2	4336000	4337000	rDNA	0	0	0	1	1	0
Chr2	4337000	4338000	rDNA	0	0	0	0	0	1
Chr2	4339000	4340000	rDNA	0	0	0	0	0	1
Chr2	4340000	4341000	rDNA	0	0	0	0	0	0
Chr2	4341000	4342000	rDNA	0	0	0	1	0	0
Chr2	4342000	4343000	rDNA	0	0	0	0	0	0
Chr2	4343000	4344000	rDNA	0	0	0	0	0	0
Chr2	4345000	4346000	rDNA	0	0	0	0	1	0
Chr2	4346000	4347000	rDNA	0	0	0	1	1	0
Chr2	4347000	4348000	rDNA	0	0	0	0	0	1
Chr2	4348000	4349000	rDNA	0	0	0	0	0	0
Chr2	4349000	4350000	rDNA	0	0	0	0	0	1
Chr2	4350000	4351000	rDNA	0	0	0	1	1	0
Chr2	4352000	4353000	rDNA	0	0	0	0	0	0
Chr2	4353000	4354000	rDNA	0	0	0	1	0	0
Chr2	4354000	4355000	rDNA	0	0	0	1	1	0
Chr2	4355000	4356000	rDNA	0	0	1	1	1	0
Chr2	4356000	4357000	rDNA	0	0	0	0	0	0
Chr2	4357000	4358000	rDNA	0	0	0	1	1	0
Chr2	4358000	4359000	rDNA	0	0	0	0	0	1
Chr2	4359000	4360000	rDNA	0	0	0	0	0	0
Chr2	4360000	4361000	rDNA	0	0	0	1	1	0
Chr2	4361000	4362000	rDNA	0	0	0	1	0	0
Chr2	4363000	4364000	rDNA	0	0	0	0	0	0
Chr2	4364000	4365000	rDNA	0	0	0	1	0	0
Chr2	4365000	4366000	rDNA	0	0	1	0	0	1
Chr2	4368000	4369000	rDNA	0	0	0	0	0	0
Chr2	4369000	4370000	rDNA	0	0	0	0	0	0
Chr2	4370000	4371000	rDNA	0	0	0	0	0	1
Chr2	4371000	4372000	rDNA	0	0	0	0	0	0
Chr2	4374000	4375000	rDNA	0	0	0	1	0	0
Chr2	4375000	4376000	rDNA	0	0	0	0	0	0
Chr2	4376000	4377000	rDNA	0	0	1	0	0	1
Chr2	4377000	4378000	rDNA	0	0	1	0	0	1
Chr2	4378000	4379000	rDNA	0	0	0	1	1	1
Chr2	4379000	4380000	rDNA	0	0	0	1	1	1
Chr2	4380000	4381000	rDNA	0	0	0	1	1	1
Chr2	4381000	4382000	rDNA	0	0	0	0	0	0
Chr2	4382000	4383000	rDNA	0	0	0	1	1	0
Chr2	4384000	4385000	rDNA	0	0	0	0	0	0
Chr2	4385000	4386000	rDNA	0	0	0	0	1	0
Chr2	4387000	4388000	rDNA	0	0	1	0	0	1
Chr2	4388000	4389000	rDNA	0	0	1	1	0	1
Chr2	4389000	4390000	rDNA	0	0	0	1	1	0
Chr2	4390000	4391000	rDNA	0	0	0	1	0	1
Chr2	4391000	4392000	rDNA	0	0	0	0	0	0
Chr2	4392000	4393000	rDNA	0	0	0	0	0	1
Chr2	4393000	4394000	rDNA	0	0	0	0	0	1
Chr2	4394000	4395000	rDNA	0	0	1	0	0	0
Chr2	4395000	4396000	rDNA	0	0	1	0	0	0
Chr2	4396000	4397000	rDNA	0	0	0	0	0	0
Chr2	4397000	4398000	rDNA	0	0	1	0	0	0
Chr2	4398000	4399000	rDNA	0	0	0	0	0	0
Chr2	4399000	4400000	rDNA	0	0	1	0	1	0
Chr2	4400000	4401000	rDNA	0	0	0	1	0	0
Chr2	4401000	4402000	rDNA	0	0	0	1	1	0
Chr2	4402000	4403000	rDNA	0	0	0	0	0	0
Chr2	4403000	4404000	rDNA	0	0	0	0	0	1
Chr2	4406000	4407000	rDNA	0	0	0	0	0	0
Chr2	4407000	4408000	rDNA	0	0	0	1	0	0
Chr2	4408000	4409000	rDNA	0	0	0	0	0	0
Chr2	4409000	4410000	rDNA	0	0	1	0	0	0
Chr2	4410000	4411000	rDNA	0	0	0	0	0	0
Chr2	4411000	4412000	rDNA	0	0	0	0	0	1
Chr2	4412000	4413000	rDNA	0	0	0	0	0	0
Chr2	4414000	4415000	rDNA	0	0	0	0	0	1
Chr2	4417000	4418000	rDNA	0	0	0	0	0	1
Chr2	4419000	4420000	rDNA	0	0	0	0	0	1
Chr2	4421000	4422000	rDNA	0	0	0	0	0	0
Chr2	4422000	4423000	rDNA	0	0	0	0	0	1
Chr2	4423000	4424000	rDNA	0	0	0	0	0	0
Chr2	4424000	4425000	rDNA	0	0	0	1	1	0
Chr2	4425000	4426000	rDNA	0	0	0	0	0	1
Chr2	4428000	4429000	rDNA	0	0	0	1	0	0
Chr2	4429000	4430000	rDNA	0	0	0	0	0	1
Chr2	4430000	4431000	rDNA	0	0	1	1	1	1
Chr2	4431000	4432000	rDNA	0	0	1	0	0	1
Chr2	4432000	4433000	rDNA	0	0	0	0	0	0
Chr2	4433000	4434000	rDNA	0	0	0	1	0	0
Chr2	4434000	4435000	rDNA	0	0	0	1	1	0
Chr2	4435000	4436000	rDNA	0	0	0	0	0	0
Chr2	4436000	4437000	rDNA	0	0	0	0	0	0
Chr2	4438000	4439000	rDNA	0	0	0	0	0	0
Chr2	4439000	4440000	rDNA	0	0	0	1	1	0
Chr2	4440000	4441000	rDNA	0	0	0	1	0	0
Chr2	4441000	4442000	rDNA	0	0	0	0	0	1
Chr2	4443000	4444000	rDNA	0	0	0	0	0	1
Chr2	4444000	4445000	rDNA	0	0	0	0	0	0
Chr2	4445000	4446000	rDNA	0	0	0	0	0	1
Chr2	4446000	4447000	rDNA	0	0	0	1	1	1
Chr2	4448000	4449000	rDNA	0	0	0	0	0	1
Chr2	4450000	4451000	rDNA	0	0	0	0	0	0
Chr2	4451000	4452000	rDNA	0	0	0	0	1	0
Chr2	4452000	4453000	rDNA	0	0	1	0	0	0
Chr2	4454000	4455000	rDNA	0	0	0	0	1	0
Chr2	4455000	4456000	rDNA	0	0	0	0	0	0
Chr2	4456000	4457000	rDNA	0	0	0	1	1	0
Chr2	4457000	4458000	rDNA	0	0	0	0	0	1
Chr2	4458000	4459000	rDNA	0	0	0	0	0	1
Chr2	4460000	4461000	rDNA	0	0	0	0	0	0
Chr2	4461000	4462000	rDNA	0	0	0	0	0	0
Chr2	4462000	4463000	rDNA	0	0	0	0	0	1
Chr2	4463000	4464000	rDNA	0	0	1	1	1	0
Chr2	4464000	4465000	rDNA	0	0	1	1	1	0
Chr2	4465000	4466000	rDNA	0	0	0	1	1	1
Chr2	4466000	4467000	rDNA	0	0	0	0	0	0
Chr2	4468000	4469000	rDNA	0	0	1	0	0	0
Chr2	4471000	4472000	rDNA	0	0	0	0	0	0
Chr2	4473000	4474000	rDNA	0	0	0	0	0	0
Chr2	4475000	4476000	rDNA	0	0	0	0	0	0
Chr2	4476000	4477000	rDNA	0	0	0	1	1	0
Chr2	4477000	4478000	rDNA	0	0	0	0	0	0
Chr2	4478000	4479000	rDNA	0	0	0	0	1	0
Chr2	4479000	4480000	rDNA	0	0	1	0	0	0
Chr2	4481000	4482000	rDNA	0	0	0	0	0	1
Chr2	4482000	4483000	rDNA	0	0	0	1	0	0
Chr2	4483000	4484000	rDNA	0	0	0	0	1	0
Chr2	4484000	4485000	rDNA	0	0	1	0	0	0
Chr2	4485000	4486000	rDNA	0	0	1	0	1	0
Chr2	4486000	4487000	rDNA	0	0	0	1	1	1
Chr2	4487000	4488000	rDNA	0	0	0	0	0	1
Chr2	4489000	4490000	rDNA	0	0	0	0	0	1
Chr2	4492000	4493000	rDNA	0	0	0	0	0	0
Chr2	4493000	4494000	rDNA	0	0	0	0	0	0
Chr2	4494000	4495000	rDNA	0	0	0	0	0	1
Chr2	4495000	4496000	rDNA	0	0	1	0	0	0
Chr2	4496000	4497000	rDNA	0	0	0	0	0	0
Chr2	4497000	4498000	rDNA	0	0	0	1	1	0
Chr2	4498000	4499000	rDNA	0	0	0	0	1	0
Chr2	4499000	4500000	rDNA	0	0	0	0	0	1
Chr2	4500000	4501000	rDNA	0	0	0	1	0	1
Chr2	4503000	4504000	rDNA	0	0	0	1	1	0
Chr2	4504000	4505000	rDNA	0	0	0	0	0	0
Chr2	4505000	4506000	rDNA	0	0	0	0	1	0
Chr2	4506000	4507000	rDNA	0	0	1	1	0	0
Chr2	4507000	4508000	rDNA	0	0	0	0	0	1
Chr2	4508000	4509000	rDNA	0	0	0	1	1	1
Chr2	4509000	4510000	rDNA	0	0	0	0	1	0
Chr2	4510000	4511000	rDNA	0	0	0	0	0	0
Chr2	4511000	4512000	rDNA	0	0	0	0	0	0
Chr2	4514000	4515000	rDNA	0	0	0	1	0	0
Chr2	4515000	4516000	rDNA	0	0	0	1	0	0
Chr2	4516000	4517000	rDNA	0	0	1	0	1	0
Chr2	4517000	4518000	rDNA	0	0	1	1	0	1
Chr2	4518000	4519000	rDNA	0	0	1	0	1	0
Chr2	4519000	4520000	rDNA	0	0	0	0	0	0
Chr2	4520000	4521000	rDNA	0	0	0	1	1	0
Chr2	4522000	4523000	rDNA	0	0	0	0	0	1
Chr2	4523000	4524000	rDNA	0	0	0	0	0	0
Chr2	4525000	4526000	rDNA	0	0	0	1	1	0
Chr2	4527000	4528000	rDNA	0	0	0	1	1	0
Chr2	4529000	4530000	rDNA	0	0	0	1	1	0
Chr2	4530000	4531000	rDNA	0	0	0	1	0	0
Chr2	4531000	4532000	rDNA	0	0	0	0	0	0
Chr2	4532000	4533000	rDNA	0	0	0	1	0	0
Chr2	4533000	4534000	rDNA	0	0	0	0	0	1
Chr2	4534000	4535000	rDNA	0	0	0	0	0	0
Chr2	4536000	4537000	rDNA	0	0	0	0	0	1
Chr2	4537000	4538000	rDNA	0	0	0	0	0	0
Chr2	4538000	4539000	rDNA	0	0	0	0	0	1
Chr2	4540000	4541000	rDNA	0	0	0	0	0	0
Chr2	4541000	4542000	rDNA	0	0	0	1	0	1
Chr2	4542000	4543000	rDNA	0	0	0	0	0	0
Chr2	4543000	4544000	rDNA	0	0	0	1	1	0
Chr2	4544000	4545000	rDNA	0	0	0	1	1	0
Chr2	4547000	4548000	rDNA	0	0	0	0	0	0
Chr2	4548000	4549000	rDNA	0	0	0	0	0	0
Chr2	4549000	4550000	rDNA	0	0	0	0	0	0
Chr2	4551000	4552000	rDNA	0	0	1	1	1	0
Chr2	4552000	4553000	rDNA	0	0	0	0	0	1
Chr2	4553000	4554000	rDNA	0	0	0	0	0	0
Chr2	4554000	4555000	rDNA	0	0	0	1	1	0
Chr2	4555000	4556000	rDNA	0	0	1	0	0	0
Chr2	4557000	4558000	rDNA	0	0	1	0	0	0
Chr2	4558000	4559000	rDNA	0	0	0	1	0	0
Chr2	4559000	4560000	rDNA	0	0	0	0	0	0
Chr2	4560000	4561000	rDNA	0	0	0	1	0	0
Chr2	4561000	4562000	rDNA	0	0	1	0	0	0
Chr2	4562000	4563000	rDNA	0	0	0	1	0	0
Chr2	4563000	4564000	rDNA	0	0	0	1	1	0
Chr2	4564000	4565000	rDNA	0	0	0	0	0	0
Chr2	4565000	4566000	rDNA	0	0	0	0	0	0
Chr2	4566000	4567000	rDNA	0	0	0	0	0	0
Chr2	4568000	4569000	rDNA	0	0	0	0	0	0
Chr2	4569000	4570000	rDNA	0	0	0	0	0	0
Chr2	4570000	4571000	rDNA	0	0	0	0	0	0
Chr2	4571000	4572000	rDNA	0	0	1	0	0	0
Chr2	4572000	4573000	rDNA	0	0	0	1	1	1
Chr2	4573000	4574000	rDNA	0	0	0	0	0	0
Chr2	4574000	4575000	rDNA	0	0	0	0	0	1
Chr2	4575000	4576000	rDNA	0	0	0	0	1	0
Chr2	4576000	4577000	rDNA	0	0	0	0	0	0
Chr2	4578000	4579000	rDNA	0	0	1	0	0	0
Chr2	4579000	4580000	rDNA	0	0	0	1	0	0
Chr2	4581000	4582000	rDNA	0	0	0	0	0	0
Chr2	4584000	4585000	rDNA	0	0	0	0	0	0
Chr2	4585000	4586000	rDNA	0	0	0	0	0	0
Chr2	4586000	4587000	rDNA	0	0	0	0	0	0
Chr2	4590000	4591000	rDNA	0	0	0	1	0	0
Chr2	4592000	4593000	rDNA	0	0	0	0	0	0
Chr2	4594000	4595000	rDNA	0	0	0	0	0	0
Chr2	4595000	4596000	rDNA	0	0	0	1	1	1
Chr2	4596000	4597000	rDNA	0	0	0	0	1	1
Chr2	4597000	4598000	rDNA	0	0	0	0	0	0
Chr2	4598000	4599000	rDNA	0	0	0	0	0	0
Chr2	4600000	4601000	rDNA	0	0	1	0	0	0
Chr2	4601000	4602000	rDNA	0	0	0	0	1	0
Chr2	4602000	4603000	rDNA	0	0	1	0	1	0
Chr2	4603000	4604000	rDNA	0	0	1	0	0	1
Chr2	4604000	4605000	rDNA	0	0	1	1	1	1
Chr2	4605000	4606000	rDNA	0	0	0	0	0	0
Chr2	4608000	4609000	rDNA	0	0	0	1	0	1
Chr2	4611000	4612000	rDNA	0	0	0	0	0	0
Chr2	4612000	4613000	rDNA	0	0	0	0	0	0
Chr2	4613000	4614000	rDNA	0	0	0	0	1	0
Chr2	4614000	4615000	rDNA	0	0	1	0	0	0
Chr2	4615000	4616000	rDNA	0	0	1	0	0	0
Chr2	4616000	4617000	rDNA	0	0	0	0	0	0
Chr2	4617000	4618000	rDNA	0	0	0	1	0	0
Chr2	4619000	4620000	rDNA	0	0	0	0	0	0
Chr2	4622000	4623000	rDNA	0	0	0	1	1	1
Chr2	4624000	4625000	rDNA	0	0	0	0	1	0
Chr2	4627000	4628000	rDNA	0	0	0	0	0	0
Chr2	4628000	4629000	rDNA	0	0	0	0	0	0
Chr2	4629000	4630000	rDNA	0	0	0	1	1	1
Chr2	4630000	4631000	rDNA	0	0	0	0	0	0
Chr2	4632000	4633000	rDNA	0	0	0	1	0	0
Chr2	4633000	4634000	rDNA	0	0	0	0	1	0
Chr2	4634000	4635000	rDNA	0	0	0	0	0	0
Chr2	4635000	4636000	rDNA	0	0	1	0	0	0
Chr2	4636000	4637000	rDNA	0	0	1	0	1	0
Chr2	4637000	4638000	rDNA	0	0	0	0	0	0
Chr2	4638000	4639000	rDNA	0	0	0	0	1	1
Chr2	4639000	4640000	rDNA	0	0	0	0	0	0
Chr2	4640000	4641000	rDNA	0	0	0	0	0	0
Chr2	4643000	4644000	rDNA	0	0	0	0	0	0
Chr2	4644000	4645000	rDNA	0	0	0	0	0	0
Chr2	4645000	4646000	rDNA	0	0	1	0	0	1
Chr2	4648000	4649000	rDNA	0	0	0	1	1	0
Chr2	4649000	4650000	rDNA	0	0	0	0	0	0
Chr2	4650000	4651000	rDNA	0	0	0	0	0	1
Chr2	4651000	4652000	rDNA	0	0	1	0	0	0
Chr2	4652000	4653000	rDNA	0	0	1	1	0	0
Chr2	4653000	4654000	rDNA	0	0	0	1	1	0
Chr2	4654000	4655000	rDNA	0	0	0	1	1	0
Chr2	4656000	4657000	rDNA	0	0	0	1	1	0
Chr2	4658000	4659000	rDNA	0	0	0	1	1	0
Chr2	4659000	4660000	rDNA	0	0	0	0	0	0
Chr2	4660000	4661000	rDNA	0	0	0	0	0	0
Chr2	4661000	4662000	rDNA	0	0	0	0	0	0
Chr2	4664000	4665000	rDNA	0	0	0	1	1	0
Chr2	4665000	4666000	rDNA	0	0	0	0	0	0
Chr2	4666000	4667000	rDNA	0	0	0	0	0	0
Chr2	4668000	4669000	rDNA	0	0	0	0	0	0
Chr2	4669000	4670000	rDNA	0	0	0	0	0	0
Chr2	4670000	4671000	rDNA	0	0	0	0	0	0
Chr2	4671000	4672000	rDNA	0	0	0	0	0	0
Chr2	4672000	4673000	rDNA	0	0	0	0	0	0
Chr2	4674000	4675000	rDNA	0	0	0	0	1	0
Chr2	4675000	4676000	rDNA	0	0	0	1	1	0
Chr2	4677000	4678000	rDNA	0	0	1	0	0	0
Chr2	4679000	4680000	rDNA	0	0	0	0	0	1
Chr2	4680000	4681000	rDNA	0	0	0	1	1	0
Chr2	4681000	4682000	rDNA	0	0	0	1	1	0
Chr2	4682000	4683000	rDNA	0	0	0	0	0	0
Chr2	4683000	4684000	rDNA	0	0	1	0	0	0
Chr2	4685000	4686000	rDNA	0	0	0	1	1	0
Chr2	4686000	4687000	rDNA	0	0	0	0	0	0
Chr2	4689000	4690000	rDNA	0	0	1	0	0	0
Chr2	4690000	4691000	rDNA	0	0	0	0	0	0
Chr2	4691000	4692000	rDNA	0	0	0	1	0	0
Chr2	4693000	4694000	rDNA	0	0	0	0	0	1
Chr2	4696000	4697000	rDNA	0	0	1	0	0	0
Chr2	4697000	4698000	rDNA	0	0	0	1	1	0
Chr2	4698000	4699000	rDNA	0	0	0	0	0	0
Chr2	4699000	4700000	rDNA	0	0	1	0	0	0
Chr2	4700000	4701000	rDNA	0	0	1	1	0	0
Chr2	4701000	4702000	rDNA	0	0	0	1	0	0
Chr2	4702000	4703000	rDNA	0	0	0	0	1	0
Chr2	4704000	4705000	rDNA	0	0	0	0	0	0
Chr2	4705000	4706000	rDNA	0	0	0	0	0	0
Chr2	4707000	4708000	rDNA	0	0	0	1	1	0
Chr2	4708000	4709000	rDNA	0	0	0	0	0	0
Chr2	4709000	4710000	rDNA	0	0	1	0	0	0
Chr2	4710000	4711000	rDNA	0	0	1	0	0	1
Chr2	4711000	4712000	rDNA	0	0	0	0	0	1
Chr2	4712000	4713000	rDNA	0	0	0	0	0	0
Chr2	4713000	4714000	rDNA	0	0	0	0	0	1
Chr2	4714000	4715000	rDNA	0	0	0	0	0	0
Chr2	4715000	4716000	rDNA	0	0	0	0	0	1
Chr2	4718000	4719000	rDNA	0	0	0	1	1	0
Chr2	4719000	4720000	rDNA	0	0	0	0	0	0
Chr2	4720000	4721000	rDNA	0	0	1	0	0	0
Chr2	4725000	4726000	rDNA	0	0	0	0	0	0
Chr2	4726000	4727000	rDNA	0	0	0	0	0	1
Chr2	4728000	4729000	rDNA	0	0	0	0	0	0
Chr2	4729000	4730000	rDNA	0	0	0	1	1	0
Chr2	4733000	4734000	rDNA	0	0	0	0	1	0
Chr2	4734000	4735000	rDNA	0	0	0	0	1	0
Chr2	4735000	4736000	rDNA	0	0	0	0	0	0
Chr2	4736000	4737000	rDNA	0	0	0	0	0	0
Chr2	4740000	4741000	rDNA	0	0	0	0	0	0
Chr2	4747000	4748000	rDNA	0	0	0	0	0	1
Chr2	4748000	4749000	rDNA	0	0	0	0	0	0
Chr2	4750000	4751000	rDNA	0	0	0	1	0	1
Chr2	4751000	4752000	rDNA	0	0	0	0	0	0
Chr2	4754000	4755000	rDNA	0	0	1	1	1	1
Chr2	4755000	4756000	rDNA	0	0	0	0	1	0
Chr2	4756000	4757000	rDNA	0	0	0	0	0	1
Chr2	4758000	4759000	rDNA	0	0	0	1	1	1
Chr2	4761000	4762000	rDNA	0	0	0	1	1	1
Chr2	4763000	4764000	rDNA	0	0	0	0	0	0
Chr2	4768000	4769000	rDNA	0	0	0	0	0	0
Chr2	4769000	4770000	rDNA	0	0	0	0	1	0
Chr2	4771000	4772000	rDNA	0	0	0	0	0	1
Chr2	4772000	4773000	rDNA	0	0	0	1	1	0
Chr2	4774000	4775000	rDNA	0	0	0	0	0	0
Chr2	4775000	4776000	rDNA	0	0	1	0	0	0
Chr2	4776000	4777000	rDNA	0	0	0	0	0	0
Chr2	4777000	4778000	rDNA	0	0	0	1	0	0
Chr2	4779000	4780000	rDNA	0	0	0	0	0	1
Chr2	4781000	4782000	rDNA	0	0	0	0	0	0
Chr2	4782000	4783000	rDNA	0	0	0	1	0	1
Chr2	4784000	4785000	rDNA	0	0	1	0	0	1
Chr2	4785000	4786000	rDNA	0	0	1	0	0	0
Chr2	4786000	4787000	rDNA	0	0	0	1	0	0
Chr2	4789000	4790000	rDNA	0	0	0	0	0	0
Chr2	4791000	4792000	rDNA	0	0	0	1	1	0
Chr2	4792000	4793000	rDNA	0	0	0	0	0	0
Chr2	4795000	4796000	rDNA	0	0	0	1	0	0
Chr2	4796000	4797000	rDNA	0	0	0	1	0	0
Chr2	4797000	4798000	rDNA	0	0	0	1	0	1
Chr2	4798000	4799000	rDNA	0	0	0	0	0	0
Chr2	4799000	4800000	rDNA	0	0	0	0	0	0
Chr2	4801000	4802000	rDNA	0	0	0	0	0	0
Chr2	4802000	4803000	rDNA	0	0	0	0	0	0
Chr2	4803000	4804000	rDNA	0	0	1	1	1	0
Chr2	4804000	4805000	rDNA	0	0	1	0	1	0
Chr2	4805000	4806000	rDNA	0	0	1	0	1	1
Chr2	4806000	4807000	rDNA	0	0	0	0	0	1
Chr2	4807000	4808000	rDNA	0	0	0	0	1	0
Chr2	4809000	4810000	rDNA	0	0	0	0	0	0
Chr2	4812000	4813000	rDNA	0	0	0	1	1	0
Chr2	4813000	4814000	rDNA	0	0	0	1	1	0
Chr2	4814000	4815000	rDNA	0	0	1	0	0	0
Chr2	4816000	4817000	rDNA	0	0	1	0	0	0
Chr2	4817000	4818000	rDNA	0	0	0	0	1	0
Chr2	4818000	4819000	rDNA	0	0	0	1	1	1
Chr2	4819000	4820000	rDNA	0	0	0	0	0	0
Chr2	4820000	4821000	rDNA	0	0	0	0	0	0
Chr2	4821000	4822000	rDNA	0	0	0	0	0	0
Chr2	4822000	4823000	rDNA	0	0	0	0	0	0
Chr2	4823000	4824000	rDNA	0	0	0	0	0	1
Chr2	4824000	4825000	rDNA	0	0	0	1	0	0
Chr2	4825000	4826000	rDNA	0	0	1	0	0	0
Chr2	4826000	4827000	rDNA	0	0	0	0	0	0
Chr2	4827000	4828000	rDNA	0	0	0	0	0	0
Chr2	4829000	4830000	rDNA	0	0	0	0	0	0
Chr2	4832000	4833000	rDNA	0	0	0	0	0	0
Chr2	4833000	4834000	rDNA	0	0	0	0	0	0
Chr2	4834000	4835000	rDNA	0	0	1	1	0	0
Chr2	4836000	4837000	rDNA	0	0	0	1	1	1
Chr2	4837000	4838000	rDNA	0	0	0	0	0	0
Chr2	4839000	4840000	rDNA	0	0	0	1	0	0
Chr2	4840000	4841000	rDNA	0	0	0	0	1	0
Chr2	4842000	4843000	rDNA	0	0	0	0	0	0
Chr2	4843000	4844000	rDNA	0	0	0	0	0	0
Chr2	4845000	4846000	rDNA	0	0	1	1	1	0
Chr2	4849000	4850000	rDNA	0	0	0	0	0	0
Chr2	4850000	4851000	rDNA	0	0	0	0	0	0
Chr2	4853000	4854000	rDNA	0	0	1	1	1	0
Chr2	4854000	4855000	rDNA	0	0	0	0	0	0
Chr2	4855000	4856000	rDNA	0	0	1	1	0	0
Chr2	4856000	4857000	rDNA	0	0	1	0	1	0
Chr2	4857000	4858000	rDNA	0	0	1	0	0	0
Chr2	4858000	4859000	rDNA	0	0	0	0	1	1
Chr2	4859000	4860000	rDNA	0	0	0	0	0	0
Chr2	4861000	4862000	rDNA	0	0	0	0	1	1
Chr2	4864000	4865000	rDNA	0	0	0	1	0	0
Chr2	4865000	4866000	rDNA	0	0	0	0	0	0
Chr2	4866000	4867000	rDNA	0	0	0	0	0	0
Chr2	4867000	4868000	rDNA	0	0	1	1	1	1
Chr2	4868000	4869000	rDNA	0	0	1	0	0	0
Chr2	4869000	4870000	rDNA	0	0	0	0	1	0
Chr2	4870000	4871000	rDNA	0	0	0	0	0	0
Chr2	4872000	4873000	rDNA	0	0	0	0	0	0
Chr2	4873000	4874000	rDNA	0	0	0	0	0	0
Chr2	4874000	4875000	rDNA	0	0	0	1	1	0
Chr2	4878000	4879000	rDNA	0	0	0	1	1	0
Chr2	4879000	4880000	rDNA	0	0	0	1	1	0
Chr2	4881000	4882000	rDNA	0	0	0	0	0	0
Chr2	4882000	4883000	rDNA	0	0	0	0	0	1
Chr2	4884000	4885000	rDNA	0	0	0	1	1	0
Chr2	4885000	4886000	rDNA	0	0	0	0	0	0
Chr2	4886000	4887000	rDNA	0	0	1	0	0	0
Chr2	4887000	4888000	rDNA	0	0	1	0	0	0
Chr2	4889000	4890000	rDNA	0	0	0	0	0	0
Chr2	4890000	4891000	rDNA	0	0	0	0	0	0
Chr2	4891000	4892000	rDNA	0	0	0	0	0	0
Chr2	4892000	4893000	rDNA	0	0	0	0	0	0
Chr2	4894000	4895000	rDNA	0	0	0	0	0	0
Chr2	4895000	4896000	rDNA	0	0	0	1	1	0
Chr2	4898000	4899000	rDNA	0	0	1	1	1	0
Chr2	4899000	4900000	rDNA	0	0	0	0	1	0
Chr2	4900000	4901000	rDNA	0	0	0	1	1	0
Chr2	4901000	4902000	rDNA	0	0	0	0	0	0
Chr2	4902000	4903000	rDNA	0	0	0	0	0	0
Chr2	4903000	4904000	rDNA	0	0	0	0	0	1
Chr2	4905000	4906000	rDNA	0	0	0	0	0	0
Chr2	4906000	4907000	rDNA	0	0	0	1	1	0
Chr2	4907000	4908000	rDNA	0	0	0	1	0	0
Chr2	4908000	4909000	rDNA	0	0	0	0	0	0
Chr2	4910000	4911000	rDNA	0	0	0	1	1	0
Chr2	4911000	4912000	rDNA	0	0	0	0	0	0
Chr2	4912000	4913000	rDNA	0	0	0	0	0	0
Chr2	4913000	4914000	rDNA	0	0	0	0	0	0
Chr2	4915000	4916000	rDNA	0	0	0	0	0	0
Chr2	4916000	4917000	rDNA	0	0	0	0	0	0
Chr2	4918000	4919000	rDNA	0	0	0	1	0	0
Chr2	4922000	4923000	rDNA	0	0	0	0	0	1
Chr2	4923000	4924000	rDNA	0	0	0	1	0	0
Chr2	4924000	4925000	rDNA	0	0	1	0	0	0
Chr2	4926000	4927000	rDNA	0	0	0	0	0	0
Chr2	4927000	4928000	rDNA	0	0	0	0	0	0
Chr2	4928000	4929000	rDNA	0	0	0	0	0	0
Chr2	4932000	4933000	rDNA	0	0	0	1	0	1
Chr2	4933000	4934000	rDNA	0	0	0	0	0	1
Chr2	4934000	4935000	rDNA	0	0	1	0	0	0
Chr2	4935000	4936000	rDNA	0	0	0	0	0	0
Chr2	4936000	4937000	rDNA	0	0	0	0	0	0
Chr2	4940000	4941000	rDNA	0	0	0	0	1	0
Chr2	4941000	4942000	rDNA	0	0	0	0	0	0
Chr2	4943000	4944000	rDNA	0	0	0	0	0	1
Chr2	4945000	4946000	rDNA	0	0	1	0	0	1
Chr2	4947000	4948000	rDNA	0	0	1	0	0	0
Chr2	4949000	4950000	rDNA	0	0	0	1	1	0
Chr2	4951000	4952000	rDNA	0	0	0	1	0	1
Chr2	4954000	4955000	rDNA	0	0	0	0	0	1
Chr2	4957000	4958000	rDNA	0	0	1	0	0	0
Chr2	4960000	4961000	rDNA	0	0	1	0	0	0
Chr2	4964000	4965000	rDNA	0	0	0	0	0	1
Chr2	4965000	4966000	rDNA	0	0	0	0	0	1
Chr2	4967000	4968000	rDNA	0	0	1	0	0	1
Chr2	4968000	4969000	rDNA	0	0	1	0	0	0
Chr2	4969000	4970000	rDNA	0	0	1	0	0	0
Chr2	4970000	4971000	rDNA	0	0	1	0	0	1
Chr2	4972000	4973000	rDNA	0	0	0	0	0	0
Chr2	4973000	4974000	rDNA	0	0	0	1	1	1
Chr2	4975000	4976000	rDNA	0	0	1	0	1	1
Chr2	4977000	4978000	rDNA	0	0	1	0	0	0
Chr2	4978000	4979000	rDNA	0	0	0	0	0	0
Chr2	4979000	4980000	rDNA	0	0	1	1	0	0
Chr2	4980000	4981000	rDNA	0	0	0	1	0	0
Chr2	4981000	4982000	rDNA	0	0	1	0	0	0
Chr2	4982000	4983000	rDNA	0	0	0	0	1	0
Chr2	4983000	4984000	rDNA	0	0	0	1	1	1
Chr2	4985000	4986000	rDNA	0	0	0	0	1	0
Chr2	4987000	4988000	rDNA	0	0	1	0	0	0
Chr2	4988000	4989000	rDNA	0	0	0	1	1	1
Chr2	4989000	4990000	rDNA	0	0	1	0	0	0
Chr2	4991000	4992000	rDNA	0	0	1	0	0	0
Chr2	4993000	4994000	rDNA	0	0	0	0	0	0
Chr2	4996000	4997000	rDNA	0	0	0	0	0	0
Chr2	4999000	5000000	rDNA	0	0	1	0	0	0
Chr2	5000000	5001000	rDNA	0	0	1	0	1	0
Chr2	5001000	5002000	rDNA	0	0	1	0	0	0
Chr2	5002000	5003000	rDNA	0	0	1	1	0	0
Chr2	5004000	5005000	rDNA	0	0	0	1	1	0
Chr2	5005000	5006000	rDNA	0	0	0	0	0	0
Chr2	5006000	5007000	rDNA	0	0	0	0	0	0
Chr2	5007000	5008000	rDNA	0	0	1	0	0	0
Chr2	5008000	5009000	rDNA	0	0	1	0	0	0
Chr2	5009000	5010000	rDNA	0	0	1	0	1	0
Chr2	5010000	5011000	rDNA	0	0	0	0	0	0
Chr2	5011000	5012000	rDNA	0	0	1	0	0	0
Chr2	5013000	5014000	rDNA	0	0	0	0	0	1
Chr2	5014000	5015000	rDNA	0	0	0	0	0	0
Chr2	5015000	5016000	rDNA	0	0	0	0	1	0
Chr2	5016000	5017000	rDNA	0	0	0	0	0	0
Chr2	5017000	5018000	rDNA	0	0	0	0	0	0
Chr2	5018000	5019000	rDNA	0	0	1	0	0	0
Chr2	5020000	5021000	rDNA	0	0	0	1	1	0
Chr2	5021000	5022000	rDNA	0	0	1	0	0	0
Chr2	5022000	5023000	rDNA	0	0	0	0	0	1
Chr2	5023000	5024000	rDNA	0	0	1	0	0	0
Chr2	5024000	5025000	rDNA	0	0	1	0	0	0
Chr2	5025000	5026000	rDNA	0	0	0	0	1	0
Chr2	5028000	5029000	rDNA	0	0	0	0	0	1
Chr2	5029000	5030000	rDNA	0	0	0	0	0	0
Chr2	5030000	5031000	rDNA	0	0	1	0	0	0
Chr2	5031000	5032000	rDNA	0	0	1	0	0	0
Chr2	5033000	5034000	rDNA	0	0	1	0	0	0
Chr2	5038000	5039000	rDNA	0	0	0	0	0	1
Chr2	5041000	5042000	rDNA	0	0	1	0	0	0
Chr2	5042000	5043000	rDNA	0	0	1	0	0	0
Chr2	5043000	5044000	rDNA	0	0	0	0	0	1
Chr2	5046000	5047000	rDNA	0	0	0	0	0	0
Chr2	5048000	5049000	rDNA	0	0	0	0	0	0
Chr2	5051000	5052000	rDNA	0	0	0	1	1	0
Chr2	5052000	5053000	rDNA	0	0	1	0	0	0
Chr2	5053000	5054000	rDNA	0	0	0	0	0	1
Chr2	5058000	5059000	rDNA	0	0	0	0	0	0
Chr2	5059000	5060000	rDNA	0	0	0	0	0	0
Chr2	5061000	5062000	rDNA	0	0	1	0	0	1
Chr2	5065000	5066000	rDNA	0	0	0	0	0	0
Chr2	5066000	5067000	rDNA	0	0	1	0	0	0
Chr2	5067000	5068000	rDNA	0	0	0	0	0	0
Chr2	5068000	5069000	rDNA	0	0	0	0	0	1
Chr2	5069000	5070000	rDNA	0	0	1	0	0	0
Chr2	5070000	5071000	rDNA	0	0	0	0	0	0
Chr2	5073000	5074000	rDNA	0	0	0	0	0	1
Chr2	5075000	5076000	rDNA	0	0	0	0	0	0
Chr2	5076000	5077000	rDNA	0	0	0	0	0	0
Chr2	5077000	5078000	rDNA	0	0	1	0	0	0
Chr2	5078000	5079000	rDNA	0	0	1	0	0	0
Chr2	5079000	5080000	rDNA	0	0	1	0	0	0
Chr2	5080000	5081000	rDNA	0	0	0	0	0	1
Chr2	5083000	5084000	rDNA	0	0	0	0	0	0
Chr2	5085000	5086000	rDNA	0	0	0	0	0	0
Chr2	5086000	5087000	rDNA	0	0	1	0	0	0
Chr2	5090000	5091000	rDNA	0	0	1	1	1	0
Chr2	5091000	5092000	rDNA	0	0	1	0	1	0
Chr2	5092000	5093000	rDNA	0	0	0	0	0	0
Chr2	5093000	5094000	rDNA	0	0	1	1	1	0
Chr2	5094000	5095000	rDNA	0	0	1	0	0	0
Chr2	5095000	5096000	rDNA	0	0	0	1	1	1
Chr2	5096000	5097000	rDNA	0	0	0	0	0	0
Chr2	5098000	5099000	rDNA	0	0	0	0	0	0
Chr2	5100000	5101000	rDNA	0	0	1	0	0	1
Chr2	5101000	5102000	rDNA	0	0	1	0	0	0
Chr2	5102000	5103000	rDNA	0	0	0	1	1	0
Chr2	5103000	5104000	rDNA	0	0	1	0	0	0
Chr2	5108000	5109000	rDNA	0	0	0	0	0	1
Chr2	5110000	5111000	rDNA	0	0	1	0	0	0
Chr2	5111000	5112000	rDNA	0	0	0	1	0	0
Chr2	5112000	5113000	rDNA	0	0	0	0	0	0
Chr2	5113000	5114000	rDNA	0	0	1	1	0	0
Chr2	5114000	5115000	rDNA	0	0	1	0	1	0
Chr2	5115000	5116000	rDNA	0	0	0	0	0	0
Chr2	5118000	5119000	rDNA	0	0	0	0	0	0
Chr2	5120000	5121000	rDNA	0	0	0	1	0	0
Chr2	5121000	5122000	rDNA	0	0	1	0	0	0
Chr2	5122000	5123000	rDNA	0	0	1	0	0	0
Chr2	5123000	5124000	rDNA	0	0	0	0	0	0
Chr2	5124000	5125000	rDNA	0	0	1	1	1	0
Chr2	5125000	5126000	rDNA	0	0	0	0	0	1
Chr2	5126000	5127000	rDNA	0	0	0	1	1	1
Chr2	5128000	5129000	rDNA	0	0	0	0	0	1
Chr2	5131000	5132000	rDNA	0	0	0	1	0	0
Chr2	5132000	5133000	rDNA	0	0	1	0	0	0
Chr2	5133000	5134000	rDNA	0	0	0	0	0	0
Chr2	5134000	5135000	rDNA	0	0	1	0	1	1
Chr2	5135000	5136000	rDNA	0	0	0	1	1	0
Chr2	5136000	5137000	rDNA	0	0	0	1	0	1
Chr2	5137000	5138000	rDNA	0	0	0	0	0	0
Chr2	5138000	5139000	rDNA	0	0	0	0	0	0
Chr2	5141000	5142000	rDNA	0	0	0	0	0	0
Chr2	5142000	5143000	rDNA	0	0	0	0	0	0
Chr2	5143000	5144000	rDNA	0	0	0	0	0	0
Chr2	5148000	5149000	rDNA	0	0	0	0	0	0
Chr2	5150000	5151000	rDNA	0	0	0	0	0	0
Chr2	5151000	5152000	rDNA	0	0	1	0	0	0
Chr2	5152000	5153000	rDNA	0	0	1	1	1	0
Chr2	5153000	5154000	rDNA	0	0	1	1	1	0
Chr2	5154000	5155000	rDNA	0	0	1	0	0	0
Chr2	5155000	5156000	rDNA	0	0	0	0	0	0
Chr2	5156000	5157000	rDNA	0	0	0	0	1	0
Chr2	5158000	5159000	rDNA	0	0	0	0	0	0
Chr2	5159000	5160000	rDNA	0	0	0	0	0	1
Chr2	5161000	5162000	rDNA	0	0	1	0	0	0
Chr2	5165000	5166000	rDNA	0	0	1	0	0	0
Chr2	5166000	5167000	rDNA	0	0	1	0	0	0
Chr2	5167000	5168000	rDNA	0	0	0	1	0	0
Chr2	5168000	5169000	rDNA	0	0	0	1	0	0
Chr2	5169000	5170000	rDNA	0	0	1	0	0	0
Chr2	5170000	5171000	rDNA	0	0	0	0	0	0
Chr2	5171000	5172000	rDNA	0	0	0	0	0	1
Chr2	5173000	5174000	rDNA	0	0	0	0	0	0
Chr2	5175000	5176000	rDNA	0	0	0	0	0	0
Chr2	5176000	5177000	rDNA	0	0	1	0	0	0
Chr2	5180000	5181000	rDNA	0	0	0	0	0	1
Chr2	5181000	5182000	rDNA	0	0	1	0	0	0
Chr2	5182000	5183000	rDNA	0	0	1	0	0	0
Chr2	5183000	5184000	rDNA	0	0	1	0	0	0
Chr2	5184000	5185000	rDNA	0	0	1	0	0	0
Chr2	5185000	5186000	rDNA	0	0	0	1	0	0
Chr2	5186000	5187000	rDNA	0	0	0	0	1	0
Chr2	5188000	5189000	rDNA	0	0	0	0	0	1
Chr2	5190000	5191000	rDNA	0	0	0	0	0	0
Chr2	5191000	5192000	rDNA	0	0	1	0	0	0
Chr2	5192000	5193000	rDNA	0	0	1	0	0	0
Chr2	5193000	5194000	rDNA	0	0	0	0	0	0
Chr2	5194000	5195000	rDNA	0	0	1	0	1	0
Chr2	5195000	5196000	rDNA	0	0	0	1	0	0
Chr2	5196000	5197000	rDNA	0	0	0	0	1	0
Chr2	5197000	5198000	rDNA	0	0	0	0	0	1
Chr2	5198000	5199000	rDNA	0	0	0	0	0	1
Chr2	5200000	5201000	rDNA	0	0	0	0	0	1
Chr2	5201000	5202000	rDNA	0	0	1	0	0	0
Chr2	5203000	5204000	rDNA	0	0	0	0	0	0
Chr2	5205000	5206000	rDNA	0	0	0	1	1	1
Chr2	5208000	5209000	rDNA	0	0	0	0	0	0
Chr2	5209000	5210000	rDNA	0	0	0	0	0	1
Chr2	5211000	5212000	rDNA	0	0	1	0	0	0
Chr2	5212000	5213000	rDNA	0	0	1	0	0	0
Chr2	5213000	5214000	rDNA	0	0	1	0	0	0
Chr2	5214000	5215000	rDNA	0	0	0	0	1	0
Chr2	5215000	5216000	rDNA	0	0	0	1	1	0
Chr2	5216000	5217000	rDNA	0	0	0	1	1	0
Chr2	5218000	5219000	rDNA	0	0	0	0	0	1
Chr2	5219000	5220000	rDNA	0	0	0	0	0	1
Chr2	5221000	5222000	rDNA	0	0	1	0	0	0
Chr2	5222000	5223000	rDNA	0	0	0	0	0	0
Chr2	5223000	5224000	rDNA	0	0	0	0	0	0
Chr2	5224000	5225000	rDNA	0	0	1	0	0	1
Chr2	5225000	5226000	rDNA	0	0	0	0	0	0
Chr2	5226000	5227000	rDNA	0	0	0	0	0	0
Chr2	5228000	5229000	rDNA	0	0	0	0	0	0
Chr2	5229000	5230000	rDNA	0	0	0	0	1	1
Chr2	5231000	5232000	rDNA	0	0	1	0	0	0
Chr2	5232000	5233000	rDNA	0	0	1	1	0	0
Chr2	5235000	5236000	rDNA	0	0	0	0	0	1
Chr2	5236000	5237000	rDNA	0	0	1	0	0	0
Chr2	5237000	5238000	rDNA	0	0	1	0	0	0
Chr2	5238000	5239000	rDNA	0	0	0	1	1	0
Chr2	5239000	5240000	rDNA	0	0	1	0	0	0
Chr2	5240000	5241000	rDNA	0	0	0	1	0	0
Chr2	5241000	5242000	rDNA	0	0	0	0	0	0
Chr2	5243000	5244000	rDNA	0	0	0	0	0	1
Chr2	5246000	5247000	rDNA	0	0	0	1	0	0
Chr2	5247000	5248000	rDNA	0	0	1	0	0	1
Chr2	5248000	5249000	rDNA	0	0	0	1	1	0
Chr2	5249000	5250000	rDNA	0	0	1	0	0	0
Chr2	5250000	5251000	rDNA	0	0	0	0	0	0
Chr2	5251000	5252000	rDNA	0	0	0	0	0	0
Chr2	5252000	5253000	rDNA	0	0	0	1	0	0
Chr2	5253000	5254000	rDNA	0	0	0	0	0	0
Chr2	5254000	5255000	rDNA	0	0	0	0	0	1
Chr2	5256000	5257000	rDNA	0	0	1	0	0	0
Chr2	5260000	5261000	rDNA	0	0	0	0	0	1
Chr2	5261000	5262000	rDNA	0	0	0	1	0	0
Chr2	5263000	5264000	rDNA	0	0	0	0	0	0
Chr2	5264000	5265000	rDNA	0	0	0	0	0	1
Chr2	5266000	5267000	rDNA	0	0	0	0	0	1
Chr2	5267000	5268000	rDNA	0	0	0	1	0	0
Chr2	5268000	5269000	rDNA	0	0	1	0	0	0
Chr2	5269000	5270000	rDNA	0	0	1	0	1	0
Chr2	5270000	5271000	rDNA	0	0	0	0	0	1
Chr2	5273000	5274000	rDNA	0	0	0	0	0	0
Chr2	5274000	5275000	rDNA	0	0	0	0	0	0
Chr2	5276000	5277000	rDNA	0	0	1	0	0	0
Chr2	5280000	5281000	rDNA	0	0	0	0	0	0
Chr2	5281000	5282000	rDNA	0	0	1	0	0	0
Chr2	5285000	5286000	rDNA	0	0	1	0	0	0
Chr2	5286000	5287000	rDNA	0	0	1	0	0	0
Chr2	5287000	5288000	rDNA	0	0	1	0	0	0
Chr2	5288000	5289000	rDNA	0	0	1	0	0	0
Chr2	5289000	5290000	rDNA	0	0	0	0	0	0
Chr2	5290000	5291000	rDNA	0	0	0	0	0	0
Chr2	5292000	5293000	rDNA	0	0	0	0	0	1
Chr2	5293000	5294000	rDNA	0	0	0	0	0	0
Chr2	5295000	5296000	rDNA	0	0	1	0	0	0
Chr2	5296000	5297000	rDNA	0	0	1	0	0	0
Chr2	5297000	5298000	rDNA	0	0	1	0	0	0
Chr2	5298000	5299000	rDNA	0	0	1	0	0	0
Chr2	5303000	5304000	rDNA	0	0	0	0	0	1
Chr2	5305000	5306000	rDNA	0	0	0	1	0	0
Chr2	5306000	5307000	rDNA	0	0	0	0	0	0
Chr2	5307000	5308000	rDNA	0	0	1	0	0	0
Chr2	5308000	5309000	rDNA	0	0	1	0	0	0
Chr2	5311000	5312000	rDNA	0	0	0	1	1	0
Chr2	5313000	5314000	rDNA	0	0	0	0	0	1
Chr2	5315000	5316000	rDNA	0	0	0	0	1	0
Chr2	5316000	5317000	rDNA	0	0	1	1	0	0
Chr2	5317000	5318000	rDNA	0	0	0	1	1	0
Chr2	5318000	5319000	rDNA	0	0	0	1	1	1
Chr2	5320000	5321000	rDNA	0	0	0	0	0	0
Chr2	5321000	5322000	rDNA	0	0	1	0	0	0
Chr2	5323000	5324000	rDNA	0	0	1	0	0	0
Chr2	5324000	5325000	rDNA	0	0	1	0	0	1
Chr2	5325000	5326000	rDNA	0	0	1	1	1	0
Chr2	5326000	5327000	rDNA	0	0	0	0	0	0
Chr2	5327000	5328000	rDNA	0	0	1	1	1	0
Chr2	5328000	5329000	rDNA	0	0	0	1	0	0
Chr2	5331000	5332000	rDNA	0	0	1	0	0	0
Chr2	5332000	5333000	rDNA	0	0	1	0	0	1
Chr2	5333000	5334000	rDNA	0	0	1	0	0	0
Chr2	5334000	5335000	rDNA	0	0	1	0	0	0
Chr2	5335000	5336000	rDNA	0	0	1	0	0	0
Chr2	5336000	5337000	rDNA	0	0	0	0	0	0
Chr2	5337000	5338000	rDNA	0	0	1	0	0	0
Chr2	5338000	5339000	rDNA	0	0	0	0	0	0
Chr2	5339000	5340000	rDNA	0	0	0	1	0	0
Chr2	5341000	5342000	rDNA	0	0	0	0	0	1
Chr2	5342000	5343000	rDNA	0	0	1	0	0	0
Chr2	5343000	5344000	rDNA	0	0	1	0	0	0
Chr2	5344000	5345000	rDNA	0	0	0	0	0	0
Chr2	5345000	5346000	rDNA	0	0	0	0	0	0
Chr2	5346000	5347000	rDNA	0	0	0	0	1	0
Chr2	5347000	5348000	rDNA	0	0	1	0	0	0
Chr2	5348000	5349000	rDNA	0	0	0	1	1	0
Chr2	5351000	5352000	rDNA	0	0	0	0	0	0
Chr2	5352000	5353000	rDNA	0	0	1	0	0	0
Chr2	5353000	5354000	rDNA	0	0	0	0	1	0
Chr2	5354000	5355000	rDNA	0	0	0	0	0	0
Chr2	5355000	5356000	rDNA	0	0	1	0	0	0
Chr2	5356000	5357000	rDNA	0	0	0	0	0	0
Chr2	5359000	5360000	rDNA	0	0	1	0	0	1
Chr2	5360000	5361000	rDNA	0	0	1	1	1	0
Chr2	5361000	5362000	rDNA	0	0	0	0	0	0
Chr2	5362000	5363000	rDNA	0	0	1	0	0	0
Chr2	5363000	5364000	rDNA	0	0	1	0	0	0
Chr2	5364000	5365000	rDNA	0	0	0	0	0	0
Chr2	5365000	5366000	rDNA	0	0	0	0	0	0
Chr2	5367000	5368000	rDNA	0	1	1	0	0	0
Chr2	5369000	5370000	rDNA	0	1	1	0	0	0
Chr2	5370000	5371000	rDNA	0	0	1	0	0	0
Chr2	5371000	5372000	rDNA	0	0	1	0	0	0
Chr2	5372000	5373000	rDNA	0	0	0	0	0	1
Chr2	5373000	5374000	rDNA	0	0	1	1	0	0
Chr2	5374000	5375000	rDNA	0	0	0	0	0	0
Chr2	5377000	5378000	rDNA	0	0	1	0	0	0
Chr2	5378000	5379000	rDNA	0	0	1	0	0	1
Chr2	5380000	5381000	rDNA	0	0	1	0	0	0
Chr2	5381000	5382000	rDNA	0	0	0	1	1	0
Chr2	5383000	5384000	rDNA	0	0	0	0	0	1
Chr2	5386000	5387000	rDNA	0	0	0	0	0	1
Chr2	5392000	5393000	rDNA	0	0	1	0	0	1
Chr2	5393000	5394000	rDNA	0	0	1	0	0	1
Chr2	5394000	5395000	rDNA	0	0	0	1	0	0
Chr2	5395000	5396000	rDNA	0	0	1	0	0	0
Chr2	5396000	5397000	rDNA	0	0	1	0	0	0
Chr2	5400000	5401000	rDNA	0	0	0	1	0	0
Chr2	5401000	5402000	rDNA	0	0	0	0	1	0
Chr2	5402000	5403000	rDNA	0	0	0	0	0	0
Chr2	5403000	5404000	rDNA	0	0	1	0	0	0
Chr2	5404000	5405000	rDNA	0	0	1	0	0	0
Chr2	5405000	5406000	rDNA	0	0	0	0	0	0
Chr2	5406000	5407000	rDNA	0	0	0	0	0	0
Chr2	5407000	5408000	rDNA	0	0	0	0	0	0
Chr2	5408000	5409000	rDNA	0	0	0	1	0	0
Chr2	5411000	5412000	rDNA	0	0	0	0	0	0
Chr2	5412000	5413000	rDNA	0	0	0	1	1	0
Chr2	5413000	5414000	arm	1	0	1	1	1	1
Chr2	5424000	5425000	arm	0	0	0	1	1	0
Chr2	5430000	5431000	peri	0	0	1	1	1	1
Chr2	5448000	5449000	peri	0	0	1	0	1	1
Chr2	7049000	7050000	peri	0	0	1	0	0	1
Chr2	7469000	7470000	peri	1	1	1	1	0	0
Chr2	7979000	7980000	peri	0	0	1	0	0	0
Chr2	8230000	8231000	peri	0	1	0	1	1	1
Chr2	8654000	8655000	peri	0	0	0	0	0	1
Chr2	8655000	8656000	peri	0	0	1	0	0	1
Chr2	8656000	8657000	peri	0	0	1	0	0	1
Chr2	8657000	8658000	peri	0	0	1	0	0	0
Chr2	8658000	8659000	peri	0	0	0	0	0	0
Chr2	8660000	8661000	peri	0	0	1	0	0	1
Chr2	8661000	8662000	peri	0	0	1	0	0	1
Chr2	8663000	8664000	peri	0	0	0	0	0	0
Chr2	8664000	8665000	peri	0	0	1	0	0	0
Chr2	8666000	8667000	peri	0	0	1	0	0	0
Chr2	8667000	8668000	peri	0	0	1	0	0	1
Chr2	8669000	8670000	peri	0	0	0	0	0	0
Chr2	8671000	8672000	peri	0	0	1	0	0	1
Chr2	8673000	8674000	peri	0	0	0	0	0	0
Chr2	8676000	8677000	peri	0	0	1	0	0	0
Chr2	8677000	8678000	peri	0	0	1	0	0	1
Chr2	8679000	8680000	peri	0	0	1	0	0	1
Chr2	8680000	8681000	peri	0	0	1	0	0	1
Chr2	8681000	8682000	peri	0	0	1	0	0	0
Chr2	8682000	8683000	peri	0	0	1	0	0	1
Chr2	8683000	8684000	peri	0	0	1	0	0	1
Chr2	8685000	8686000	peri	0	0	1	0	0	1
Chr2	8687000	8688000	peri	0	0	1	0	0	0
Chr2	8688000	8689000	peri	0	0	1	0	0	0
Chr2	8689000	8690000	peri	0	0	1	0	0	1
Chr2	8690000	8691000	peri	0	0	0	0	0	0
Chr2	8692000	8693000	peri	0	0	1	0	0	0
Chr2	8694000	8695000	peri	0	0	1	0	0	1
Chr2	8695000	8696000	peri	0	0	1	0	0	1
Chr2	8697000	8698000	peri	0	0	0	0	0	0
Chr2	8698000	8699000	peri	0	0	1	0	0	1
Chr2	8703000	8704000	peri	0	0	0	0	0	0
Chr2	8704000	8705000	peri	0	0	1	0	0	0
Chr2	8705000	8706000	peri	0	0	1	0	0	0
Chr2	8706000	8707000	peri	0	0	1	0	0	0
Chr2	8707000	8708000	peri	0	0	1	0	0	1
Chr2	8708000	8709000	peri	0	0	1	0	0	1
Chr2	8709000	8710000	peri	0	0	1	0	0	1
Chr2	8710000	8711000	peri	0	0	1	0	0	0
Chr2	8711000	8712000	peri	0	0	1	0	0	1
Chr2	8712000	8713000	peri	0	0	1	0	0	1
Chr2	8714000	8715000	peri	0	0	1	0	0	0
Chr2	8715000	8716000	peri	0	0	1	0	0	0
Chr2	8716000	8717000	peri	0	0	1	0	0	0
Chr2	8717000	8718000	peri	0	0	1	0	0	0
Chr2	8718000	8719000	peri	0	0	1	0	0	0
Chr2	8719000	8720000	peri	0	0	1	0	0	0
Chr2	8721000	8722000	peri	0	0	1	0	0	0
Chr2	8722000	8723000	peri	0	0	1	0	0	1
Chr2	8723000	8724000	peri	0	0	1	0	0	0
Chr2	8724000	8725000	peri	0	0	1	0	0	1
Chr2	8726000	8727000	peri	0	0	1	0	0	0
Chr2	8728000	8729000	peri	0	0	1	0	0	1
Chr2	8729000	8730000	peri	0	0	1	0	0	1
Chr2	8730000	8731000	peri	0	0	1	0	0	0
Chr2	8732000	8733000	peri	0	0	1	0	0	0
Chr2	8733000	8734000	peri	0	0	1	0	0	1
Chr2	8734000	8735000	peri	0	0	1	0	0	1
Chr2	8735000	8736000	peri	0	0	1	0	0	1
Chr2	8736000	8737000	peri	0	0	1	0	0	1
Chr2	8737000	8738000	peri	0	0	1	0	0	1
Chr2	8738000	8739000	peri	0	0	1	0	0	1
Chr2	8739000	8740000	peri	0	0	1	0	0	0
Chr2	8740000	8741000	peri	0	0	1	0	0	0
Chr2	8741000	8742000	peri	0	0	1	0	0	1
Chr2	8742000	8743000	peri	0	0	1	0	0	0
Chr2	8743000	8744000	peri	0	0	1	0	0	1
Chr2	8745000	8746000	peri	0	0	1	0	0	1
Chr2	8746000	8747000	peri	0	0	1	0	0	1
Chr2	8747000	8748000	peri	0	0	1	0	0	1
Chr2	8749000	8750000	peri	0	0	1	0	0	1
Chr2	8750000	8751000	peri	0	0	1	0	0	1
Chr2	8751000	8752000	peri	0	0	1	0	0	1
Chr2	8752000	8753000	peri	0	0	1	0	0	1
Chr2	8753000	8754000	peri	0	0	1	0	0	1
Chr2	8754000	8755000	peri	0	0	1	0	0	1
Chr2	8755000	8756000	peri	0	0	1	0	0	1
Chr2	8756000	8757000	peri	0	0	0	0	0	0
Chr2	8757000	8758000	peri	0	0	1	0	0	1
Chr2	8759000	8760000	peri	0	0	1	0	0	1
Chr2	8760000	8761000	peri	0	0	1	0	0	1
Chr2	8761000	8762000	peri	0	0	1	0	0	1
Chr2	8762000	8763000	peri	0	0	0	0	0	0
Chr2	8763000	8764000	peri	0	0	0	0	0	0
Chr2	8764000	8765000	peri	0	0	1	0	0	1
Chr2	8765000	8766000	peri	0	0	1	0	0	0
Chr2	8766000	8767000	peri	0	0	1	0	0	1
Chr2	8767000	8768000	peri	0	0	1	0	0	1
Chr2	8768000	8769000	peri	0	0	1	0	0	0
Chr2	8769000	8770000	peri	0	0	1	0	0	0
Chr2	8770000	8771000	peri	0	0	1	0	0	0
Chr2	8771000	8772000	peri	0	0	1	0	0	0
Chr2	8772000	8773000	peri	0	0	1	0	0	0
Chr2	8773000	8774000	peri	0	0	1	0	0	1
Chr2	8774000	8775000	peri	0	0	1	0	0	1
Chr2	8775000	8776000	peri	0	0	1	0	0	1
Chr2	8776000	8777000	peri	0	0	1	0	0	1
Chr2	8777000	8778000	peri	0	0	1	0	0	1
Chr2	8778000	8779000	peri	0	0	1	0	0	1
Chr2	8779000	8780000	peri	0	0	1	0	0	1
Chr2	8782000	8783000	peri	0	0	1	0	0	0
Chr2	8784000	8785000	peri	0	0	1	0	0	1
Chr2	8785000	8786000	peri	0	0	1	0	0	0
Chr2	8786000	8787000	peri	0	0	1	0	0	1
Chr2	8787000	8788000	peri	0	0	1	0	0	1
Chr2	8788000	8789000	peri	0	0	1	0	0	0
Chr2	8789000	8790000	peri	0	0	1	0	0	0
Chr2	8790000	8791000	peri	0	0	1	0	0	1
Chr2	8791000	8792000	peri	0	0	1	0	0	1
Chr2	8792000	8793000	peri	0	0	1	0	0	1
Chr2	8793000	8794000	peri	0	0	1	0	0	1
Chr2	8794000	8795000	peri	0	0	1	0	0	1
Chr2	8795000	8796000	peri	0	0	1	0	0	0
Chr2	8796000	8797000	peri	0	0	1	0	0	1
Chr2	8797000	8798000	peri	0	0	1	0	0	1
Chr2	8798000	8799000	peri	0	0	1	0	0	1
Chr2	8799000	8800000	peri	0	0	1	0	0	1
Chr2	8800000	8801000	peri	0	0	1	0	0	0
Chr2	8802000	8803000	peri	0	0	1	0	0	1
Chr2	8803000	8804000	peri	0	0	1	0	0	1
Chr2	8804000	8805000	peri	0	0	1	0	0	1
Chr2	8805000	8806000	peri	0	0	1	0	0	1
Chr2	8806000	8807000	peri	0	0	1	0	0	0
Chr2	8807000	8808000	peri	0	0	1	0	0	1
Chr2	8808000	8809000	peri	0	0	1	0	0	0
Chr2	8809000	8810000	peri	0	0	1	0	0	0
Chr2	8810000	8811000	peri	0	0	1	0	0	0
Chr2	8811000	8812000	peri	0	0	1	0	0	1
Chr2	8812000	8813000	peri	0	0	1	0	0	1
Chr2	8813000	8814000	peri	0	0	1	0	0	1
Chr2	8814000	8815000	peri	0	0	1	0	0	0
Chr2	8815000	8816000	peri	0	0	1	0	0	1
Chr2	8816000	8817000	peri	0	0	1	0	0	1
Chr2	8817000	8818000	peri	0	0	1	0	0	1
Chr2	8818000	8819000	peri	0	0	1	0	0	1
Chr2	8819000	8820000	peri	0	0	1	0	0	1
Chr2	8820000	8821000	peri	0	0	1	0	0	0
Chr2	8821000	8822000	peri	0	0	1	0	0	0
Chr2	8822000	8823000	peri	0	0	1	0	0	0
Chr2	8823000	8824000	peri	0	0	1	0	0	1
Chr2	8824000	8825000	peri	0	0	1	0	0	1
Chr2	8826000	8827000	peri	0	0	1	0	0	0
Chr2	8827000	8828000	peri	0	0	1	0	0	1
Chr2	8828000	8829000	peri	0	0	1	0	0	0
Chr2	8829000	8830000	peri	0	0	1	0	0	1
Chr2	8830000	8831000	peri	0	0	1	0	0	0
Chr2	8831000	8832000	peri	0	0	1	0	0	1
Chr2	8832000	8833000	peri	0	0	1	0	0	0
Chr2	8833000	8834000	peri	0	0	1	0	0	0
Chr2	8834000	8835000	peri	0	0	1	0	0	1
Chr2	8835000	8836000	peri	0	0	1	0	0	1
Chr2	8836000	8837000	peri	0	0	1	0	0	0
Chr2	8837000	8838000	peri	0	0	0	0	0	0
Chr2	8838000	8839000	peri	0	0	1	0	0	0
Chr2	8839000	8840000	peri	0	0	0	0	0	1
Chr2	8840000	8841000	peri	0	0	0	0	0	0
Chr2	8841000	8842000	peri	0	0	0	0	0	0
Chr2	8842000	8843000	peri	0	0	0	0	0	1
Chr2	8844000	8845000	peri	0	0	1	0	0	1
Chr2	8846000	8847000	peri	0	0	1	0	0	0
Chr2	8847000	8848000	peri	0	0	1	0	0	1
Chr2	8848000	8849000	peri	0	0	1	0	0	1
Chr2	8850000	8851000	peri	0	0	1	0	0	1
Chr2	8852000	8853000	peri	0	0	1	0	0	1
Chr2	8853000	8854000	peri	0	0	1	0	0	0
Chr2	8854000	8855000	peri	0	0	0	0	0	1
Chr2	8855000	8856000	peri	0	0	0	0	0	1
Chr2	8856000	8857000	peri	0	0	0	0	0	0
Chr2	8857000	8858000	peri	0	0	1	0	0	0
Chr2	8859000	8860000	peri	0	0	1	0	0	0
Chr2	8860000	8861000	peri	0	0	0	0	0	0
Chr2	8861000	8862000	peri	0	0	1	0	0	0
Chr2	8862000	8863000	peri	0	0	1	0	0	0
Chr2	8867000	8868000	peri	0	0	1	0	0	0
Chr2	8868000	8869000	peri	0	0	1	0	0	0
Chr2	8869000	8870000	peri	0	0	1	0	0	0
Chr2	8870000	8871000	peri	0	0	0	0	0	0
Chr2	8871000	8872000	peri	0	0	1	0	0	1
Chr2	8872000	8873000	peri	0	0	1	0	0	0
Chr2	8873000	8874000	peri	0	0	1	0	0	0
Chr2	8875000	8876000	peri	0	0	0	0	0	0
Chr2	8876000	8877000	peri	0	0	1	0	0	0
Chr2	8877000	8878000	peri	0	0	1	0	0	1
Chr2	8878000	8879000	peri	0	0	1	0	0	0
Chr2	8879000	8880000	peri	0	0	1	0	0	1
Chr2	8880000	8881000	peri	0	0	1	0	0	1
Chr2	8881000	8882000	peri	0	0	1	0	0	1
Chr2	8882000	8883000	peri	0	0	1	0	0	0
Chr2	8883000	8884000	peri	0	0	1	0	0	0
Chr2	8884000	8885000	peri	0	0	1	0	0	0
Chr2	8885000	8886000	peri	0	0	1	0	0	1
Chr2	8886000	8887000	peri	0	0	1	0	0	0
Chr2	8888000	8889000	peri	0	0	1	0	0	1
Chr2	8889000	8890000	peri	0	0	0	0	0	0
Chr2	8890000	8891000	peri	0	0	1	0	0	1
Chr2	8892000	8893000	peri	0	0	1	0	0	0
Chr2	8893000	8894000	peri	0	0	1	0	0	0
Chr2	8894000	8895000	peri	0	0	1	0	0	1
Chr2	8895000	8896000	peri	0	0	1	0	0	0
Chr2	8898000	8899000	peri	0	0	1	0	0	1
Chr2	8899000	8900000	peri	0	0	1	0	0	1
Chr2	8900000	8901000	peri	0	0	1	0	0	0
Chr2	8901000	8902000	peri	0	0	1	0	0	0
Chr2	8902000	8903000	peri	0	0	1	0	0	1
Chr2	8904000	8905000	peri	0	0	1	0	0	1
Chr2	8905000	8906000	peri	0	0	1	0	0	0
Chr2	8906000	8907000	peri	0	0	0	0	0	0
Chr2	8907000	8908000	peri	0	0	0	0	0	0
Chr2	8908000	8909000	peri	0	0	0	0	0	1
Chr2	8910000	8911000	peri	0	0	1	0	0	1
Chr2	8911000	8912000	peri	0	0	1	0	0	1
Chr2	8914000	8915000	peri	0	0	1	0	0	1
Chr2	8915000	8916000	peri	0	0	1	0	0	1
Chr2	8917000	8918000	peri	0	0	1	0	0	0
Chr2	8918000	8919000	peri	0	0	0	0	0	1
Chr2	8920000	8921000	peri	0	0	1	0	0	1
Chr2	8922000	8923000	peri	0	0	1	0	0	0
Chr2	8923000	8924000	peri	0	0	1	0	0	0
Chr2	8924000	8925000	peri	0	0	0	0	0	1
Chr2	8925000	8926000	peri	0	0	1	0	0	0
Chr2	8926000	8927000	peri	0	0	1	0	0	0
Chr2	8927000	8928000	peri	0	0	1	0	0	0
Chr2	8928000	8929000	peri	0	0	1	0	0	1
Chr2	8929000	8930000	peri	0	0	1	0	0	0
Chr2	8932000	8933000	peri	0	0	0	0	0	0
Chr2	8935000	8936000	peri	0	0	0	0	0	1
Chr2	8937000	8938000	peri	0	0	0	0	0	0
Chr2	8938000	8939000	peri	0	0	1	0	0	0
Chr2	8939000	8940000	peri	0	0	1	0	0	0
Chr2	8940000	8941000	peri	0	0	1	0	0	0
Chr2	8941000	8942000	peri	0	0	1	0	0	1
Chr2	8943000	8944000	peri	0	0	1	0	0	1
Chr2	8944000	8945000	peri	0	0	0	0	0	1
Chr2	8945000	8946000	peri	0	0	1	0	0	1
Chr2	8946000	8947000	peri	0	0	1	0	0	1
Chr2	8948000	8949000	peri	0	0	1	0	0	0
Chr2	8950000	8951000	peri	0	0	1	0	0	1
Chr2	8951000	8952000	peri	0	0	1	0	0	1
Chr2	8953000	8954000	peri	0	0	1	0	0	0
Chr2	8955000	8956000	peri	0	0	1	0	0	1
Chr2	8956000	8957000	peri	0	0	1	0	0	1
Chr2	8957000	8958000	peri	0	0	1	0	0	0
Chr2	8958000	8959000	peri	0	0	1	0	0	0
Chr2	8960000	8961000	peri	0	0	1	0	0	0
Chr2	8961000	8962000	peri	0	0	1	0	0	1
Chr2	8962000	8963000	peri	0	0	1	0	0	0
Chr2	8963000	8964000	peri	0	0	1	0	0	1
Chr2	8964000	8965000	peri	0	0	1	0	0	0
Chr2	8966000	8967000	peri	0	0	1	0	0	1
Chr2	8967000	8968000	peri	0	0	1	0	0	0
Chr2	8968000	8969000	peri	0	0	1	0	0	0
Chr2	8969000	8970000	peri	0	0	1	0	0	0
Chr2	8970000	8971000	peri	0	0	1	0	0	0
Chr2	8971000	8972000	peri	0	0	1	0	0	1
Chr2	8972000	8973000	peri	0	0	1	0	0	1
Chr2	8973000	8974000	peri	0	0	1	0	0	0
Chr2	8974000	8975000	peri	0	0	0	0	0	0
Chr2	8975000	8976000	peri	0	0	0	0	0	0
Chr2	8976000	8977000	peri	0	0	0	0	0	0
Chr2	8977000	8978000	peri	0	0	0	0	0	0
Chr2	8979000	8980000	peri	0	0	1	0	0	0
Chr2	8980000	8981000	peri	0	0	1	0	0	0
Chr2	8981000	8982000	peri	0	0	1	0	0	1
Chr2	8982000	8983000	peri	0	0	1	0	0	1
Chr2	8985000	8986000	peri	0	0	1	0	0	1
Chr2	8987000	8988000	peri	0	0	1	0	0	0
Chr2	8989000	8990000	peri	0	0	1	0	0	1
Chr2	8990000	8991000	peri	0	0	0	0	0	1
Chr2	8991000	8992000	peri	0	0	0	0	0	0
Chr2	8992000	8993000	peri	0	0	1	0	0	0
Chr2	8993000	8994000	peri	0	0	1	0	0	1
Chr2	8994000	8995000	peri	0	0	1	0	0	0
Chr2	8995000	8996000	peri	0	0	1	0	0	0
Chr2	8996000	8997000	peri	0	0	1	0	0	0
Chr2	8997000	8998000	peri	0	0	0	0	0	0
Chr2	8998000	8999000	peri	0	0	0	0	0	0
Chr2	8999000	9000000	peri	0	0	0	0	0	1
Chr2	9003000	9004000	peri	0	0	1	0	0	1
Chr2	9004000	9005000	peri	0	0	1	0	0	1
Chr2	9005000	9006000	peri	0	0	0	0	0	0
Chr2	9006000	9007000	peri	0	0	1	0	0	1
Chr2	9007000	9008000	peri	0	0	1	0	0	1
Chr2	9008000	9009000	peri	0	0	1	0	0	0
Chr2	9010000	9011000	peri	0	0	0	0	0	0
Chr2	9011000	9012000	peri	0	0	1	0	0	1
Chr2	9012000	9013000	peri	0	0	1	0	0	0
Chr2	9013000	9014000	peri	0	0	1	0	0	1
Chr2	9014000	9015000	peri	0	0	1	0	0	0
Chr2	9015000	9016000	peri	0	0	1	0	0	1
Chr2	9016000	9017000	peri	0	0	1	0	0	0
Chr2	9017000	9018000	peri	0	0	1	0	0	0
Chr2	9018000	9019000	peri	0	0	1	0	0	0
Chr2	9019000	9020000	peri	0	0	1	0	0	0
Chr2	9020000	9021000	peri	0	0	1	0	0	0
Chr2	9021000	9022000	peri	0	0	1	0	0	0
Chr2	9023000	9024000	peri	0	0	1	0	0	1
Chr2	9024000	9025000	peri	0	0	0	0	0	1
Chr2	9025000	9026000	peri	0	0	1	0	0	0
Chr2	9026000	9027000	peri	0	0	1	0	0	1
Chr2	9027000	9028000	peri	0	0	1	0	0	1
Chr2	9029000	9030000	peri	0	0	1	0	0	0
Chr2	9030000	9031000	peri	0	0	1	0	0	0
Chr2	9031000	9032000	peri	0	0	1	0	0	0
Chr2	9033000	9034000	peri	0	0	0	0	0	0
Chr2	9034000	9035000	peri	0	0	1	0	0	0
Chr2	9035000	9036000	peri	0	0	1	0	0	1
Chr2	9036000	9037000	peri	0	0	1	0	0	1
Chr2	9037000	9038000	peri	0	0	1	0	0	1
Chr2	9039000	9040000	peri	0	0	0	0	0	0
Chr2	9041000	9042000	peri	0	0	1	0	0	1
Chr2	9043000	9044000	peri	0	0	0	0	0	0
Chr2	9046000	9047000	peri	0	0	1	0	0	0
Chr2	9049000	9050000	peri	0	0	1	0	0	1
Chr2	9050000	9051000	peri	0	0	1	0	0	1
Chr2	9051000	9052000	peri	0	0	1	0	0	1
Chr2	9052000	9053000	peri	0	0	0	0	0	1
Chr2	9053000	9054000	peri	0	0	0	0	0	1
Chr2	9055000	9056000	peri	0	0	1	0	0	0
Chr2	9057000	9058000	peri	0	0	1	0	0	1
Chr2	9058000	9059000	peri	0	0	1	0	0	0
Chr2	9059000	9060000	peri	0	0	0	0	0	1
Chr2	9060000	9061000	peri	0	0	1	0	0	0
Chr2	9061000	9062000	peri	0	0	1	0	0	1
Chr2	9062000	9063000	peri	0	0	1	0	0	0
Chr2	9064000	9065000	peri	0	0	1	0	0	0
Chr2	9067000	9068000	peri	0	0	0	0	0	0
Chr2	9068000	9069000	peri	0	0	1	0	0	1
Chr2	9070000	9071000	peri	0	0	0	0	0	1
Chr2	9072000	9073000	peri	0	0	0	0	0	0
Chr2	9073000	9074000	peri	0	0	1	0	0	0
Chr2	9074000	9075000	peri	0	0	1	0	0	0
Chr2	9075000	9076000	peri	0	0	1	0	0	0
Chr2	9076000	9077000	peri	0	0	1	0	0	0
Chr2	9077000	9078000	peri	0	0	1	0	0	1
Chr2	9078000	9079000	peri	0	0	1	0	0	1
Chr2	9079000	9080000	peri	0	0	1	0	0	1
Chr2	9080000	9081000	peri	0	0	1	0	0	1
Chr2	9081000	9082000	peri	0	0	1	0	0	1
Chr2	9082000	9083000	peri	0	0	1	0	0	1
Chr2	9084000	9085000	peri	0	0	1	0	0	1
Chr2	9085000	9086000	peri	0	0	1	0	0	0
Chr2	9086000	9087000	peri	0	0	1	0	0	0
Chr2	9087000	9088000	peri	0	0	1	0	0	1
Chr2	9088000	9089000	peri	0	0	1	0	0	0
Chr2	9090000	9091000	peri	0	0	1	0	0	0
Chr2	9091000	9092000	peri	0	0	1	0	0	0
Chr2	9092000	9093000	peri	0	0	1	0	0	1
Chr2	9093000	9094000	peri	0	0	1	0	0	1
Chr2	9094000	9095000	peri	0	0	0	0	0	1
Chr2	9095000	9096000	peri	0	0	1	0	0	1
Chr2	9096000	9097000	peri	0	0	1	0	0	0
Chr2	9097000	9098000	peri	0	0	1	0	0	0
Chr2	9098000	9099000	peri	0	0	1	0	0	0
Chr2	9099000	9100000	peri	0	0	1	0	0	1
Chr2	9100000	9101000	peri	0	0	1	0	0	0
Chr2	9103000	9104000	peri	0	0	1	0	0	1
Chr2	9104000	9105000	peri	0	0	1	0	0	1
Chr2	9105000	9106000	peri	0	0	1	0	0	1
Chr2	9106000	9107000	peri	0	0	1	0	0	1
Chr2	9107000	9108000	peri	0	0	1	0	0	0
Chr2	9108000	9109000	peri	0	0	1	0	0	0
Chr2	9109000	9110000	peri	0	0	0	0	0	0
Chr2	9110000	9111000	peri	0	0	1	0	0	0
Chr2	9111000	9112000	peri	0	0	0	0	0	0
Chr2	9112000	9113000	peri	0	0	0	0	0	0
Chr2	9114000	9115000	peri	0	0	1	0	0	0
Chr2	9115000	9116000	peri	0	0	1	0	0	1
Chr2	9116000	9117000	peri	0	0	1	0	0	0
Chr2	9117000	9118000	peri	0	0	1	0	0	0
Chr2	9118000	9119000	peri	0	0	1	0	0	1
Chr2	9121000	9122000	peri	0	0	1	0	0	1
Chr2	9124000	9125000	peri	0	0	1	0	0	1
Chr2	9125000	9126000	peri	0	0	0	0	0	1
Chr2	9126000	9127000	peri	0	0	0	0	0	1
Chr2	9127000	9128000	peri	0	0	1	0	0	0
Chr2	9128000	9129000	peri	0	0	1	0	0	0
Chr2	9130000	9131000	peri	0	0	0	0	0	0
Chr2	9131000	9132000	peri	0	0	1	0	0	0
Chr2	9132000	9133000	peri	0	0	1	0	0	0
Chr2	9133000	9134000	peri	0	0	0	0	0	0
Chr2	9134000	9135000	peri	0	0	0	0	0	0
Chr2	9136000	9137000	peri	0	0	1	0	0	1
Chr2	9138000	9139000	peri	0	0	1	0	0	0
Chr2	9139000	9140000	peri	0	0	1	0	0	0
Chr2	9140000	9141000	peri	0	0	0	0	0	0
Chr2	9142000	9143000	peri	0	0	1	0	0	0
Chr2	9143000	9144000	peri	0	0	1	0	0	0
Chr2	9144000	9145000	peri	0	0	1	0	0	0
Chr2	9145000	9146000	peri	0	0	0	0	0	1
Chr2	9146000	9147000	peri	0	0	1	0	0	1
Chr2	9147000	9148000	peri	0	0	1	0	0	0
Chr2	9148000	9149000	peri	0	0	1	0	0	0
Chr2	9149000	9150000	peri	0	0	1	0	0	1
Chr2	9150000	9151000	peri	0	0	1	0	0	0
Chr2	9151000	9152000	peri	0	0	1	0	0	0
Chr2	9152000	9153000	peri	0	0	1	0	0	0
Chr2	9154000	9155000	peri	0	0	1	0	0	0
Chr2	9155000	9156000	peri	0	0	1	0	0	0
Chr2	9156000	9157000	peri	0	0	1	0	0	0
Chr2	9157000	9158000	peri	0	0	1	0	0	0
Chr2	9159000	9160000	peri	0	0	0	0	0	0
Chr2	9160000	9161000	peri	0	0	0	0	0	1
Chr2	9161000	9162000	peri	0	0	1	0	0	0
Chr2	9162000	9163000	peri	0	0	1	0	0	0
Chr2	9163000	9164000	peri	0	0	1	0	0	0
Chr2	9165000	9166000	peri	0	0	0	0	0	0
Chr2	9166000	9167000	peri	0	0	1	0	0	0
Chr2	9167000	9168000	peri	0	0	1	0	0	1
Chr2	9168000	9169000	peri	0	0	1	0	0	0
Chr2	9170000	9171000	peri	0	0	1	0	0	0
Chr2	9171000	9172000	peri	0	0	1	0	0	1
Chr2	9172000	9173000	peri	0	0	1	0	0	0
Chr2	9173000	9174000	peri	0	0	1	0	0	1
Chr2	9174000	9175000	peri	0	0	1	0	0	1
Chr2	9175000	9176000	peri	0	0	1	0	0	0
Chr2	9176000	9177000	peri	0	0	1	0	0	1
Chr2	9177000	9178000	peri	0	0	1	0	0	1
Chr2	9180000	9181000	peri	0	0	1	0	0	1
Chr2	9181000	9182000	peri	0	0	1	0	0	1
Chr2	9182000	9183000	peri	0	0	1	0	0	1
Chr2	9183000	9184000	peri	0	0	1	0	0	0
Chr2	9184000	9185000	peri	0	0	1	0	0	1
Chr2	9186000	9187000	peri	0	0	1	0	0	1
Chr2	9187000	9188000	peri	0	0	1	0	0	1
Chr2	9188000	9189000	peri	0	0	1	0	0	0
Chr2	9189000	9190000	peri	0	0	1	0	0	1
Chr2	9190000	9191000	peri	0	0	1	0	0	1
Chr2	9191000	9192000	peri	0	0	1	0	0	1
Chr2	9193000	9194000	peri	0	0	1	0	0	1
Chr2	9194000	9195000	peri	0	0	1	0	0	0
Chr2	9195000	9196000	peri	0	0	1	0	0	1
Chr2	9196000	9197000	peri	0	0	1	0	0	1
Chr2	9199000	9200000	peri	0	0	1	0	0	1
Chr2	9200000	9201000	peri	0	0	1	0	0	1
Chr2	9201000	9202000	peri	0	0	1	0	0	1
Chr2	9202000	9203000	peri	0	0	1	0	0	1
Chr2	9203000	9204000	peri	0	0	1	0	0	0
Chr2	9204000	9205000	peri	0	0	1	0	0	1
Chr2	9205000	9206000	peri	0	0	1	0	0	0
Chr2	9206000	9207000	peri	0	0	0	0	0	1
Chr2	9207000	9208000	peri	0	0	1	0	0	1
Chr2	9208000	9209000	peri	0	0	1	0	0	1
Chr2	9209000	9210000	peri	0	0	1	0	0	1
Chr2	9210000	9211000	peri	0	0	1	0	0	1
Chr2	9211000	9212000	peri	0	0	1	0	0	0
Chr2	9212000	9213000	peri	0	0	1	0	0	0
Chr2	9213000	9214000	peri	0	0	1	0	0	0
Chr2	9214000	9215000	peri	0	0	1	0	0	0
Chr2	9215000	9216000	peri	0	0	1	0	0	1
Chr2	9216000	9217000	peri	0	0	1	0	0	1
Chr2	9217000	9218000	peri	0	0	1	0	0	1
Chr2	9220000	9221000	peri	0	0	1	0	0	1
Chr2	9221000	9222000	peri	0	0	1	0	0	0
Chr2	9222000	9223000	peri	0	0	1	0	0	1
Chr2	9224000	9225000	peri	0	0	1	0	0	0
Chr2	9225000	9226000	peri	0	0	1	0	0	0
Chr2	9226000	9227000	peri	0	0	1	0	0	0
Chr2	9227000	9228000	peri	0	0	1	0	0	1
Chr2	9228000	9229000	peri	0	0	1	0	0	0
Chr2	9229000	9230000	peri	0	0	1	0	0	1
Chr2	9230000	9231000	peri	0	0	1	0	0	1
Chr2	9231000	9232000	peri	0	0	0	0	0	1
Chr2	9232000	9233000	peri	0	0	1	0	0	1
Chr2	9233000	9234000	peri	0	0	1	0	0	1
Chr2	9234000	9235000	peri	0	0	1	0	0	0
Chr2	9236000	9237000	peri	0	0	1	0	0	1
Chr2	9238000	9239000	peri	0	0	1	0	0	1
Chr2	9239000	9240000	peri	0	0	1	0	0	1
Chr2	9240000	9241000	peri	0	0	1	0	0	1
Chr2	9241000	9242000	peri	0	0	1	0	0	1
Chr2	9242000	9243000	peri	0	0	1	0	0	0
Chr2	9243000	9244000	peri	0	0	1	0	0	1
Chr2	9244000	9245000	peri	0	0	1	0	0	0
Chr2	9245000	9246000	peri	0	0	1	0	0	1
Chr2	9246000	9247000	peri	0	0	1	0	0	1
Chr2	9247000	9248000	peri	0	0	1	0	0	0
Chr2	9248000	9249000	peri	0	0	0	0	0	1
Chr2	9249000	9250000	peri	0	0	1	0	0	1
Chr2	9250000	9251000	peri	0	0	1	0	0	0
Chr2	9251000	9252000	peri	0	0	0	0	0	1
Chr2	9252000	9253000	peri	0	0	1	0	0	0
Chr2	9253000	9254000	peri	0	0	1	0	0	0
Chr2	9254000	9255000	peri	0	0	1	0	0	0
Chr2	9255000	9256000	peri	0	0	1	0	0	1
Chr2	9256000	9257000	peri	0	0	1	0	0	1
Chr2	9257000	9258000	peri	0	0	1	0	0	0
Chr2	9259000	9260000	peri	0	0	1	0	0	0
Chr2	9260000	9261000	peri	0	0	1	0	0	1
Chr2	9261000	9262000	peri	0	0	1	0	0	0
Chr2	9262000	9263000	peri	0	0	1	0	0	1
Chr2	9263000	9264000	peri	0	0	1	0	0	0
Chr2	9264000	9265000	peri	0	0	1	0	0	1
Chr2	9265000	9266000	peri	0	0	1	0	0	0
Chr2	9266000	9267000	peri	0	0	1	0	0	0
Chr2	9267000	9268000	peri	0	0	1	0	0	1
Chr2	9268000	9269000	peri	0	0	0	0	0	1
Chr2	9269000	9270000	peri	0	0	1	0	0	0
Chr2	9270000	9271000	peri	0	0	1	0	0	0
Chr2	9271000	9272000	peri	0	0	1	0	0	1
Chr2	9272000	9273000	peri	0	0	1	0	0	0
Chr2	9273000	9274000	peri	0	0	1	0	0	1
Chr2	9274000	9275000	peri	0	0	1	0	0	1
Chr2	9276000	9277000	peri	0	0	1	0	0	0
Chr2	9277000	9278000	peri	0	0	1	0	0	0
Chr2	9278000	9279000	peri	0	0	1	0	0	0
Chr2	9279000	9280000	peri	0	0	1	0	0	0
Chr2	9280000	9281000	peri	0	0	1	0	0	0
Chr2	9281000	9282000	peri	0	0	1	0	0	0
Chr2	9282000	9283000	peri	0	0	1	0	0	0
Chr2	9283000	9284000	peri	0	0	1	0	0	1
Chr2	9284000	9285000	peri	0	0	1	0	0	0
Chr2	9285000	9286000	peri	0	0	1	0	0	1
Chr2	9287000	9288000	peri	0	0	1	0	0	1
Chr2	9288000	9289000	peri	0	0	1	0	0	0
Chr2	9289000	9290000	peri	0	0	1	0	0	1
Chr2	9290000	9291000	peri	0	0	1	0	0	0
Chr2	9291000	9292000	peri	0	0	1	0	0	1
Chr2	9293000	9294000	peri	0	0	0	0	0	1
Chr2	9294000	9295000	peri	0	0	0	0	0	0
Chr2	10614000	10615000	cen	0	0	1	1	1	0
Chr2	10621000	10622000	cen	0	0	1	1	1	1
Chr2	10622000	10623000	cen	0	0	1	0	1	1
Chr2	10623000	10624000	cen	0	0	1	1	0	0
Chr2	11106000	11107000	cen	0	0	1	0	1	0
Chr2	11114000	11115000	cen	0	0	1	0	0	1
Chr2	12258000	12259000	peri	0	0	1	0	0	1
Chr2	12580000	12581000	peri	0	0	1	1	1	1
Chr2	12677000	12678000	peri	1	1	1	1	0	0
Chr2	13111000	13112000	peri	0	0	0	1	1	1
Chr2	13294000	13295000	peri	0	0	1	0	0	1
Chr2	13295000	13296000	peri	0	0	1	0	0	1
Chr2	13300000	13301000	peri	0	0	1	0	1	1
Chr2	13856000	13857000	peri	0	0	1	0	0	1
Chr2	14339000	14340000	peri	0	0	1	0	0	1
Chr2	16111000	16112000	arm	0	0	1	1	1	0
Chr2	24914000	24915000	arm	0	1	0	0	0	0
Chr2	25181000	25182000	arm	0	1	0	1	1	0
Chr2	25580000	25581000	arm	0	1	0	0	0	0
Chr3	527000	528000	arm	0	1	1	0	0	0
Chr3	1613000	1614000	arm	0	1	0	1	1	1
Chr3	1995000	1996000	arm	0	1	1	0	0	1
Chr3	5599000	5600000	arm	0	1	0	0	1	0
Chr3	5807000	5808000	arm	0	1	1	0	0	0
Chr3	7809000	7810000	arm	0	1	1	1	1	0
Chr3	10031000	10032000	peri	0	1	0	1	0	0
Chr3	11340000	11341000	peri	0	0	1	0	1	1
Chr3	12622000	12623000	peri	0	0	1	0	1	0
Chr3	12863000	12864000	peri	0	1	1	1	1	1
Chr3	12974000	12975000	peri	0	0	1	1	1	1
Chr3	12975000	12976000	peri	0	0	1	0	1	1
Chr3	15852000	15853000	peri	0	0	1	0	1	1
Chr3	15870000	15871000	peri	0	0	1	0	0	1
Chr3	15877000	15878000	peri	0	0	1	1	1	0
Chr3	15881000	15882000	peri	0	0	1	0	0	1
Chr3	15933000	15934000	peri	0	0	1	1	1	1
Chr3	15982000	15983000	peri	0	0	1	1	1	0
Chr3	15989000	15990000	peri	0	0	1	1	1	1
Chr3	16008000	16009000	peri	0	0	1	1	1	1
Chr3	16070000	16071000	peri	0	0	1	0	0	1
Chr3	16075000	16076000	peri	0	0	1	0	1	1
Chr3	16500000	16501000	peri	0	0	1	0	0	1
Chr3	16546000	16547000	peri	0	0	1	1	0	1
Chr3	16552000	16553000	peri	0	0	1	1	1	1
Chr3	16608000	16609000	peri	0	0	1	0	0	1
Chr3	16665000	16666000	peri	0	0	1	1	0	0
Chr3	16667000	16668000	peri	0	0	1	1	1	0
Chr3	16673000	16674000	peri	0	0	1	0	1	0
Chr3	16681000	16682000	peri	0	0	1	1	1	1
Chr3	16682000	16683000	peri	0	0	1	1	1	1
Chr3	16691000	16692000	peri	0	0	1	0	0	0
Chr3	16693000	16694000	peri	0	0	1	1	0	1
Chr3	16697000	16698000	peri	0	0	1	1	0	0
Chr3	16700000	16701000	peri	0	0	1	1	1	1
Chr3	16705000	16706000	peri	0	0	1	1	1	1
Chr3	16711000	16712000	peri	0	0	1	0	1	1
Chr3	16715000	16716000	peri	0	0	1	0	0	1
Chr3	16716000	16717000	peri	0	0	1	1	1	1
Chr3	16719000	16720000	peri	0	0	1	1	1	1
Chr3	16721000	16722000	peri	0	0	1	0	0	0
Chr3	16790000	16791000	peri	0	0	1	0	1	1
Chr3	16853000	16854000	peri	0	0	1	0	0	1
Chr3	16858000	16859000	peri	0	0	1	1	1	0
Chr3	17084000	17085000	peri	0	0	1	0	1	1
Chr3	18189000	18190000	peri	0	1	1	0	0	0
Chr3	20071000	20072000	peri	0	0	1	0	0	1
Chr4	6000	7000	rDNA	0	0	0	0	0	0
Chr4	7000	8000	rDNA	0	0	0	0	0	0
Chr4	9000	10000	rDNA	0	0	0	0	0	0
Chr4	14000	15000	rDNA	0	0	0	1	1	0
Chr4	16000	17000	rDNA	0	0	0	1	1	1
Chr4	17000	18000	rDNA	0	0	0	0	0	1
Chr4	19000	20000	rDNA	0	0	0	0	0	0
Chr4	21000	22000	rDNA	0	0	0	0	0	0
Chr4	22000	23000	rDNA	0	0	1	0	0	0
Chr4	23000	24000	rDNA	0	0	0	0	0	0
Chr4	24000	25000	rDNA	0	0	0	1	1	0
Chr4	26000	27000	rDNA	0	0	0	1	1	0
Chr4	28000	29000	rDNA	0	0	0	0	0	1
Chr4	29000	30000	rDNA	0	0	0	0	0	0
Chr4	30000	31000	rDNA	0	0	0	0	0	0
Chr4	31000	32000	rDNA	0	0	0	0	0	1
Chr4	34000	35000	rDNA	0	0	0	0	0	0
Chr4	39000	40000	rDNA	0	0	0	1	0	0
Chr4	40000	41000	rDNA	0	0	0	0	0	0
Chr4	41000	42000	rDNA	0	0	0	0	0	0
Chr4	44000	45000	rDNA	0	0	0	1	1	0
Chr4	45000	46000	rDNA	0	0	0	0	0	0
Chr4	46000	47000	rDNA	0	0	0	1	0	0
Chr4	47000	48000	rDNA	0	0	0	0	0	0
Chr4	51000	52000	rDNA	0	0	0	0	0	0
Chr4	52000	53000	rDNA	0	0	0	0	0	0
Chr4	54000	55000	rDNA	0	0	0	0	0	0
Chr4	55000	56000	rDNA	0	0	0	1	1	0
Chr4	62000	63000	rDNA	0	0	0	0	0	0
Chr4	63000	64000	rDNA	0	0	0	0	0	0
Chr4	65000	66000	rDNA	0	0	0	1	1	0
Chr4	72000	73000	rDNA	0	0	0	0	0	0
Chr4	73000	74000	rDNA	0	0	0	0	0	0
Chr4	75000	76000	rDNA	0	0	0	0	0	0
Chr4	80000	81000	rDNA	0	0	0	0	0	0
Chr4	81000	82000	rDNA	0	0	0	0	0	0
Chr4	82000	83000	rDNA	0	0	0	0	0	0
Chr4	83000	84000	rDNA	0	0	1	0	0	0
Chr4	85000	86000	rDNA	0	0	0	0	0	1
Chr4	86000	87000	rDNA	0	0	0	0	0	0
Chr4	87000	88000	rDNA	0	0	0	0	0	0
Chr4	90000	91000	rDNA	0	0	0	1	0	1
Chr4	91000	92000	rDNA	0	0	0	1	1	1
Chr4	92000	93000	rDNA	0	0	0	0	0	0
Chr4	93000	94000	rDNA	0	0	1	0	0	0
Chr4	94000	95000	rDNA	0	0	1	0	0	0
Chr4	96000	97000	rDNA	0	0	0	1	1	0
Chr4	97000	98000	rDNA	0	0	0	0	0	0
Chr4	103000	104000	rDNA	0	0	0	0	0	0
Chr4	104000	105000	rDNA	0	0	1	0	0	0
Chr4	106000	107000	rDNA	0	0	0	0	0	0
Chr4	112000	113000	rDNA	0	0	0	0	0	0
Chr4	113000	114000	rDNA	0	0	0	1	1	0
Chr4	114000	115000	rDNA	0	0	1	1	1	0
Chr4	116000	117000	rDNA	0	0	0	0	0	1
Chr4	117000	118000	rDNA	0	0	0	0	1	0
Chr4	120000	121000	rDNA	0	0	0	0	0	0
Chr4	121000	122000	rDNA	0	0	0	0	0	0
Chr4	124000	125000	rDNA	0	0	0	0	0	0
Chr4	126000	127000	rDNA	0	0	1	0	0	0
Chr4	127000	128000	rDNA	0	0	0	0	0	0
Chr4	128000	129000	rDNA	0	0	0	1	0	0
Chr4	133000	134000	rDNA	0	0	0	0	0	1
Chr4	134000	135000	rDNA	0	0	0	0	0	0
Chr4	137000	138000	rDNA	0	0	0	0	0	0
Chr4	138000	139000	rDNA	0	0	0	1	1	0
Chr4	139000	140000	rDNA	0	0	0	0	0	0
Chr4	143000	144000	rDNA	0	0	0	0	1	0
Chr4	144000	145000	rDNA	0	0	0	0	0	0
Chr4	145000	146000	rDNA	0	0	0	0	0	1
Chr4	147000	148000	rDNA	0	0	0	0	0	0
Chr4	148000	149000	rDNA	0	0	0	0	0	0
Chr4	149000	150000	rDNA	0	0	0	0	0	1
Chr4	155000	156000	rDNA	0	0	0	0	0	0
Chr4	157000	158000	rDNA	0	0	0	1	1	0
Chr4	158000	159000	rDNA	0	0	0	0	0	0
Chr4	160000	161000	rDNA	0	0	0	0	0	0
Chr4	162000	163000	rDNA	0	0	0	1	0	0
Chr4	163000	164000	rDNA	0	0	0	1	0	0
Chr4	164000	165000	rDNA	0	0	0	1	0	0
Chr4	165000	166000	rDNA	0	0	0	1	1	0
Chr4	168000	169000	rDNA	0	0	0	0	1	0
Chr4	169000	170000	rDNA	0	0	0	1	1	0
Chr4	170000	171000	rDNA	0	0	0	0	0	1
Chr4	172000	173000	rDNA	0	0	0	0	0	0
Chr4	173000	174000	rDNA	0	0	0	0	0	0
Chr4	174000	175000	rDNA	0	0	0	0	0	0
Chr4	175000	176000	rDNA	0	0	0	0	0	0
Chr4	176000	177000	rDNA	0	0	0	0	0	0
Chr4	178000	179000	rDNA	0	0	1	0	0	0
Chr4	182000	183000	rDNA	0	0	1	0	0	0
Chr4	183000	184000	rDNA	0	0	0	0	0	0
Chr4	184000	185000	rDNA	0	0	0	0	1	1
Chr4	185000	186000	rDNA	0	0	0	1	1	0
Chr4	186000	187000	rDNA	0	0	0	0	0	0
Chr4	188000	189000	rDNA	0	0	0	1	1	0
Chr4	189000	190000	rDNA	0	0	0	1	0	0
Chr4	190000	191000	rDNA	0	0	0	0	0	0
Chr4	192000	193000	rDNA	0	0	0	0	0	0
Chr4	193000	194000	rDNA	0	0	0	0	0	0
Chr4	194000	195000	rDNA	0	0	0	0	0	0
Chr4	195000	196000	rDNA	0	0	0	1	0	0
Chr4	196000	197000	rDNA	0	0	0	0	0	0
Chr4	197000	198000	rDNA	0	0	0	1	0	0
Chr4	199000	200000	rDNA	0	0	0	0	0	0
Chr4	204000	205000	rDNA	0	0	0	0	0	0
Chr4	206000	207000	rDNA	0	0	0	0	0	0
Chr4	207000	208000	rDNA	0	0	0	0	0	0
Chr4	209000	210000	rDNA	0	0	1	0	0	0
Chr4	211000	212000	rDNA	0	0	1	0	0	0
Chr4	213000	214000	rDNA	0	0	0	0	0	0
Chr4	214000	215000	rDNA	0	0	0	0	0	0
Chr4	215000	216000	rDNA	0	0	0	0	0	0
Chr4	216000	217000	rDNA	0	0	0	0	0	0
Chr4	217000	218000	rDNA	0	0	0	0	0	0
Chr4	219000	220000	rDNA	0	0	0	1	1	0
Chr4	220000	221000	rDNA	0	0	0	1	1	0
Chr4	221000	222000	rDNA	0	0	1	1	1	0
Chr4	222000	223000	rDNA	0	0	0	0	0	0
Chr4	223000	224000	rDNA	0	0	1	0	0	1
Chr4	224000	225000	rDNA	0	0	0	0	0	1
Chr4	225000	226000	rDNA	0	0	0	1	0	0
Chr4	226000	227000	rDNA	0	0	0	0	0	0
Chr4	227000	228000	rDNA	0	0	0	0	0	1
Chr4	230000	231000	rDNA	0	0	0	1	1	0
Chr4	237000	238000	rDNA	0	0	0	0	0	0
Chr4	238000	239000	rDNA	0	0	0	0	0	0
Chr4	240000	241000	rDNA	0	0	0	0	0	0
Chr4	241000	242000	rDNA	0	0	0	0	0	0
Chr4	242000	243000	rDNA	0	0	1	0	0	0
Chr4	244000	245000	rDNA	0	0	0	0	0	1
Chr4	245000	246000	rDNA	0	0	0	0	1	0
Chr4	246000	247000	rDNA	0	0	0	0	0	0
Chr4	247000	248000	rDNA	0	0	0	0	0	0
Chr4	249000	250000	rDNA	0	0	0	0	1	0
Chr4	255000	256000	rDNA	0	0	0	1	1	0
Chr4	256000	257000	rDNA	0	0	0	0	0	0
Chr4	257000	258000	rDNA	0	0	0	0	0	1
Chr4	259000	260000	rDNA	0	0	0	0	0	0
Chr4	263000	264000	rDNA	0	0	1	0	0	0
Chr4	264000	265000	rDNA	0	0	0	0	0	1
Chr4	265000	266000	rDNA	0	0	0	0	0	0
Chr4	267000	268000	rDNA	0	0	0	0	0	0
Chr4	268000	269000	rDNA	0	0	0	0	0	1
Chr4	269000	270000	rDNA	0	0	0	0	0	0
Chr4	270000	271000	rDNA	0	0	1	0	0	0
Chr4	275000	276000	rDNA	0	0	0	0	0	0
Chr4	276000	277000	rDNA	0	0	0	0	0	0
Chr4	277000	278000	rDNA	0	0	0	0	0	0
Chr4	280000	281000	rDNA	0	0	0	0	0	0
Chr4	286000	287000	rDNA	0	0	0	0	1	1
Chr4	287000	288000	rDNA	0	0	0	0	0	0
Chr4	288000	289000	rDNA	0	0	0	0	1	0
Chr4	290000	291000	rDNA	0	0	0	0	0	0
Chr4	295000	296000	rDNA	0	0	0	0	0	1
Chr4	296000	297000	rDNA	0	0	0	0	1	0
Chr4	297000	298000	rDNA	0	0	0	1	0	0
Chr4	298000	299000	rDNA	0	0	0	1	1	0
Chr4	300000	301000	rDNA	0	0	0	1	1	0
Chr4	301000	302000	rDNA	0	0	0	0	1	1
Chr4	308000	309000	rDNA	0	0	0	0	0	0
Chr4	311000	312000	rDNA	0	0	0	1	1	0
Chr4	315000	316000	rDNA	0	0	0	1	1	1
Chr4	316000	317000	rDNA	0	0	0	1	0	0
Chr4	318000	319000	rDNA	0	0	0	0	1	0
Chr4	319000	320000	rDNA	0	0	0	1	1	0
Chr4	321000	322000	rDNA	0	0	0	0	0	0
Chr4	326000	327000	rDNA	0	0	0	1	1	0
Chr4	328000	329000	rDNA	0	0	0	1	0	0
Chr4	329000	330000	rDNA	0	0	0	0	0	0
Chr4	331000	332000	rDNA	0	0	0	1	1	0
Chr4	332000	333000	rDNA	0	0	0	0	0	0
Chr4	339000	340000	rDNA	0	0	0	0	0	1
Chr4	341000	342000	rDNA	0	0	0	0	0	0
Chr4	342000	343000	rDNA	0	0	0	1	0	0
Chr4	344000	345000	rDNA	0	0	0	0	0	0
Chr4	346000	347000	rDNA	0	0	0	1	1	0
Chr4	347000	348000	rDNA	0	0	0	0	0	0
Chr4	348000	349000	rDNA	0	0	0	1	0	1
Chr4	349000	350000	rDNA	0	0	0	0	0	1
Chr4	352000	353000	rDNA	0	0	0	0	0	0
Chr4	353000	354000	rDNA	0	0	0	0	0	0
Chr4	360000	361000	rDNA	0	0	0	0	0	0
Chr4	362000	363000	rDNA	0	0	0	0	0	1
Chr4	363000	364000	rDNA	0	0	0	1	1	0
Chr4	370000	371000	rDNA	0	0	0	0	0	1
Chr4	373000	374000	rDNA	0	0	0	0	0	0
Chr4	375000	376000	rDNA	0	0	0	0	0	0
Chr4	380000	381000	rDNA	0	0	0	0	0	0
Chr4	381000	382000	rDNA	0	0	0	0	0	0
Chr4	383000	384000	rDNA	0	0	0	0	0	1
Chr4	384000	385000	rDNA	0	0	0	0	0	0
Chr4	391000	392000	rDNA	0	0	0	0	0	0
Chr4	393000	394000	rDNA	0	0	0	0	0	0
Chr4	394000	395000	rDNA	0	0	0	0	0	0
Chr4	399000	400000	rDNA	0	0	0	0	1	1
Chr4	400000	401000	rDNA	0	0	0	0	0	0
Chr4	401000	402000	rDNA	0	0	0	0	0	1
Chr4	402000	403000	rDNA	0	0	0	0	1	0
Chr4	404000	405000	rDNA	0	0	0	1	1	0
Chr4	408000	409000	rDNA	0	0	0	0	0	0
Chr4	409000	410000	rDNA	0	0	0	0	0	1
Chr4	410000	411000	rDNA	0	0	0	0	0	1
Chr4	411000	412000	rDNA	0	0	0	0	0	0
Chr4	412000	413000	rDNA	0	0	0	0	0	0
Chr4	414000	415000	rDNA	0	0	0	1	1	0
Chr4	420000	421000	rDNA	0	0	0	0	0	0
Chr4	422000	423000	rDNA	0	0	0	0	0	0
Chr4	424000	425000	rDNA	0	0	0	0	1	0
Chr4	425000	426000	rDNA	0	0	0	0	0	0
Chr4	429000	430000	rDNA	0	0	0	0	0	0
Chr4	430000	431000	rDNA	0	0	0	0	1	0
Chr4	431000	432000	rDNA	0	0	0	0	0	0
Chr4	432000	433000	rDNA	0	0	0	0	0	0
Chr4	433000	434000	rDNA	0	0	0	0	0	0
Chr4	435000	436000	rDNA	0	0	0	0	0	0
Chr4	441000	442000	rDNA	0	0	0	0	0	0
Chr4	442000	443000	rDNA	0	0	0	1	1	0
Chr4	443000	444000	rDNA	0	0	0	1	0	0
Chr4	445000	446000	rDNA	0	0	0	0	1	0
Chr4	449000	450000	rDNA	0	0	1	0	0	0
Chr4	450000	451000	rDNA	0	0	0	1	1	1
Chr4	451000	452000	rDNA	0	0	0	0	0	0
Chr4	453000	454000	rDNA	0	0	0	0	0	1
Chr4	455000	456000	rDNA	0	0	0	0	1	0
Chr4	456000	457000	rDNA	0	0	0	0	0	0
Chr4	461000	462000	rDNA	0	0	0	0	0	1
Chr4	462000	463000	rDNA	0	0	0	0	0	0
Chr4	463000	464000	rDNA	0	0	0	0	0	0
Chr4	464000	465000	rDNA	0	0	0	1	1	0
Chr4	466000	467000	rDNA	0	0	0	1	1	0
Chr4	472000	473000	rDNA	0	0	0	0	0	0
Chr4	473000	474000	rDNA	0	0	0	0	0	0
Chr4	476000	477000	rDNA	0	0	0	0	1	0
Chr4	483000	484000	rDNA	0	0	0	1	0	0
Chr4	484000	485000	rDNA	0	0	0	0	1	1
Chr4	486000	487000	rDNA	0	0	0	1	1	0
Chr4	487000	488000	rDNA	0	0	0	0	0	0
Chr4	494000	495000	rDNA	0	0	0	0	0	0
Chr4	495000	496000	rDNA	0	0	0	0	0	0
Chr4	496000	497000	rDNA	0	0	0	0	0	0
Chr4	497000	498000	rDNA	0	0	0	0	0	0
Chr4	498000	499000	rDNA	0	0	0	1	1	0
Chr4	500000	501000	rDNA	0	0	0	0	0	1
Chr4	501000	502000	rDNA	0	0	0	0	1	0
Chr4	502000	503000	rDNA	0	0	0	0	0	0
Chr4	503000	504000	rDNA	0	0	0	1	1	0
Chr4	504000	505000	rDNA	0	0	0	0	0	1
Chr4	505000	506000	rDNA	0	0	0	0	0	0
Chr4	508000	509000	rDNA	0	0	0	1	0	0
Chr4	512000	513000	rDNA	0	0	0	0	0	0
Chr4	513000	514000	rDNA	0	0	0	1	0	1
Chr4	514000	515000	rDNA	0	0	0	1	0	0
Chr4	515000	516000	rDNA	0	0	0	1	0	0
Chr4	516000	517000	rDNA	0	0	0	1	0	1
Chr4	518000	519000	rDNA	0	0	0	0	0	1
Chr4	519000	520000	rDNA	0	0	0	0	0	0
Chr4	521000	522000	rDNA	0	0	0	0	0	1
Chr4	526000	527000	rDNA	0	0	0	1	1	0
Chr4	529000	530000	rDNA	0	0	0	0	0	0
Chr4	536000	537000	rDNA	0	0	0	1	0	0
Chr4	537000	538000	rDNA	0	0	0	1	0	0
Chr4	539000	540000	rDNA	0	0	0	0	0	0
Chr4	543000	544000	rDNA	0	0	0	0	0	1
Chr4	544000	545000	rDNA	0	0	0	0	0	0
Chr4	545000	546000	rDNA	0	0	0	0	1	0
Chr4	546000	547000	rDNA	0	0	0	0	0	0
Chr4	547000	548000	rDNA	0	0	0	0	0	0
Chr4	549000	550000	rDNA	0	0	0	0	0	0
Chr4	550000	551000	rDNA	0	0	0	1	0	0
Chr4	553000	554000	rDNA	0	0	1	0	0	0
Chr4	554000	555000	rDNA	0	0	0	0	0	0
Chr4	555000	556000	rDNA	0	0	0	0	0	0
Chr4	557000	558000	rDNA	0	0	0	0	0	0
Chr4	560000	561000	rDNA	0	0	0	0	0	0
Chr4	564000	565000	rDNA	0	0	0	0	0	0
Chr4	565000	566000	rDNA	0	0	0	0	1	1
Chr4	566000	567000	rDNA	0	0	0	0	0	0
Chr4	567000	568000	rDNA	0	0	0	1	0	0
Chr4	568000	569000	rDNA	0	0	0	0	0	0
Chr4	570000	571000	rDNA	0	0	0	1	0	0
Chr4	572000	573000	rDNA	0	0	1	1	1	1
Chr4	574000	575000	rDNA	0	0	0	1	0	0
Chr4	575000	576000	rDNA	0	0	0	0	0	0
Chr4	577000	578000	rDNA	0	0	0	0	0	0
Chr4	578000	579000	rDNA	0	0	0	0	1	0
Chr4	580000	581000	rDNA	0	0	0	0	0	0
Chr4	581000	582000	rDNA	0	0	0	0	0	0
Chr4	586000	587000	rDNA	0	0	0	0	0	1
Chr4	587000	588000	rDNA	0	0	0	0	0	1
Chr4	588000	589000	rDNA	0	0	0	0	0	1
Chr4	590000	591000	rDNA	0	0	0	0	0	0
Chr4	591000	592000	rDNA	0	0	0	0	0	0
Chr4	596000	597000	rDNA	0	0	0	1	1	0
Chr4	598000	599000	rDNA	0	0	0	0	0	0
Chr4	599000	600000	rDNA	0	0	0	0	0	0
Chr4	601000	602000	rDNA	0	0	0	0	1	0
Chr4	605000	606000	rDNA	0	0	0	0	0	0
Chr4	606000	607000	rDNA	0	0	0	0	0	1
Chr4	607000	608000	rDNA	0	0	0	0	0	0
Chr4	608000	609000	rDNA	0	0	0	1	1	0
Chr4	611000	612000	rDNA	0	0	0	0	1	0
Chr4	612000	613000	rDNA	0	0	0	0	0	0
Chr4	617000	618000	rDNA	0	0	0	1	0	1
Chr4	618000	619000	rDNA	0	0	0	0	0	1
Chr4	619000	620000	rDNA	0	0	0	0	1	1
Chr4	621000	622000	rDNA	0	0	0	1	1	0
Chr4	622000	623000	rDNA	0	0	0	0	0	0
Chr4	625000	626000	rDNA	0	0	1	0	0	0
Chr4	626000	627000	rDNA	0	0	0	1	1	0
Chr4	627000	628000	rDNA	0	0	0	0	0	0
Chr4	628000	629000	rDNA	0	0	0	1	0	0
Chr4	629000	630000	rDNA	0	0	0	0	0	0
Chr4	630000	631000	rDNA	0	0	0	0	0	0
Chr4	632000	633000	rDNA	0	0	0	1	1	0
Chr4	636000	637000	rDNA	0	0	0	0	1	0
Chr4	637000	638000	rDNA	0	0	0	0	0	0
Chr4	638000	639000	rDNA	0	0	0	0	0	1
Chr4	639000	640000	rDNA	0	0	1	0	0	0
Chr4	640000	641000	rDNA	0	0	0	0	0	1
Chr4	642000	643000	rDNA	0	0	0	1	0	0
Chr4	643000	644000	rDNA	0	0	0	1	1	0
Chr4	648000	649000	rDNA	0	0	0	0	0	0
Chr4	650000	651000	rDNA	0	0	0	0	0	0
Chr4	651000	652000	rDNA	0	0	0	0	0	0
Chr4	652000	653000	rDNA	0	0	0	1	1	0
Chr4	653000	654000	rDNA	0	0	1	0	0	0
Chr4	658000	659000	rDNA	0	0	0	0	0	0
Chr4	659000	660000	rDNA	0	0	0	0	0	0
Chr4	660000	661000	rDNA	0	0	0	0	0	0
Chr4	663000	664000	rDNA	0	0	0	1	1	0
Chr4	667000	668000	rDNA	0	0	0	0	0	0
Chr4	668000	669000	rDNA	0	0	0	1	1	0
Chr4	669000	670000	rDNA	0	0	0	0	0	0
Chr4	670000	671000	rDNA	0	0	0	0	0	0
Chr4	671000	672000	rDNA	0	0	0	0	1	0
Chr4	673000	674000	rDNA	0	0	1	0	0	0
Chr4	677000	678000	rDNA	0	0	0	0	0	0
Chr4	678000	679000	rDNA	0	0	0	0	0	0
Chr4	679000	680000	rDNA	0	0	0	0	0	1
Chr4	680000	681000	rDNA	0	0	0	1	0	0
Chr4	681000	682000	rDNA	0	0	0	0	0	0
Chr4	683000	684000	rDNA	0	0	0	0	0	0
Chr4	684000	685000	rDNA	0	0	0	0	0	0
Chr4	685000	686000	rDNA	0	0	1	0	0	0
Chr4	687000	688000	rDNA	0	0	1	0	0	0
Chr4	688000	689000	rDNA	0	0	0	0	0	1
Chr4	689000	690000	rDNA	0	0	0	0	0	1
Chr4	691000	692000	rDNA	0	0	0	0	0	0
Chr4	693000	694000	rDNA	0	0	0	1	1	0
Chr4	694000	695000	rDNA	0	0	0	1	0	0
Chr4	696000	697000	rDNA	0	0	1	0	0	1
Chr4	698000	699000	rDNA	0	0	0	1	1	0
Chr4	699000	700000	rDNA	0	0	0	0	1	0
Chr4	700000	701000	rDNA	0	0	0	0	0	0
Chr4	701000	702000	rDNA	0	0	0	1	1	1
Chr4	704000	705000	rDNA	0	0	0	0	1	0
Chr4	708000	709000	rDNA	0	0	1	1	0	0
Chr4	709000	710000	rDNA	0	0	0	0	1	0
Chr4	711000	712000	rDNA	0	0	0	1	0	0
Chr4	714000	715000	rDNA	0	0	0	0	0	0
Chr4	717000	718000	rDNA	0	0	0	0	0	1
Chr4	720000	721000	rDNA	0	0	0	0	1	0
Chr4	722000	723000	rDNA	0	0	0	0	0	0
Chr4	723000	724000	rDNA	0	0	0	0	0	1
Chr4	724000	725000	rDNA	0	0	0	0	0	1
Chr4	725000	726000	rDNA	0	0	0	0	0	0
Chr4	730000	731000	rDNA	0	0	0	1	1	1
Chr4	731000	732000	rDNA	0	0	0	1	0	0
Chr4	732000	733000	rDNA	0	0	0	0	0	0
Chr4	735000	736000	rDNA	0	0	0	1	0	0
Chr4	736000	737000	rDNA	0	0	0	0	0	0
Chr4	737000	738000	rDNA	0	0	0	0	0	1
Chr4	742000	743000	rDNA	0	0	0	0	0	0
Chr4	743000	744000	rDNA	0	0	0	0	0	1
Chr4	745000	746000	rDNA	0	0	0	0	0	0
Chr4	749000	750000	rDNA	0	0	1	1	1	1
Chr4	750000	751000	rDNA	0	0	0	0	1	0
Chr4	751000	752000	rDNA	0	0	0	0	0	1
Chr4	752000	753000	rDNA	0	0	0	0	0	0
Chr4	753000	754000	rDNA	0	0	0	0	0	0
Chr4	755000	756000	rDNA	0	0	0	1	1	1
Chr4	756000	757000	rDNA	0	0	0	1	0	1
Chr4	760000	761000	rDNA	0	0	0	0	0	0
Chr4	763000	764000	rDNA	0	0	0	0	0	0
Chr4	766000	767000	rDNA	0	0	0	1	1	0
Chr4	770000	771000	rDNA	0	0	0	1	0	0
Chr4	773000	774000	rDNA	0	0	0	0	0	0
Chr4	776000	777000	rDNA	0	0	0	1	1	0
Chr4	783000	784000	rDNA	0	0	0	0	0	0
Chr4	784000	785000	rDNA	0	0	0	1	1	0
Chr4	786000	787000	rDNA	0	0	0	1	1	0
Chr4	787000	788000	rDNA	0	0	0	1	0	0
Chr4	791000	792000	rDNA	0	0	0	1	1	0
Chr4	794000	795000	rDNA	0	0	0	0	0	0
Chr4	797000	798000	rDNA	0	0	0	1	1	0
Chr4	803000	804000	rDNA	0	0	0	0	1	0
Chr4	804000	805000	rDNA	0	0	1	0	0	0
Chr4	807000	808000	rDNA	0	0	0	1	1	0
Chr4	808000	809000	rDNA	0	0	0	0	0	1
Chr4	809000	810000	rDNA	0	0	0	0	0	0
Chr4	812000	813000	rDNA	0	0	0	1	0	0
Chr4	813000	814000	rDNA	0	0	0	1	0	0
Chr4	814000	815000	rDNA	0	0	0	0	0	0
Chr4	815000	816000	rDNA	0	0	0	0	0	0
Chr4	817000	818000	rDNA	0	0	0	0	0	0
Chr4	818000	819000	rDNA	0	0	0	0	0	0
Chr4	821000	822000	rDNA	0	0	1	0	1	0
Chr4	822000	823000	rDNA	0	0	0	0	0	0
Chr4	823000	824000	rDNA	0	0	0	0	0	0
Chr4	824000	825000	rDNA	0	0	0	0	0	0
Chr4	825000	826000	rDNA	0	0	0	0	1	0
Chr4	827000	828000	rDNA	0	0	0	0	0	0
Chr4	828000	829000	rDNA	0	0	0	1	0	0
Chr4	830000	831000	rDNA	0	0	0	0	0	0
Chr4	834000	835000	rDNA	0	0	0	0	0	1
Chr4	835000	836000	rDNA	0	0	1	0	0	0
Chr4	838000	839000	rDNA	0	0	0	1	1	1
Chr4	840000	841000	rDNA	0	0	0	1	1	0
Chr4	842000	843000	rDNA	0	0	0	1	0	0
Chr4	843000	844000	rDNA	0	0	0	1	0	0
Chr4	844000	845000	rDNA	0	0	0	0	0	0
Chr4	845000	846000	rDNA	0	0	0	0	1	0
Chr4	846000	847000	rDNA	0	0	0	0	0	0
Chr4	848000	849000	rDNA	0	0	0	0	0	0
Chr4	849000	850000	rDNA	0	0	0	1	1	1
Chr4	856000	857000	rDNA	0	0	0	0	0	0
Chr4	858000	859000	rDNA	0	0	0	0	0	1
Chr4	859000	860000	rDNA	0	0	0	0	0	0
Chr4	866000	867000	rDNA	0	0	0	0	0	0
Chr4	867000	868000	rDNA	0	0	0	0	0	0
Chr4	869000	870000	rDNA	0	0	0	0	0	0
Chr4	873000	874000	rDNA	0	0	0	0	0	1
Chr4	874000	875000	rDNA	0	0	0	0	1	0
Chr4	875000	876000	rDNA	0	0	0	1	1	0
Chr4	876000	877000	rDNA	0	0	0	0	0	0
Chr4	877000	878000	rDNA	0	0	0	0	0	0
Chr4	879000	880000	rDNA	0	0	0	0	0	0
Chr4	880000	881000	rDNA	0	0	0	0	0	0
Chr4	881000	882000	rDNA	0	0	1	0	0	0
Chr4	883000	884000	rDNA	0	0	1	0	0	0
Chr4	884000	885000	rDNA	0	0	0	0	0	0
Chr4	885000	886000	rDNA	0	0	0	0	0	0
Chr4	887000	888000	rDNA	0	0	0	0	0	1
Chr4	889000	890000	rDNA	0	0	0	0	0	0
Chr4	890000	891000	rDNA	0	0	0	1	1	0
Chr4	894000	895000	rDNA	0	0	0	0	0	1
Chr4	897000	898000	rDNA	0	0	0	1	1	0
Chr4	900000	901000	rDNA	0	0	0	0	1	0
Chr4	904000	905000	rDNA	0	0	0	0	1	1
Chr4	905000	906000	rDNA	0	0	0	0	1	0
Chr4	906000	907000	rDNA	0	0	0	1	1	0
Chr4	907000	908000	rDNA	0	0	0	1	1	0
Chr4	910000	911000	rDNA	0	0	0	0	0	0
Chr4	912000	913000	rDNA	0	0	1	0	0	0
Chr4	914000	915000	rDNA	0	0	1	0	0	0
Chr4	915000	916000	rDNA	0	0	0	1	1	0
Chr4	916000	917000	rDNA	0	0	0	0	0	0
Chr4	918000	919000	rDNA	0	0	0	0	1	0
Chr4	920000	921000	rDNA	0	0	0	1	1	0
Chr4	921000	922000	rDNA	0	0	0	1	1	0
Chr4	928000	929000	rDNA	0	0	0	0	0	0
Chr4	931000	932000	rDNA	0	0	0	0	0	0
Chr4	937000	938000	rDNA	0	0	0	0	1	0
Chr4	938000	939000	rDNA	0	0	0	0	0	0
Chr4	939000	940000	rDNA	0	0	0	0	0	1
Chr4	941000	942000	rDNA	0	0	0	1	1	0
Chr4	948000	949000	rDNA	0	0	0	0	1	0
Chr4	949000	950000	rDNA	0	0	0	0	0	1
Chr4	950000	951000	rDNA	0	0	0	0	0	0
Chr4	951000	952000	rDNA	0	0	0	0	0	0
Chr4	952000	953000	rDNA	0	0	0	1	0	0
Chr4	957000	958000	rDNA	0	0	0	1	1	0
Chr4	959000	960000	rDNA	0	0	1	0	0	0
Chr4	962000	963000	rDNA	0	0	0	1	0	0
Chr4	966000	967000	rDNA	0	0	0	0	0	1
Chr4	967000	968000	rDNA	0	0	0	0	1	0
Chr4	969000	970000	rDNA	0	0	0	1	0	0
Chr4	970000	971000	rDNA	0	0	0	1	0	0
Chr4	972000	973000	rDNA	0	0	0	1	0	1
Chr4	976000	977000	rDNA	0	0	1	0	0	1
Chr4	977000	978000	rDNA	0	0	0	1	1	1
Chr4	979000	980000	rDNA	0	0	0	1	1	0
Chr4	980000	981000	rDNA	0	0	0	0	1	0
Chr4	982000	983000	rDNA	0	0	0	0	0	1
Chr4	983000	984000	rDNA	0	0	0	1	0	0
Chr4	984000	985000	rDNA	0	0	0	0	0	0
Chr4	985000	986000	rDNA	0	0	1	0	0	0
Chr4	986000	987000	rDNA	0	0	1	0	0	0
Chr4	987000	988000	rDNA	0	0	0	1	1	1
Chr4	988000	989000	rDNA	0	0	0	0	0	0
Chr4	989000	990000	rDNA	0	0	0	0	0	0
Chr4	990000	991000	rDNA	0	0	0	1	1	0
Chr4	991000	992000	rDNA	0	0	0	1	0	0
Chr4	992000	993000	rDNA	0	0	0	0	0	0
Chr4	993000	994000	rDNA	0	0	0	0	0	0
Chr4	1000000	1001000	rDNA	0	0	0	0	0	0
Chr4	1003000	1004000	rDNA	0	0	0	1	1	0
Chr4	1007000	1008000	rDNA	0	0	0	0	1	0
Chr4	1008000	1009000	rDNA	0	0	0	1	0	0
Chr4	1009000	1010000	rDNA	0	0	0	0	0	1
Chr4	1010000	1011000	rDNA	0	0	0	0	0	0
Chr4	1011000	1012000	rDNA	0	0	0	0	0	0
Chr4	1012000	1013000	rDNA	0	0	0	1	1	0
Chr4	1013000	1014000	rDNA	0	0	0	1	1	0
Chr4	1014000	1015000	rDNA	0	0	0	0	0	0
Chr4	1021000	1022000	rDNA	0	0	1	0	0	0
Chr4	1024000	1025000	rDNA	0	0	0	0	0	0
Chr4	1028000	1029000	rDNA	0	0	0	1	1	1
Chr4	1029000	1030000	rDNA	0	0	0	0	1	0
Chr4	1031000	1032000	rDNA	0	0	0	0	0	0
Chr4	1032000	1033000	rDNA	0	0	0	0	0	0
Chr4	1034000	1035000	rDNA	0	0	0	0	0	0
Chr4	1039000	1040000	rDNA	0	0	0	0	0	0
Chr4	1040000	1041000	rDNA	0	0	0	0	0	0
Chr4	1041000	1042000	rDNA	0	0	0	0	0	0
Chr4	1042000	1043000	rDNA	0	0	0	0	0	1
Chr4	1044000	1045000	rDNA	0	0	0	0	0	0
Chr4	1045000	1046000	rDNA	0	0	0	0	0	0
Chr4	1048000	1049000	rDNA	0	0	1	0	0	0
Chr4	1049000	1050000	rDNA	0	0	0	1	0	0
Chr4	1050000	1051000	rDNA	0	0	0	0	0	0
Chr4	1052000	1053000	rDNA	0	0	0	0	0	1
Chr4	1053000	1054000	rDNA	0	0	0	0	0	1
Chr4	1054000	1055000	rDNA	0	0	0	0	0	0
Chr4	1055000	1056000	rDNA	0	0	0	1	1	0
Chr4	1060000	1061000	rDNA	0	0	0	1	1	1
Chr4	1061000	1062000	rDNA	0	0	0	0	0	1
Chr4	1062000	1063000	rDNA	0	0	1	0	0	0
Chr4	1063000	1064000	rDNA	0	0	0	1	0	0
Chr4	1065000	1066000	rDNA	0	0	0	0	0	0
Chr4	1069000	1070000	rDNA	0	0	0	0	0	0
Chr4	1070000	1071000	rDNA	0	0	0	1	0	1
Chr4	1072000	1073000	rDNA	0	0	0	1	0	0
Chr4	1073000	1074000	rDNA	0	0	0	0	0	0
Chr4	1075000	1076000	rDNA	0	0	0	0	0	0
Chr4	1076000	1077000	rDNA	0	0	0	0	0	0
Chr4	1080000	1081000	rDNA	0	0	0	0	0	1
Chr4	1081000	1082000	rDNA	0	0	0	1	1	0
Chr4	1083000	1084000	rDNA	0	0	0	0	0	1
Chr4	1085000	1086000	rDNA	0	0	0	1	1	0
Chr4	1086000	1087000	rDNA	0	0	0	0	0	0
Chr4	1088000	1089000	rDNA	0	0	0	1	1	0
Chr4	1090000	1091000	rDNA	0	0	0	0	0	0
Chr4	1093000	1094000	rDNA	0	0	0	0	0	0
Chr4	1095000	1096000	rDNA	0	0	0	0	0	0
Chr4	1096000	1097000	rDNA	0	0	0	1	1	0
Chr4	1099000	1100000	rDNA	0	0	0	0	0	0
Chr4	1100000	1101000	rDNA	0	0	0	0	0	0
Chr4	1103000	1104000	rDNA	0	0	0	1	1	0
Chr4	1105000	1106000	rDNA	0	0	0	0	0	0
Chr4	1106000	1107000	rDNA	0	0	0	0	0	0
Chr4	1110000	1111000	rDNA	0	0	0	0	0	0
Chr4	1113000	1114000	rDNA	0	0	0	0	0	0
Chr4	1116000	1117000	rDNA	0	0	0	0	0	0
Chr4	1118000	1119000	rDNA	0	0	0	1	1	1
Chr4	1120000	1121000	rDNA	0	0	0	0	1	0
Chr4	1121000	1122000	rDNA	0	0	0	0	0	1
Chr4	1123000	1124000	rDNA	0	0	0	0	0	0
Chr4	1124000	1125000	rDNA	0	0	0	0	0	0
Chr4	1126000	1127000	rDNA	0	0	0	1	1	1
Chr4	1134000	1135000	rDNA	0	0	0	0	0	0
Chr4	1136000	1137000	rDNA	0	0	0	0	0	0
Chr4	1137000	1138000	rDNA	0	0	0	0	0	0
Chr4	1141000	1142000	rDNA	0	0	0	1	0	0
Chr4	1142000	1143000	rDNA	0	0	0	0	0	0
Chr4	1144000	1145000	rDNA	0	0	1	0	0	0
Chr4	1147000	1148000	rDNA	0	0	0	0	0	0
Chr4	1154000	1155000	rDNA	0	0	1	0	0	0
Chr4	1155000	1156000	rDNA	0	0	0	0	0	1
Chr4	1157000	1158000	rDNA	0	0	0	1	0	0
Chr4	1158000	1159000	rDNA	0	0	0	0	0	0
Chr4	1159000	1160000	rDNA	0	0	1	0	0	1
Chr4	1161000	1162000	rDNA	0	0	1	1	1	0
Chr4	1162000	1163000	rDNA	0	0	0	1	1	0
Chr4	1163000	1164000	rDNA	0	0	0	1	0	0
Chr4	1165000	1166000	rDNA	0	0	0	0	0	1
Chr4	1167000	1168000	rDNA	0	0	0	1	1	1
Chr4	1168000	1169000	rDNA	0	0	0	0	0	0
Chr4	1173000	1174000	rDNA	0	0	0	1	1	1
Chr4	1174000	1175000	rDNA	0	0	1	1	1	1
Chr4	1175000	1176000	rDNA	0	0	0	0	0	0
Chr4	1178000	1179000	rDNA	0	0	0	0	0	0
Chr4	1182000	1183000	rDNA	0	0	0	1	0	0
Chr4	1183000	1184000	rDNA	0	0	0	0	0	1
Chr4	1185000	1186000	rDNA	0	0	0	0	0	0
Chr4	1186000	1187000	rDNA	0	0	0	0	0	0
Chr4	1188000	1189000	rDNA	0	0	0	1	1	0
Chr4	1189000	1190000	rDNA	0	0	0	1	1	0
Chr4	1190000	1191000	rDNA	0	0	1	0	0	1
Chr4	1191000	1192000	rDNA	0	0	1	0	0	1
Chr4	1192000	1193000	rDNA	0	0	1	1	1	0
Chr4	1193000	1194000	rDNA	0	0	0	1	0	0
Chr4	1194000	1195000	rDNA	0	0	0	0	1	1
Chr4	1195000	1196000	rDNA	0	0	0	1	1	0
Chr4	1196000	1197000	rDNA	0	0	0	0	0	0
Chr4	1198000	1199000	rDNA	0	0	0	0	0	0
Chr4	1199000	1200000	rDNA	0	0	0	0	0	0
Chr4	1206000	1207000	rDNA	0	0	0	0	0	0
Chr4	1209000	1210000	rDNA	0	0	0	1	1	0
Chr4	1213000	1214000	rDNA	0	0	0	0	0	0
Chr4	1214000	1215000	rDNA	0	0	0	0	1	1
Chr4	1216000	1217000	rDNA	0	0	0	0	0	0
Chr4	1219000	1220000	rDNA	0	0	0	1	0	0
Chr4	1221000	1222000	rDNA	0	0	0	0	0	1
Chr4	1223000	1224000	rDNA	0	0	0	1	1	0
Chr4	1224000	1225000	rDNA	0	0	0	0	0	0
Chr4	1226000	1227000	rDNA	0	0	0	1	0	0
Chr4	1227000	1228000	rDNA	0	0	0	0	0	1
Chr4	1229000	1230000	rDNA	0	0	0	0	0	0
Chr4	1230000	1231000	rDNA	0	0	0	0	0	0
Chr4	1237000	1238000	rDNA	0	0	0	0	1	0
Chr4	1239000	1240000	rDNA	0	0	0	0	0	0
Chr4	1240000	1241000	rDNA	0	0	0	0	0	0
Chr4	1244000	1245000	rDNA	0	0	0	1	1	0
Chr4	1245000	1246000	rDNA	0	0	0	0	1	0
Chr4	1246000	1247000	rDNA	0	0	0	1	1	0
Chr4	1247000	1248000	rDNA	0	0	1	0	0	0
Chr4	1248000	1249000	rDNA	0	0	0	0	0	0
Chr4	1250000	1251000	rDNA	0	0	0	0	0	0
Chr4	1252000	1253000	rDNA	0	0	0	0	0	0
Chr4	1254000	1255000	rDNA	0	0	1	0	0	0
Chr4	1255000	1256000	rDNA	0	0	0	1	0	0
Chr4	1257000	1258000	rDNA	0	0	0	0	0	1
Chr4	1258000	1259000	rDNA	0	0	0	0	0	0
Chr4	1260000	1261000	rDNA	0	0	0	1	1	0
Chr4	1261000	1262000	rDNA	0	0	0	0	0	0
Chr4	1268000	1269000	rDNA	0	0	0	1	1	0
Chr4	1270000	1271000	rDNA	0	0	0	0	0	0
Chr4	1271000	1272000	rDNA	0	0	0	1	1	0
Chr4	1275000	1276000	rDNA	0	0	0	0	0	0
Chr4	1276000	1277000	rDNA	0	0	0	1	1	1
Chr4	1277000	1278000	rDNA	0	0	0	0	0	1
Chr4	1278000	1279000	rDNA	0	0	1	0	0	0
Chr4	1281000	1282000	rDNA	0	0	0	0	0	0
Chr4	1285000	1286000	rDNA	0	0	0	1	1	0
Chr4	1286000	1287000	rDNA	0	0	0	1	1	0
Chr4	1287000	1288000	rDNA	0	0	0	0	0	1
Chr4	1288000	1289000	rDNA	0	0	0	0	0	0
Chr4	1291000	1292000	rDNA	0	0	0	1	1	0
Chr4	1292000	1293000	rDNA	0	0	0	0	0	0
Chr4	1295000	1296000	rDNA	0	0	1	0	0	0
Chr4	1296000	1297000	rDNA	0	0	0	0	1	1
Chr4	1297000	1298000	rDNA	0	0	0	0	0	0
Chr4	1299000	1300000	rDNA	0	0	1	0	0	0
Chr4	1302000	1303000	rDNA	0	0	0	1	1	1
Chr4	1304000	1305000	rDNA	0	0	0	1	0	1
Chr4	1306000	1307000	rDNA	0	0	0	0	0	0
Chr4	1307000	1308000	rDNA	0	0	0	0	0	0
Chr4	1308000	1309000	rDNA	0	0	0	0	0	1
Chr4	1309000	1310000	rDNA	0	0	0	1	0	0
Chr4	1310000	1311000	rDNA	0	0	0	0	0	0
Chr4	1312000	1313000	rDNA	0	0	0	0	0	0
Chr4	1316000	1317000	rDNA	0	0	0	0	0	0
Chr4	1317000	1318000	rDNA	0	0	0	1	0	0
Chr4	1318000	1319000	rDNA	0	0	0	0	0	0
Chr4	1319000	1320000	rDNA	0	0	0	0	0	0
Chr4	1320000	1321000	rDNA	0	0	1	0	0	1
Chr4	1322000	1323000	rDNA	0	0	0	0	1	0
Chr4	1327000	1328000	rDNA	0	0	0	0	0	0
Chr4	1330000	1331000	rDNA	0	0	0	0	0	1
Chr4	1332000	1333000	rDNA	0	0	0	0	1	1
Chr4	1333000	1334000	rDNA	0	0	0	0	0	0
Chr4	1340000	1341000	rDNA	0	0	0	0	0	0
Chr4	1341000	1342000	rDNA	0	0	0	0	0	0
Chr4	1343000	1344000	rDNA	0	0	0	1	1	0
Chr4	1347000	1348000	rDNA	0	0	1	1	1	1
Chr4	1348000	1349000	rDNA	0	0	0	0	0	0
Chr4	1349000	1350000	rDNA	0	0	0	0	0	0
Chr4	1350000	1351000	rDNA	0	0	1	0	0	1
Chr4	1351000	1352000	rDNA	0	0	1	0	0	0
Chr4	1353000	1354000	rDNA	0	0	0	1	1	0
Chr4	1354000	1355000	rDNA	0	0	0	1	1	0
Chr4	1359000	1360000	rDNA	0	0	0	1	1	0
Chr4	1361000	1362000	rDNA	0	0	0	0	0	0
Chr4	1364000	1365000	rDNA	0	0	0	0	0	0
Chr4	1368000	1369000	rDNA	0	0	0	1	1	0
Chr4	1369000	1370000	rDNA	0	0	0	1	0	0
Chr4	1370000	1371000	rDNA	0	0	0	0	0	0
Chr4	1371000	1372000	rDNA	0	0	0	0	0	1
Chr4	1372000	1373000	rDNA	0	0	0	0	0	0
Chr4	1374000	1375000	rDNA	0	0	0	0	0	0
Chr4	1375000	1376000	rDNA	0	0	0	0	1	0
Chr4	1376000	1377000	rDNA	0	0	1	1	1	1
Chr4	1378000	1379000	rDNA	0	0	0	0	0	0
Chr4	1379000	1380000	rDNA	0	0	0	0	0	0
Chr4	1380000	1381000	rDNA	0	0	0	0	0	0
Chr4	1382000	1383000	rDNA	0	0	0	1	1	0
Chr4	1384000	1385000	rDNA	0	0	0	0	0	0
Chr4	1385000	1386000	rDNA	0	0	0	0	0	0
Chr4	1389000	1390000	rDNA	0	0	0	0	0	1
Chr4	1390000	1391000	rDNA	0	0	0	0	1	0
Chr4	1391000	1392000	rDNA	0	0	0	0	0	0
Chr4	1392000	1393000	rDNA	0	0	0	0	0	0
Chr4	1395000	1396000	rDNA	0	0	0	0	0	0
Chr4	1399000	1400000	rDNA	0	0	0	1	1	0
Chr4	1400000	1401000	rDNA	0	0	0	0	0	0
Chr4	1401000	1402000	rDNA	0	0	0	0	1	0
Chr4	1402000	1403000	rDNA	0	0	1	0	0	1
Chr4	1403000	1404000	rDNA	0	0	0	0	0	0
Chr4	1405000	1406000	rDNA	0	0	0	1	0	0
Chr4	1406000	1407000	rDNA	0	0	0	0	0	0
Chr4	1407000	1408000	rDNA	0	0	1	1	1	0
Chr4	1410000	1411000	rDNA	0	0	0	1	1	0
Chr4	1411000	1412000	rDNA	0	0	0	0	0	0
Chr4	1413000	1414000	rDNA	0	0	0	0	0	0
Chr4	1414000	1415000	rDNA	0	0	0	0	0	0
Chr4	1415000	1416000	rDNA	0	0	0	0	0	0
Chr4	1416000	1417000	rDNA	0	0	0	0	0	0
Chr4	1420000	1421000	rDNA	0	0	0	0	0	0
Chr4	1421000	1422000	rDNA	0	0	0	0	0	0
Chr4	1422000	1423000	rDNA	0	0	0	0	0	1
Chr4	1423000	1424000	rDNA	0	0	0	1	0	0
Chr4	1424000	1425000	rDNA	0	0	0	1	1	1
Chr4	1426000	1427000	rDNA	0	0	0	1	1	0
Chr4	1428000	1429000	rDNA	0	0	1	1	0	0
Chr4	1430000	1431000	rDNA	0	0	0	1	1	0
Chr4	1431000	1432000	rDNA	0	0	0	0	0	0
Chr4	1432000	1433000	rDNA	0	0	0	0	0	0
Chr4	1433000	1434000	rDNA	0	0	1	0	0	0
Chr4	1434000	1435000	rDNA	0	0	1	0	0	0
Chr4	1436000	1437000	rDNA	0	0	0	1	0	0
Chr4	1437000	1438000	rDNA	0	0	0	0	0	0
Chr4	1441000	1442000	rDNA	0	0	0	0	0	0
Chr4	1442000	1443000	rDNA	0	0	0	0	0	1
Chr4	1444000	1445000	rDNA	0	0	0	1	1	0
Chr4	1446000	1447000	rDNA	0	0	0	0	0	1
Chr4	1447000	1448000	rDNA	0	0	1	0	0	0
Chr4	1451000	1452000	rDNA	0	0	0	0	0	0
Chr4	1452000	1453000	rDNA	0	0	0	0	0	0
Chr4	1453000	1454000	rDNA	0	0	0	0	0	1
Chr4	1454000	1455000	rDNA	0	0	0	0	0	0
Chr4	1455000	1456000	rDNA	0	0	0	0	0	0
Chr4	1457000	1458000	rDNA	0	0	1	0	0	0
Chr4	1461000	1462000	rDNA	0	0	0	1	1	0
Chr4	1462000	1463000	rDNA	0	0	0	0	0	0
Chr4	1463000	1464000	rDNA	0	0	0	0	0	1
Chr4	1464000	1465000	rDNA	0	0	0	0	0	0
Chr4	1465000	1466000	rDNA	0	0	0	1	1	0
Chr4	1467000	1468000	rDNA	0	0	0	0	0	0
Chr4	1468000	1469000	rDNA	0	0	0	0	0	0
Chr4	1475000	1476000	rDNA	0	0	0	1	0	0
Chr4	1478000	1479000	rDNA	0	0	0	0	0	0
Chr4	1480000	1481000	rDNA	0	0	1	1	1	1
Chr4	1482000	1483000	rDNA	0	0	0	1	0	1
Chr4	1483000	1484000	rDNA	0	0	0	1	1	0
Chr4	1484000	1485000	rDNA	0	0	0	0	0	1
Chr4	1485000	1486000	rDNA	0	0	0	0	0	0
Chr4	1486000	1487000	rDNA	0	0	1	1	1	0
Chr4	1488000	1489000	rDNA	0	0	0	0	0	0
Chr4	1495000	1496000	rDNA	0	0	0	0	0	0
Chr4	1496000	1497000	rDNA	0	0	0	0	0	1
Chr4	1497000	1498000	rDNA	0	0	0	1	0	0
Chr4	1498000	1499000	rDNA	0	0	0	1	1	1
Chr4	1499000	1500000	rDNA	0	0	0	0	0	0
Chr4	1506000	1507000	rDNA	0	0	0	0	0	0
Chr4	1508000	1509000	rDNA	0	0	0	1	1	1
Chr4	1509000	1510000	rDNA	0	0	1	1	0	0
Chr4	1516000	1517000	rDNA	0	0	1	0	0	0
Chr4	1518000	1519000	rDNA	0	0	0	0	0	0
Chr4	1519000	1520000	rDNA	0	0	0	1	1	0
Chr4	1523000	1524000	rDNA	0	0	0	0	0	1
Chr4	1524000	1525000	rDNA	0	0	0	1	1	1
Chr4	1526000	1527000	rDNA	0	0	1	0	0	0
Chr4	1527000	1528000	rDNA	0	0	1	0	0	0
Chr4	1529000	1530000	rDNA	0	0	0	1	0	0
Chr4	1530000	1531000	rDNA	0	0	0	0	0	0
Chr4	1534000	1535000	rDNA	0	0	0	1	0	1
Chr4	1537000	1538000	rDNA	0	0	1	0	0	1
Chr4	1539000	1540000	rDNA	0	0	0	0	1	0
Chr4	1540000	1541000	rDNA	0	0	1	0	0	0
Chr4	1544000	1545000	rDNA	0	0	0	1	1	1
Chr4	1547000	1548000	rDNA	0	0	1	0	0	0
Chr4	1548000	1549000	rDNA	0	0	0	0	0	0
Chr4	1550000	1551000	rDNA	0	0	0	0	0	0
Chr4	1554000	1555000	rDNA	0	0	0	0	0	1
Chr4	1555000	1556000	rDNA	0	0	0	1	1	0
Chr4	1556000	1557000	rDNA	0	0	0	1	1	0
Chr4	1557000	1558000	rDNA	0	0	0	0	0	0
Chr4	1558000	1559000	rDNA	0	0	0	1	0	0
Chr4	1559000	1560000	rDNA	0	0	0	0	0	0
Chr4	1560000	1561000	rDNA	0	0	0	0	0	0
Chr4	1564000	1565000	rDNA	0	0	0	1	0	0
Chr4	1565000	1566000	rDNA	0	0	0	1	1	1
Chr4	1566000	1567000	rDNA	0	0	0	0	0	1
Chr4	1567000	1568000	rDNA	0	0	0	1	0	0
Chr4	1569000	1570000	rDNA	0	0	0	0	1	0
Chr4	1570000	1571000	rDNA	0	0	0	0	0	0
Chr4	1571000	1572000	rDNA	0	0	1	0	0	0
Chr4	1573000	1574000	rDNA	0	0	1	0	1	1
Chr4	1574000	1575000	rDNA	0	0	0	0	0	0
Chr4	1577000	1578000	rDNA	0	0	0	0	0	1
Chr4	1579000	1580000	rDNA	0	0	0	1	1	0
Chr4	1586000	1587000	rDNA	0	0	1	0	0	1
Chr4	1587000	1588000	rDNA	0	0	0	0	0	0
Chr4	1589000	1590000	rDNA	0	0	0	1	1	0
Chr4	1593000	1594000	rDNA	0	0	1	0	0	1
Chr4	1594000	1595000	rDNA	0	0	0	1	1	1
Chr4	1597000	1598000	rDNA	0	0	0	0	0	1
Chr4	1598000	1599000	rDNA	0	0	0	0	0	0
Chr4	1599000	1600000	rDNA	0	0	0	0	0	0
Chr4	1600000	1601000	rDNA	0	0	0	0	0	0
Chr4	1607000	1608000	rDNA	0	0	0	0	0	1
Chr4	1610000	1611000	rDNA	0	0	1	0	0	0
Chr4	1617000	1618000	rDNA	0	0	0	0	0	0
Chr4	1618000	1619000	rDNA	0	0	0	0	1	0
Chr4	1620000	1621000	rDNA	0	0	0	0	0	1
Chr4	1621000	1622000	rDNA	0	0	0	0	0	0
Chr4	1622000	1623000	rDNA	0	0	0	0	0	0
Chr4	1624000	1625000	rDNA	0	0	1	1	0	0
Chr4	1625000	1626000	rDNA	0	0	0	0	0	1
Chr4	1626000	1627000	rDNA	0	0	0	0	0	0
Chr4	1628000	1629000	rDNA	0	0	0	0	0	0
Chr4	1629000	1630000	rDNA	0	0	0	0	0	0
Chr4	1630000	1631000	rDNA	0	0	0	1	1	0
Chr4	1631000	1632000	rDNA	0	0	0	0	0	0
Chr4	1635000	1636000	rDNA	0	0	0	0	0	1
Chr4	1638000	1639000	rDNA	0	0	0	0	0	1
Chr4	1641000	1642000	rDNA	0	0	0	0	0	0
Chr4	1642000	1643000	rDNA	0	0	0	1	1	0
Chr4	1643000	1644000	rDNA	0	0	1	0	0	0
Chr4	1648000	1649000	rDNA	0	0	0	0	0	0
Chr4	1649000	1650000	rDNA	0	0	0	0	0	0
Chr4	1651000	1652000	rDNA	0	0	0	0	0	0
Chr4	1652000	1653000	rDNA	0	0	0	1	0	0
Chr4	1659000	1660000	rDNA	0	0	0	0	0	1
Chr4	1662000	1663000	rDNA	0	0	0	0	1	0
Chr4	1668000	1669000	rDNA	0	0	0	0	1	0
Chr4	1669000	1670000	rDNA	0	0	0	0	0	0
Chr4	1672000	1673000	rDNA	0	0	0	1	1	0
Chr4	1673000	1674000	rDNA	0	0	1	0	1	1
Chr4	1680000	1681000	rDNA	0	0	0	0	0	0
Chr4	1682000	1683000	rDNA	0	0	0	0	0	1
Chr4	1683000	1684000	rDNA	0	0	0	0	0	0
Chr4	1690000	1691000	rDNA	0	0	0	1	0	0
Chr4	1693000	1694000	rDNA	0	0	1	0	0	0
Chr4	1694000	1695000	rDNA	0	0	1	0	0	0
Chr4	1695000	1696000	rDNA	0	0	0	0	0	0
Chr4	1700000	1701000	rDNA	0	0	0	0	0	1
Chr4	1702000	1703000	rDNA	0	0	0	0	0	1
Chr4	1703000	1704000	rDNA	0	0	0	0	0	1
Chr4	1729000	1730000	rDNA	0	0	0	1	1	0
Chr4	1732000	1733000	rDNA	0	0	0	0	0	1
Chr4	1733000	1734000	rDNA	0	0	0	0	1	1
Chr4	1734000	1735000	rDNA	0	0	0	0	0	0
Chr4	1735000	1736000	rDNA	0	0	0	0	0	1
Chr4	1736000	1737000	rDNA	0	0	0	0	0	1
Chr4	1737000	1738000	rDNA	0	0	0	0	0	1
Chr4	1745000	1746000	rDNA	0	0	0	1	0	1
Chr4	1746000	1747000	rDNA	0	0	0	0	0	1
Chr4	1749000	1750000	rDNA	0	0	0	0	0	0
Chr4	1751000	1752000	rDNA	0	0	0	0	0	0
Chr4	1752000	1753000	rDNA	0	0	0	1	0	0
Chr4	1753000	1754000	rDNA	0	0	0	0	0	0
Chr4	1755000	1756000	rDNA	0	0	0	0	0	0
Chr4	1756000	1757000	rDNA	0	0	1	0	0	0
Chr4	1757000	1758000	rDNA	0	0	0	0	1	0
Chr4	1761000	1762000	rDNA	0	0	0	0	0	0
Chr4	1763000	1764000	rDNA	0	0	0	0	0	0
Chr4	1764000	1765000	rDNA	0	0	0	0	0	0
Chr4	1765000	1766000	rDNA	0	0	0	0	0	0
Chr4	1766000	1767000	rDNA	0	0	0	0	0	0
Chr4	1767000	1768000	rDNA	0	0	0	0	0	0
Chr4	1768000	1769000	rDNA	0	0	0	0	0	0
Chr4	1771000	1772000	rDNA	0	0	0	0	0	1
Chr4	1772000	1773000	rDNA	0	0	0	0	0	0
Chr4	1774000	1775000	rDNA	0	0	0	0	0	1
Chr4	1775000	1776000	rDNA	0	0	0	1	1	1
Chr4	1776000	1777000	rDNA	0	0	0	0	0	0
Chr4	1777000	1778000	rDNA	0	0	0	1	1	0
Chr4	1778000	1779000	rDNA	0	0	0	1	1	0
Chr4	1779000	1780000	rDNA	0	0	0	0	1	0
Chr4	1783000	1784000	rDNA	0	0	0	0	0	1
Chr4	1784000	1785000	rDNA	0	0	0	0	0	1
Chr4	1787000	1788000	rDNA	0	0	0	1	1	0
Chr4	1788000	1789000	rDNA	0	0	0	1	1	0
Chr4	1789000	1790000	rDNA	0	0	1	0	0	0
Chr4	1790000	1791000	rDNA	0	0	1	0	0	0
Chr4	1791000	1792000	rDNA	0	0	0	0	0	0
Chr4	1792000	1793000	rDNA	0	0	0	0	0	1
Chr4	1795000	1796000	rDNA	0	0	0	0	0	1
Chr4	1797000	1798000	rDNA	0	0	1	1	1	0
Chr4	1798000	1799000	rDNA	0	0	0	0	0	0
Chr4	1800000	1801000	rDNA	0	0	0	0	0	0
Chr4	1801000	1802000	rDNA	0	0	1	0	0	0
Chr4	1802000	1803000	rDNA	0	0	0	1	0	0
Chr4	1803000	1804000	rDNA	0	0	0	0	0	0
Chr4	1805000	1806000	rDNA	0	0	1	0	0	0
Chr4	1808000	1809000	rDNA	0	0	0	0	0	0
Chr4	1809000	1810000	rDNA	0	0	1	0	0	0
Chr4	1810000	1811000	rDNA	0	0	0	0	0	0
Chr4	1812000	1813000	rDNA	0	0	1	0	1	0
Chr4	1813000	1814000	rDNA	0	0	0	1	1	0
Chr4	1815000	1816000	rDNA	0	0	0	0	0	0
Chr4	1816000	1817000	rDNA	0	0	1	1	0	0
Chr4	1817000	1818000	rDNA	0	0	0	0	0	0
Chr4	1818000	1819000	rDNA	0	0	0	0	0	1
Chr4	1819000	1820000	rDNA	0	0	1	0	0	0
Chr4	1821000	1822000	rDNA	0	0	0	0	0	1
Chr4	1822000	1823000	rDNA	0	0	1	0	0	0
Chr4	1823000	1824000	rDNA	0	0	0	0	0	0
Chr4	1826000	1827000	rDNA	0	0	0	0	0	1
Chr4	1828000	1829000	rDNA	0	0	0	0	0	1
Chr4	1829000	1830000	rDNA	0	0	1	0	0	0
Chr4	1831000	1832000	rDNA	0	0	0	0	0	1
Chr4	1836000	1837000	rDNA	0	0	0	0	0	1
Chr4	1837000	1838000	rDNA	0	0	0	0	0	0
Chr4	1839000	1840000	rDNA	0	0	1	0	0	0
Chr4	1840000	1841000	rDNA	0	0	1	0	0	0
Chr4	1841000	1842000	rDNA	0	0	1	0	0	0
Chr4	1847000	1848000	rDNA	0	0	0	0	0	0
Chr4	1849000	1850000	rDNA	0	0	0	0	0	0
Chr4	1850000	1851000	rDNA	0	0	1	1	0	0
Chr4	1852000	1853000	rDNA	0	0	0	0	0	0
Chr4	1854000	1855000	rDNA	0	0	0	0	0	1
Chr4	1857000	1858000	rDNA	0	0	1	0	0	0
Chr4	1860000	1861000	rDNA	0	0	0	0	0	0
Chr4	1861000	1862000	rDNA	0	0	1	0	0	0
Chr4	1862000	1863000	rDNA	0	0	1	0	0	0
Chr4	1867000	1868000	rDNA	0	0	0	1	0	0
Chr4	1868000	1869000	rDNA	0	0	1	0	0	0
Chr4	1870000	1871000	rDNA	0	0	0	1	1	1
Chr4	1871000	1872000	rDNA	0	0	1	0	0	0
Chr4	1878000	1879000	rDNA	0	0	1	0	0	0
Chr4	1880000	1881000	rDNA	0	0	1	0	0	0
Chr4	1881000	1882000	rDNA	0	0	1	1	1	0
Chr4	1883000	1884000	rDNA	0	0	0	1	1	0
Chr4	1885000	1886000	rDNA	0	0	0	1	0	0
Chr4	1888000	1889000	rDNA	0	0	0	0	0	0
Chr4	1889000	1890000	rDNA	0	0	0	0	0	0
Chr4	1891000	1892000	rDNA	0	0	0	1	1	0
Chr4	1892000	1893000	rDNA	0	0	1	0	0	0
Chr4	1893000	1894000	rDNA	0	0	0	1	0	0
Chr4	1894000	1895000	rDNA	0	0	1	0	0	0
Chr4	1895000	1896000	rDNA	0	0	1	1	1	0
Chr4	1896000	1897000	rDNA	0	0	0	1	0	1
Chr4	1899000	1900000	rDNA	0	0	1	0	0	0
Chr4	1901000	1902000	rDNA	0	0	1	0	0	0
Chr4	1902000	1903000	rDNA	0	0	1	1	1	0
Chr4	1909000	1910000	rDNA	0	0	1	0	0	0
Chr4	1911000	1912000	rDNA	0	0	0	0	1	0
Chr4	1912000	1913000	rDNA	0	0	1	0	0	0
Chr4	1913000	1914000	rDNA	0	0	1	0	0	0
Chr4	1914000	1915000	rDNA	0	0	1	1	1	0
Chr4	1919000	1920000	rDNA	0	0	0	1	1	0
Chr4	1920000	1921000	rDNA	0	0	0	1	0	0
Chr4	1922000	1923000	rDNA	0	0	0	1	0	1
Chr4	1923000	1924000	rDNA	0	0	1	0	0	0
Chr4	1925000	1926000	rDNA	0	0	1	1	0	1
Chr4	1927000	1928000	rDNA	0	0	0	0	0	1
Chr4	1930000	1931000	rDNA	0	0	1	0	0	0
Chr4	1933000	1934000	rDNA	0	0	0	0	0	0
Chr4	1935000	1936000	rDNA	0	0	1	1	0	0
Chr4	1937000	1938000	rDNA	0	0	0	1	1	0
Chr4	1940000	1941000	rDNA	0	0	0	1	0	0
Chr4	1941000	1942000	rDNA	0	0	1	0	0	0
Chr4	1943000	1944000	rDNA	0	0	1	0	0	0
Chr4	1944000	1945000	rDNA	0	0	1	1	1	0
Chr4	1946000	1947000	rDNA	0	0	1	0	0	0
Chr4	1948000	1949000	rDNA	0	0	0	0	0	1
Chr4	1951000	1952000	rDNA	0	0	1	0	0	0
Chr4	1952000	1953000	rDNA	0	0	0	0	0	0
Chr4	1953000	1954000	rDNA	0	0	0	0	0	0
Chr4	1955000	1956000	rDNA	0	0	1	0	0	0
Chr4	1956000	1957000	rDNA	0	0	1	0	0	0
Chr4	1960000	1961000	rDNA	0	0	0	1	0	0
Chr4	1961000	1962000	rDNA	0	0	0	1	1	0
Chr4	1963000	1964000	rDNA	0	0	0	0	0	0
Chr4	1964000	1965000	rDNA	0	0	1	0	0	0
Chr4	1966000	1967000	rDNA	0	0	1	1	1	0
Chr4	1967000	1968000	rDNA	0	0	1	0	0	0
Chr4	1968000	1969000	rDNA	0	0	0	0	0	0
Chr4	1969000	1970000	rDNA	0	0	1	1	1	1
Chr4	1974000	1975000	rDNA	0	0	1	0	0	0
Chr4	1975000	1976000	rDNA	0	0	0	0	0	0
Chr4	1976000	1977000	rDNA	0	0	1	0	0	1
Chr4	1977000	1978000	rDNA	0	0	1	0	0	0
Chr4	1979000	1980000	rDNA	0	0	1	0	0	0
Chr4	1981000	1982000	rDNA	0	0	0	0	0	0
Chr4	1984000	1985000	rDNA	0	0	1	0	0	0
Chr4	1985000	1986000	rDNA	0	0	1	0	0	0
Chr4	1987000	1988000	rDNA	0	0	1	0	1	0
Chr4	1988000	1989000	rDNA	0	0	1	0	0	0
Chr4	1989000	1990000	rDNA	0	0	1	0	1	0
Chr4	1991000	1992000	rDNA	0	0	1	0	1	1
Chr4	1992000	1993000	rDNA	0	0	0	1	1	0
Chr4	1995000	1996000	rDNA	0	0	1	0	0	0
Chr4	1997000	1998000	rDNA	0	0	1	1	0	0
Chr4	1998000	1999000	rDNA	0	0	1	0	0	0
Chr4	2000000	2001000	rDNA	0	0	0	0	0	0
Chr4	2005000	2006000	rDNA	0	0	1	0	0	1
Chr4	2008000	2009000	rDNA	0	0	1	0	0	0
Chr4	2015000	2016000	rDNA	0	0	0	0	0	1
Chr4	2016000	2017000	rDNA	0	0	1	1	1	0
Chr4	2017000	2018000	rDNA	0	0	0	0	0	0
Chr4	2018000	2019000	rDNA	0	0	0	1	1	0
Chr4	2019000	2020000	rDNA	0	0	0	1	0	0
Chr4	2021000	2022000	rDNA	0	0	1	1	0	0
Chr4	2023000	2024000	rDNA	0	0	0	0	0	0
Chr4	2026000	2027000	rDNA	0	0	1	0	0	0
Chr4	2028000	2029000	rDNA	0	0	1	1	1	0
Chr4	2029000	2030000	rDNA	0	0	1	1	1	0
Chr4	2031000	2032000	rDNA	0	0	0	1	1	0
Chr4	2036000	2037000	rDNA	0	0	0	1	0	1
Chr4	2039000	2040000	rDNA	0	0	1	0	0	0
Chr4	2040000	2041000	rDNA	0	0	1	1	1	0
Chr4	2041000	2042000	rDNA	0	0	1	1	1	1
Chr4	2047000	2048000	rDNA	0	0	1	0	0	1
Chr4	2048000	2049000	rDNA	0	0	0	0	0	1
Chr4	2049000	2050000	rDNA	0	0	1	0	0	0
Chr4	2050000	2051000	rDNA	0	0	1	0	0	0
Chr4	2052000	2053000	rDNA	0	0	1	0	1	1
Chr4	2054000	2055000	rDNA	0	0	0	0	0	1
Chr4	2057000	2058000	rDNA	0	0	1	0	0	0
Chr4	2060000	2061000	rDNA	0	0	1	0	0	0
Chr4	2061000	2062000	rDNA	0	0	0	0	0	0
Chr4	2062000	2063000	rDNA	0	0	0	0	0	0
Chr4	2067000	2068000	rDNA	0	0	0	0	0	1
Chr4	2068000	2069000	rDNA	0	0	1	0	0	1
Chr4	2069000	2070000	rDNA	0	0	0	0	0	0
Chr4	2070000	2071000	rDNA	0	0	1	0	0	0
Chr4	2071000	2072000	rDNA	0	0	1	0	0	0
Chr4	2078000	2079000	rDNA	0	0	1	1	0	1
Chr4	2080000	2081000	rDNA	0	0	1	0	0	0
Chr4	2081000	2082000	rDNA	0	0	1	0	1	0
Chr4	2083000	2084000	rDNA	0	0	0	0	0	0
Chr4	2088000	2089000	rDNA	0	0	0	0	0	0
Chr4	2089000	2090000	rDNA	0	0	0	0	0	1
Chr4	2091000	2092000	rDNA	0	0	0	1	0	0
Chr4	2092000	2093000	rDNA	0	0	1	0	0	0
Chr4	2093000	2094000	rDNA	0	0	0	0	0	0
Chr4	2095000	2096000	rDNA	0	0	1	0	0	0
Chr4	2096000	2097000	rDNA	0	0	0	1	1	0
Chr4	2099000	2100000	rDNA	0	0	1	0	0	1
Chr4	2100000	2101000	rDNA	0	0	0	0	0	0
Chr4	2102000	2103000	rDNA	0	0	1	0	0	0
Chr4	2103000	2104000	rDNA	0	0	1	0	0	0
Chr4	2105000	2106000	rDNA	0	0	1	0	0	0
Chr4	2110000	2111000	rDNA	0	0	1	0	1	1
Chr4	2112000	2113000	rDNA	0	0	1	0	0	0
Chr4	2113000	2114000	rDNA	0	0	1	0	1	0
Chr4	2115000	2116000	rDNA	0	0	0	1	1	1
Chr4	2117000	2118000	rDNA	0	0	0	0	0	0
Chr4	2120000	2121000	rDNA	0	0	0	0	0	1
Chr4	2121000	2122000	rDNA	0	0	0	0	0	0
Chr4	2123000	2124000	rDNA	0	0	1	0	0	0
Chr4	2124000	2125000	rDNA	0	0	0	1	0	0
Chr4	2125000	2126000	rDNA	0	0	0	0	0	1
Chr4	2127000	2128000	rDNA	0	0	0	0	0	0
Chr4	2131000	2132000	rDNA	0	0	1	0	0	0
Chr4	2132000	2133000	rDNA	0	0	0	0	0	0
Chr4	2133000	2134000	rDNA	0	0	0	0	0	1
Chr4	2134000	2135000	rDNA	0	0	1	1	1	0
Chr4	2136000	2137000	rDNA	0	0	0	0	0	1
Chr4	2138000	2139000	rDNA	0	0	0	0	0	0
Chr4	2141000	2142000	rDNA	0	0	1	0	0	1
Chr4	2144000	2145000	rDNA	0	0	1	1	1	0
Chr4	2145000	2146000	rDNA	0	0	1	1	0	0
Chr4	2146000	2147000	rDNA	0	0	1	0	0	0
Chr4	2151000	2152000	rDNA	0	0	0	0	0	0
Chr4	2152000	2153000	rDNA	0	0	1	0	0	0
Chr4	2154000	2155000	rDNA	0	0	1	0	0	0
Chr4	2155000	2156000	rDNA	0	0	1	0	0	0
Chr4	2157000	2158000	rDNA	0	0	1	1	1	1
Chr4	2159000	2160000	rDNA	0	0	0	1	1	0
Chr4	2162000	2163000	rDNA	0	0	1	0	0	0
Chr4	2163000	2164000	rDNA	0	0	0	0	0	0
Chr4	2164000	2165000	rDNA	0	0	1	0	0	0
Chr4	2165000	2166000	rDNA	0	0	1	1	1	0
Chr4	2167000	2168000	rDNA	0	0	0	0	1	1
Chr4	2172000	2173000	rDNA	0	0	0	0	0	1
Chr4	2173000	2174000	rDNA	0	0	1	0	0	0
Chr4	2175000	2176000	rDNA	0	0	0	0	0	0
Chr4	2176000	2177000	rDNA	0	0	0	0	0	0
Chr4	2177000	2178000	rDNA	0	0	0	1	0	0
Chr4	2183000	2184000	rDNA	0	0	0	0	0	0
Chr4	2184000	2185000	rDNA	0	0	0	0	0	0
Chr4	2185000	2186000	rDNA	0	0	1	0	0	0
Chr4	2186000	2187000	rDNA	0	0	1	0	0	0
Chr4	2193000	2194000	rDNA	0	0	1	0	0	0
Chr4	2196000	2197000	rDNA	0	0	1	0	0	0
Chr4	2197000	2198000	rDNA	0	0	0	0	0	0
Chr4	2198000	2199000	rDNA	0	0	1	0	1	0
Chr4	2203000	2204000	rDNA	0	0	0	0	0	0
Chr4	2204000	2205000	rDNA	0	0	1	0	0	1
Chr4	2206000	2207000	rDNA	0	0	1	0	0	0
Chr4	2207000	2208000	rDNA	0	0	1	0	0	0
Chr4	2209000	2210000	rDNA	0	0	1	1	1	0
Chr4	2214000	2215000	rDNA	0	0	1	0	0	1
Chr4	2215000	2216000	rDNA	0	0	0	0	0	0
Chr4	2216000	2217000	rDNA	0	0	0	0	1	0
Chr4	2217000	2218000	rDNA	0	0	1	0	0	0
Chr4	2219000	2220000	rDNA	0	0	0	0	0	0
Chr4	2221000	2222000	rDNA	0	0	0	0	0	0
Chr4	2222000	2223000	rDNA	0	0	0	0	0	0
Chr4	2224000	2225000	rDNA	0	0	0	0	0	0
Chr4	2225000	2226000	rDNA	0	0	1	0	0	1
Chr4	2227000	2228000	rDNA	0	0	0	0	0	1
Chr4	2228000	2229000	rDNA	0	0	1	0	0	1
Chr4	2229000	2230000	rDNA	0	0	0	0	0	0
Chr4	2230000	2231000	rDNA	0	0	1	0	1	1
Chr4	2232000	2233000	rDNA	0	0	0	0	0	0
Chr4	2235000	2236000	rDNA	0	0	1	0	0	0
Chr4	2237000	2238000	rDNA	0	0	1	0	0	0
Chr4	2238000	2239000	rDNA	0	0	1	0	1	0
Chr4	2240000	2241000	rDNA	0	0	0	0	1	0
Chr4	2242000	2243000	rDNA	0	0	0	1	0	0
Chr4	2245000	2246000	rDNA	0	0	1	1	0	0
Chr4	2248000	2249000	rDNA	0	0	1	1	1	0
Chr4	2249000	2250000	rDNA	0	0	1	0	0	0
Chr4	2250000	2251000	rDNA	0	0	0	1	0	0
Chr4	2252000	2253000	rDNA	0	0	0	0	0	0
Chr4	2253000	2254000	rDNA	0	0	0	0	0	1
Chr4	2255000	2256000	rDNA	0	0	0	0	0	0
Chr4	2256000	2257000	rDNA	0	0	1	0	0	1
Chr4	2257000	2258000	rDNA	0	0	0	1	1	0
Chr4	2258000	2259000	rDNA	0	0	0	0	1	0
Chr4	2259000	2260000	rDNA	0	0	1	0	0	0
Chr4	2263000	2264000	rDNA	0	0	0	1	1	0
Chr4	2266000	2267000	rDNA	0	0	1	0	0	0
Chr4	2269000	2270000	rDNA	0	0	1	0	0	0
Chr4	2271000	2272000	rDNA	0	0	1	1	1	1
Chr4	2276000	2277000	rDNA	0	0	0	0	0	0
Chr4	2277000	2278000	rDNA	0	0	1	0	0	0
Chr4	2278000	2279000	rDNA	0	0	0	0	0	0
Chr4	2279000	2280000	rDNA	0	0	0	1	1	0
Chr4	2280000	2281000	rDNA	0	0	1	0	0	0
Chr4	2281000	2282000	rDNA	0	0	0	0	0	0
Chr4	2282000	2283000	rDNA	0	0	1	0	0	0
Chr4	2283000	2284000	rDNA	0	0	1	1	1	0
Chr4	2284000	2285000	rDNA	0	0	0	0	0	0
Chr4	2287000	2288000	rDNA	0	0	1	0	0	0
Chr4	2289000	2290000	rDNA	0	0	0	0	0	0
Chr4	2290000	2291000	rDNA	0	0	1	0	0	0
Chr4	2292000	2293000	rDNA	0	0	0	0	0	0
Chr4	2297000	2298000	rDNA	0	0	0	1	1	0
Chr4	2300000	2301000	rDNA	0	0	0	1	1	0
Chr4	2301000	2302000	rDNA	0	0	1	0	0	0
Chr4	2302000	2303000	rDNA	0	0	0	0	0	0
Chr4	2308000	2309000	rDNA	0	0	1	0	0	1
Chr4	2310000	2311000	rDNA	0	0	0	1	1	1
Chr4	2311000	2312000	rDNA	0	0	0	0	1	0
Chr4	2318000	2319000	rDNA	0	0	1	0	0	1
Chr4	2319000	2320000	rDNA	0	0	0	0	0	0
Chr4	2321000	2322000	rDNA	0	0	0	0	1	0
Chr4	2323000	2324000	rDNA	0	0	1	0	0	0
Chr4	2328000	2329000	rDNA	0	0	0	0	1	0
Chr4	2329000	2330000	rDNA	0	0	1	0	0	0
Chr4	2331000	2332000	rDNA	0	0	0	0	0	1
Chr4	2332000	2333000	rDNA	0	0	1	0	0	0
Chr4	2333000	2334000	rDNA	0	0	0	0	0	0
Chr4	2334000	2335000	rDNA	0	0	1	0	1	0
Chr4	2337000	2338000	rDNA	0	0	0	1	1	0
Chr4	2339000	2340000	rDNA	0	0	1	0	0	0
Chr4	2341000	2342000	rDNA	0	0	1	0	0	0
Chr4	2342000	2343000	rDNA	0	0	1	0	1	1
Chr4	2349000	2350000	rDNA	0	0	0	0	0	1
Chr4	2351000	2352000	rDNA	0	0	0	0	0	0
Chr4	2352000	2353000	rDNA	0	0	0	1	0	0
Chr4	2353000	2354000	rDNA	0	0	0	1	1	0
Chr4	2354000	2355000	rDNA	0	0	1	0	1	0
Chr4	2358000	2359000	rDNA	0	0	0	1	1	0
Chr4	2359000	2360000	rDNA	0	0	0	1	1	0
Chr4	2360000	2361000	rDNA	0	0	1	0	0	0
Chr4	2362000	2363000	rDNA	0	0	1	0	0	0
Chr4	2363000	2364000	rDNA	0	0	1	0	0	0
Chr4	2365000	2366000	rDNA	0	0	1	0	1	1
Chr4	2366000	2367000	rDNA	0	0	1	0	0	0
Chr4	2367000	2368000	rDNA	0	0	0	0	1	0
Chr4	2370000	2371000	rDNA	0	0	1	0	0	1
Chr4	2371000	2372000	rDNA	0	0	0	0	0	0
Chr4	2372000	2373000	rDNA	0	0	0	0	0	0
Chr4	2373000	2374000	rDNA	0	0	1	0	1	0
Chr4	2375000	2376000	rDNA	0	0	0	0	0	0
Chr4	2376000	2377000	rDNA	0	0	1	1	0	0
Chr4	2377000	2378000	rDNA	0	0	0	1	0	0
Chr4	2378000	2379000	rDNA	0	0	0	1	1	0
Chr4	2380000	2381000	rDNA	0	0	0	1	0	0
Chr4	2381000	2382000	rDNA	0	0	0	0	0	0
Chr4	2382000	2383000	rDNA	0	0	0	0	0	1
Chr4	2383000	2384000	rDNA	0	0	0	0	0	0
Chr4	2384000	2385000	rDNA	0	0	0	0	1	0
Chr4	2385000	2386000	rDNA	0	0	1	1	1	0
Chr4	2387000	2388000	rDNA	0	0	1	0	0	0
Chr4	2388000	2389000	rDNA	0	0	0	1	1	0
Chr4	2391000	2392000	rDNA	0	0	1	0	0	0
Chr4	2392000	2393000	rDNA	0	0	0	0	1	0
Chr4	2393000	2394000	rDNA	0	0	0	1	0	0
Chr4	2394000	2395000	rDNA	0	0	1	0	0	0
Chr4	2397000	2398000	rDNA	0	0	1	0	0	0
Chr4	2398000	2399000	rDNA	0	0	0	0	1	0
Chr4	2399000	2400000	rDNA	0	0	0	1	1	0
Chr4	2400000	2401000	rDNA	0	0	0	1	1	0
Chr4	2401000	2402000	rDNA	0	0	1	0	0	1
Chr4	2404000	2405000	rDNA	0	0	1	0	1	0
Chr4	2411000	2412000	rDNA	0	0	0	0	0	1
Chr4	2412000	2413000	rDNA	0	0	1	0	0	0
Chr4	2414000	2415000	rDNA	0	0	1	0	0	0
Chr4	2415000	2416000	rDNA	0	0	1	0	0	0
Chr4	2417000	2418000	rDNA	0	0	1	0	0	0
Chr4	2418000	2419000	rDNA	0	0	1	0	0	0
Chr4	2419000	2420000	rDNA	0	0	0	0	0	0
Chr4	2420000	2421000	rDNA	0	0	0	1	1	1
Chr4	2421000	2422000	rDNA	0	0	0	1	1	0
Chr4	2422000	2423000	rDNA	0	0	0	0	0	1
Chr4	2423000	2424000	rDNA	0	0	0	0	0	0
Chr4	2425000	2426000	rDNA	0	0	1	0	0	0
Chr4	2428000	2429000	rDNA	0	0	1	1	1	0
Chr4	2429000	2430000	rDNA	0	0	0	1	0	0
Chr4	2430000	2431000	rDNA	0	0	0	1	1	0
Chr4	2432000	2433000	rDNA	0	0	0	0	0	0
Chr4	2433000	2434000	rDNA	0	0	0	0	1	0
Chr4	2434000	2435000	rDNA	0	0	0	0	0	0
Chr4	2435000	2436000	rDNA	0	0	0	1	0	0
Chr4	2436000	2437000	rDNA	0	0	1	0	0	0
Chr4	2437000	2438000	rDNA	0	0	1	0	0	1
Chr4	2439000	2440000	rDNA	0	0	1	0	0	0
Chr4	2443000	2444000	rDNA	0	0	1	0	0	0
Chr4	2445000	2446000	rDNA	0	0	0	0	0	0
Chr4	2446000	2447000	rDNA	0	0	1	0	0	0
Chr4	2448000	2449000	rDNA	0	0	0	1	0	0
Chr4	2449000	2450000	rDNA	0	0	1	0	0	1
Chr4	2450000	2451000	rDNA	0	0	0	0	0	0
Chr4	2451000	2452000	rDNA	0	0	0	1	0	1
Chr4	2453000	2454000	rDNA	0	0	1	0	0	1
Chr4	2456000	2457000	rDNA	0	0	0	0	0	0
Chr4	2457000	2458000	rDNA	0	0	1	1	0	0
Chr4	2458000	2459000	rDNA	0	0	1	1	1	0
Chr4	2460000	2461000	rDNA	0	0	0	0	0	0
Chr4	2463000	2464000	rDNA	0	0	0	0	0	0
Chr4	2464000	2465000	rDNA	0	0	0	0	0	0
Chr4	2465000	2466000	rDNA	0	0	0	0	0	0
Chr4	2466000	2467000	rDNA	0	0	0	0	1	0
Chr4	2467000	2468000	rDNA	0	0	1	0	0	0
Chr4	2469000	2470000	rDNA	0	0	0	1	1	0
Chr4	2470000	2471000	rDNA	0	0	1	0	0	0
Chr4	2471000	2472000	rDNA	0	0	0	1	1	0
Chr4	2474000	2475000	rDNA	0	0	1	0	0	0
Chr4	2477000	2478000	rDNA	0	0	1	0	0	0
Chr4	2478000	2479000	rDNA	0	0	1	0	0	0
Chr4	2479000	2480000	rDNA	0	0	1	0	0	0
Chr4	2481000	2482000	rDNA	0	0	0	0	0	0
Chr4	2482000	2483000	rDNA	0	0	0	0	0	0
Chr4	2483000	2484000	rDNA	0	0	0	0	0	0
Chr4	2484000	2485000	rDNA	0	0	0	0	0	0
Chr4	2485000	2486000	rDNA	0	0	0	0	0	0
Chr4	2486000	2487000	rDNA	0	0	0	0	0	1
Chr4	2487000	2488000	rDNA	0	0	0	1	1	0
Chr4	2488000	2489000	rDNA	0	0	1	0	0	0
Chr4	2489000	2490000	rDNA	0	0	0	0	0	1
Chr4	2490000	2491000	rDNA	0	0	1	0	0	0
Chr4	2491000	2492000	rDNA	0	0	1	0	1	0
Chr4	2492000	2493000	rDNA	0	0	0	0	0	1
Chr4	2493000	2494000	rDNA	0	0	0	0	1	0
Chr4	2495000	2496000	rDNA	0	0	1	0	0	1
Chr4	2497000	2498000	rDNA	0	0	1	0	0	0
Chr4	2498000	2499000	rDNA	0	0	1	0	0	0
Chr4	2500000	2501000	rDNA	0	0	1	0	0	0
Chr4	2502000	2503000	rDNA	0	0	0	0	0	0
Chr4	2505000	2506000	rDNA	0	0	1	0	0	0
Chr4	2508000	2509000	rDNA	0	0	1	0	0	1
Chr4	2509000	2510000	rDNA	0	0	0	0	0	1
Chr4	2516000	2517000	rDNA	0	0	1	0	0	1
Chr4	2518000	2519000	rDNA	0	0	1	0	0	1
Chr4	2519000	2520000	rDNA	0	0	1	0	0	1
Chr4	2521000	2522000	rDNA	0	0	0	1	1	1
Chr4	2526000	2527000	rDNA	0	0	1	1	1	1
Chr4	2529000	2530000	rDNA	0	0	1	1	1	0
Chr4	2530000	2531000	rDNA	0	0	1	0	0	0
Chr4	2531000	2532000	rDNA	0	0	0	0	0	1
Chr4	2532000	2533000	rDNA	0	0	1	0	1	0
Chr4	2533000	2534000	rDNA	0	0	0	1	1	0
Chr4	2534000	2535000	rDNA	0	0	0	1	1	0
Chr4	2536000	2537000	rDNA	0	0	0	0	0	0
Chr4	2539000	2540000	rDNA	0	0	1	0	0	0
Chr4	2540000	2541000	rDNA	0	0	1	0	0	0
Chr4	2541000	2542000	rDNA	0	0	0	0	0	0
Chr4	2543000	2544000	rDNA	0	0	0	0	0	0
Chr4	2544000	2545000	rDNA	0	0	0	0	0	0
Chr4	2546000	2547000	rDNA	0	0	0	0	1	0
Chr4	2547000	2548000	rDNA	0	0	1	0	0	0
Chr4	2549000	2550000	rDNA	0	0	1	0	0	1
Chr4	2550000	2551000	rDNA	0	0	1	1	0	0
Chr4	2552000	2553000	rDNA	0	0	0	1	0	0
Chr4	2553000	2554000	rDNA	0	0	1	0	0	0
Chr4	2554000	2555000	rDNA	0	0	0	1	1	0
Chr4	2555000	2556000	rDNA	0	0	0	1	1	1
Chr4	2557000	2558000	rDNA	0	0	1	0	0	1
Chr4	2560000	2561000	rDNA	0	0	1	0	1	0
Chr4	2562000	2563000	rDNA	0	0	0	1	0	1
Chr4	2564000	2565000	rDNA	0	0	0	0	0	0
Chr4	2567000	2568000	rDNA	0	0	0	1	1	1
Chr4	2568000	2569000	rDNA	0	0	1	0	0	0
Chr4	2570000	2571000	rDNA	0	0	0	0	0	0
Chr4	2571000	2572000	rDNA	0	0	1	0	1	0
Chr4	2573000	2574000	rDNA	0	0	1	1	1	0
Chr4	2578000	2579000	rDNA	0	0	1	0	0	0
Chr4	2580000	2581000	rDNA	0	0	0	1	1	0
Chr4	2581000	2582000	rDNA	0	0	1	0	0	0
Chr4	2585000	2586000	rDNA	0	0	0	0	1	1
Chr4	2588000	2589000	rDNA	0	0	1	0	0	0
Chr4	2589000	2590000	rDNA	0	0	1	0	0	1
Chr4	2591000	2592000	rDNA	0	0	1	0	0	0
Chr4	2592000	2593000	rDNA	0	0	1	0	0	0
Chr4	2593000	2594000	rDNA	0	0	1	0	0	0
Chr4	2594000	2595000	rDNA	0	0	1	0	0	0
Chr4	2595000	2596000	rDNA	0	0	0	0	0	0
Chr4	2596000	2597000	rDNA	0	0	0	1	0	0
Chr4	2599000	2600000	rDNA	0	0	1	0	0	0
Chr4	2600000	2601000	rDNA	0	0	0	0	1	0
Chr4	2601000	2602000	rDNA	0	0	0	0	0	0
Chr4	2602000	2603000	rDNA	0	0	1	0	0	0
Chr4	2604000	2605000	rDNA	0	0	1	0	0	1
Chr4	2606000	2607000	rDNA	0	0	0	0	0	1
Chr4	2609000	2610000	rDNA	0	0	1	0	0	1
Chr4	2610000	2611000	rDNA	0	0	0	0	0	1
Chr4	2612000	2613000	rDNA	0	0	0	0	0	0
Chr4	2619000	2620000	rDNA	0	0	0	0	0	0
Chr4	2620000	2621000	rDNA	0	0	0	0	0	0
Chr4	2622000	2623000	rDNA	0	0	0	1	1	0
Chr4	2623000	2624000	rDNA	0	0	1	1	0	0
Chr4	2625000	2626000	rDNA	0	0	1	0	0	1
Chr4	2630000	2631000	rDNA	0	0	1	0	0	0
Chr4	2631000	2632000	rDNA	0	0	1	0	0	0
Chr4	2632000	2633000	rDNA	0	0	0	0	0	0
Chr4	2633000	2634000	rDNA	0	0	1	1	1	0
Chr4	2635000	2636000	rDNA	0	0	0	0	0	0
Chr4	2637000	2638000	rDNA	0	0	0	0	1	1
Chr4	2640000	2641000	rDNA	0	0	0	0	0	0
Chr4	2641000	2642000	rDNA	0	0	0	0	0	1
Chr4	2643000	2644000	rDNA	0	0	0	0	0	0
Chr4	2644000	2645000	rDNA	0	0	1	0	0	0
Chr4	2645000	2646000	rDNA	0	0	0	0	0	0
Chr4	2651000	2652000	rDNA	0	0	0	0	0	1
Chr4	2653000	2654000	rDNA	0	0	0	0	1	0
Chr4	2654000	2655000	rDNA	0	0	1	0	0	0
Chr4	2656000	2657000	rDNA	0	0	1	0	0	0
Chr4	2658000	2659000	rDNA	0	0	0	0	0	0
Chr4	2661000	2662000	rDNA	0	0	1	0	0	1
Chr4	2663000	2664000	rDNA	0	0	0	0	0	0
Chr4	2664000	2665000	rDNA	0	0	0	1	0	0
Chr4	2665000	2666000	rDNA	0	0	1	0	0	0
Chr4	2666000	2667000	rDNA	0	0	0	0	0	0
Chr4	2671000	2672000	rDNA	0	0	0	1	0	0
Chr4	2672000	2673000	rDNA	0	0	0	0	0	1
Chr4	2673000	2674000	rDNA	0	0	0	0	0	0
Chr4	2674000	2675000	rDNA	0	0	0	0	0	1
Chr4	2675000	2676000	rDNA	0	0	1	1	0	0
Chr4	2682000	2683000	rDNA	0	0	0	1	1	1
Chr4	2685000	2686000	rDNA	0	0	0	1	1	0
Chr4	2687000	2688000	rDNA	0	0	0	1	1	0
Chr4	2692000	2693000	rDNA	0	0	0	0	1	0
Chr4	2693000	2694000	rDNA	0	0	0	0	0	0
Chr4	2695000	2696000	rDNA	0	0	0	0	0	0
Chr4	2696000	2697000	rDNA	0	0	0	0	0	1
Chr4	2701000	2702000	rDNA	0	0	0	1	1	1
Chr4	2703000	2704000	rDNA	0	0	0	0	0	1
Chr4	2704000	2705000	rDNA	0	0	0	0	0	0
Chr4	2705000	2706000	rDNA	0	0	0	0	0	0
Chr4	2706000	2707000	rDNA	0	0	0	1	1	0
Chr4	2712000	2713000	rDNA	0	0	0	0	0	0
Chr4	2713000	2714000	rDNA	0	0	0	0	0	0
Chr4	2716000	2717000	rDNA	0	0	0	0	0	0
Chr4	2717000	2718000	rDNA	0	0	0	0	0	0
Chr4	2718000	2719000	rDNA	0	0	0	0	0	0
Chr4	2721000	2722000	rDNA	0	0	0	1	1	1
Chr4	2723000	2724000	rDNA	0	0	0	0	0	0
Chr4	2724000	2725000	rDNA	0	0	0	0	0	1
Chr4	2726000	2727000	rDNA	0	0	0	0	0	0
Chr4	2727000	2728000	rDNA	0	0	0	0	0	1
Chr4	2746000	2747000	rDNA	0	0	0	1	0	1
Chr4	2758000	2759000	rDNA	0	0	0	0	0	0
Chr4	2791000	2792000	rDNA	0	0	0	0	0	1
Chr4	2800000	2801000	rDNA	0	0	1	1	1	0
Chr4	2801000	2802000	rDNA	0	0	0	0	0	0
Chr4	2809000	2810000	rDNA	0	0	0	0	0	1
Chr4	2810000	2811000	rDNA	0	0	0	0	0	1
Chr4	2812000	2813000	rDNA	0	0	0	0	0	0
Chr4	2814000	2815000	rDNA	0	0	0	1	0	0
Chr4	2815000	2816000	rDNA	0	0	1	0	0	0
Chr4	2816000	2817000	rDNA	0	0	0	1	0	1
Chr4	2817000	2818000	rDNA	0	0	0	0	0	1
Chr4	2819000	2820000	rDNA	0	0	0	0	1	1
Chr4	2821000	2822000	rDNA	0	0	0	0	0	0
Chr4	2822000	2823000	rDNA	0	0	0	0	0	0
Chr4	2823000	2824000	rDNA	0	0	1	0	0	0
Chr4	2826000	2827000	rDNA	0	0	1	1	1	1
Chr4	2827000	2828000	rDNA	0	0	0	0	1	0
Chr4	2828000	2829000	rDNA	0	0	0	0	1	0
Chr4	2830000	2831000	rDNA	0	0	0	0	0	0
Chr4	2831000	2832000	rDNA	0	0	0	1	0	0
Chr4	2832000	2833000	rDNA	0	0	0	0	0	0
Chr4	2833000	2834000	rDNA	0	0	1	0	1	0
Chr4	2836000	2837000	rDNA	0	0	1	1	1	0
Chr4	2837000	2838000	rDNA	0	0	0	0	0	0
Chr4	2840000	2841000	rDNA	0	0	0	0	0	0
Chr4	2842000	2843000	rDNA	0	0	0	0	0	0
Chr4	2843000	2844000	rDNA	0	0	0	0	0	0
Chr4	2846000	2847000	rDNA	0	0	0	0	0	0
Chr4	2847000	2848000	rDNA	0	0	0	0	0	0
Chr4	2848000	2849000	rDNA	0	0	0	1	1	0
Chr4	2849000	2850000	rDNA	0	0	0	1	1	0
Chr4	2850000	2851000	rDNA	0	0	0	1	1	0
Chr4	2851000	2852000	rDNA	0	0	0	1	1	0
Chr4	2853000	2854000	rDNA	0	0	1	0	0	0
Chr4	2854000	2855000	rDNA	0	0	1	0	0	1
Chr4	2859000	2860000	rDNA	0	0	0	0	0	0
Chr4	2860000	2861000	rDNA	0	0	0	1	0	0
Chr4	2861000	2862000	rDNA	0	0	1	1	1	0
Chr4	2864000	2865000	rDNA	0	0	0	1	1	0
Chr4	2866000	2867000	rDNA	0	0	0	0	1	1
Chr4	2871000	2872000	rDNA	0	0	0	0	0	1
Chr4	2872000	2873000	rDNA	0	0	0	0	0	1
Chr4	2873000	2874000	rDNA	0	0	0	1	1	0
Chr4	2874000	2875000	rDNA	0	0	0	0	0	0
Chr4	2875000	2876000	rDNA	0	0	1	0	0	0
Chr4	2876000	2877000	rDNA	0	0	1	0	0	0
Chr4	2882000	2883000	rDNA	0	0	1	0	0	1
Chr4	2883000	2884000	rDNA	0	0	0	0	0	0
Chr4	2884000	2885000	rDNA	0	0	0	0	0	0
Chr4	2885000	2886000	rDNA	0	0	0	0	0	0
Chr4	2887000	2888000	rDNA	0	0	0	0	0	0
Chr4	2892000	2893000	rDNA	0	0	1	1	0	0
Chr4	2895000	2896000	rDNA	0	0	0	0	1	0
Chr4	2902000	2903000	rDNA	0	0	0	0	0	0
Chr4	2903000	2904000	rDNA	0	0	0	0	0	1
Chr4	2905000	2906000	rDNA	0	0	0	0	1	0
Chr4	2906000	2907000	rDNA	0	0	1	1	0	0
Chr4	2908000	2909000	rDNA	0	0	1	0	0	0
Chr4	2909000	2910000	rDNA	0	0	1	0	1	1
Chr4	2910000	2911000	rDNA	0	0	0	0	0	0
Chr4	2913000	2914000	rDNA	0	0	1	0	0	0
Chr4	2914000	2915000	rDNA	0	0	0	0	0	0
Chr4	2916000	2917000	rDNA	0	0	1	1	1	0
Chr4	2918000	2919000	rDNA	0	0	1	0	0	0
Chr4	2920000	2921000	rDNA	0	0	0	0	0	1
Chr4	2923000	2924000	rDNA	0	0	0	0	1	0
Chr4	2924000	2925000	rDNA	0	0	1	0	0	0
Chr4	2926000	2927000	rDNA	0	0	1	0	1	1
Chr4	2927000	2928000	rDNA	0	0	1	0	0	0
Chr4	2928000	2929000	rDNA	0	0	0	0	0	0
Chr4	2929000	2930000	rDNA	0	0	1	0	0	0
Chr4	2930000	2931000	rDNA	0	0	1	0	0	0
Chr4	2931000	2932000	rDNA	0	0	0	1	0	0
Chr4	2932000	2933000	rDNA	0	0	0	0	1	1
Chr4	2933000	2934000	rDNA	0	0	0	0	0	0
Chr4	2934000	2935000	rDNA	0	0	0	0	0	1
Chr4	2936000	2937000	rDNA	0	0	0	0	0	0
Chr4	2937000	2938000	rDNA	0	0	0	0	0	0
Chr4	2941000	2942000	rDNA	0	0	0	1	0	0
Chr4	2944000	2945000	rDNA	0	0	0	0	0	0
Chr4	2947000	2948000	rDNA	0	0	1	0	0	0
Chr4	2948000	2949000	rDNA	0	0	1	0	0	0
Chr4	2949000	2950000	rDNA	0	0	1	0	0	0
Chr4	2954000	2955000	rDNA	0	0	0	0	0	1
Chr4	2955000	2956000	rDNA	0	0	1	0	0	0
Chr4	2957000	2958000	rDNA	0	0	0	0	0	0
Chr4	2958000	2959000	rDNA	0	0	1	0	1	0
Chr4	2960000	2961000	rDNA	0	0	0	0	0	1
Chr4	2962000	2963000	rDNA	0	0	0	0	0	0
Chr4	2965000	2966000	rDNA	0	0	0	0	1	1
Chr4	2968000	2969000	rDNA	0	0	1	0	0	0
Chr4	2975000	2976000	rDNA	0	0	0	1	1	1
Chr4	2976000	2977000	rDNA	0	0	1	1	1	1
Chr4	2978000	2979000	rDNA	0	0	1	0	1	0
Chr4	2979000	2980000	rDNA	0	0	1	0	0	0
Chr4	2980000	2981000	rDNA	0	0	0	1	1	1
Chr4	2981000	2982000	rDNA	0	0	0	0	0	0
Chr4	2986000	2987000	rDNA	0	0	1	0	0	1
Chr4	2987000	2988000	rDNA	0	0	0	0	0	1
Chr4	2988000	2989000	rDNA	0	0	0	0	1	0
Chr4	2989000	2990000	rDNA	0	0	1	0	1	0
Chr4	2993000	2994000	rDNA	0	0	0	0	0	0
Chr4	2996000	2997000	rDNA	0	0	1	0	0	0
Chr4	2997000	2998000	rDNA	0	0	0	0	0	1
Chr4	2999000	3000000	rDNA	0	0	0	0	1	0
Chr4	3000000	3001000	rDNA	0	0	0	0	1	0
Chr4	3001000	3002000	rDNA	0	0	0	0	0	0
Chr4	3003000	3004000	rDNA	0	0	1	0	0	0
Chr4	3004000	3005000	rDNA	0	0	0	0	0	0
Chr4	3007000	3008000	rDNA	0	0	1	0	0	0
Chr4	3008000	3009000	rDNA	0	0	0	0	0	0
Chr4	3009000	3010000	rDNA	0	0	0	0	0	0
Chr4	3010000	3011000	rDNA	0	0	1	0	0	0
Chr4	3012000	3013000	rDNA	0	0	1	0	0	0
Chr4	3014000	3015000	rDNA	0	0	0	0	0	0
Chr4	3015000	3016000	rDNA	0	0	0	0	0	0
Chr4	3017000	3018000	rDNA	0	0	0	0	0	1
Chr4	3018000	3019000	rDNA	0	0	0	0	0	0
Chr4	3019000	3020000	rDNA	0	0	0	0	0	0
Chr4	3020000	3021000	rDNA	0	0	0	0	0	0
Chr4	3021000	3022000	rDNA	0	0	1	0	0	0
Chr4	3022000	3023000	rDNA	0	0	0	0	0	1
Chr4	3023000	3024000	rDNA	0	0	1	0	0	0
Chr4	3024000	3025000	rDNA	0	0	1	0	0	1
Chr4	3028000	3029000	rDNA	0	0	1	0	0	0
Chr4	3030000	3031000	rDNA	0	0	1	1	1	0
Chr4	3031000	3032000	rDNA	0	0	1	0	0	0
Chr4	3033000	3034000	rDNA	0	0	0	0	0	0
Chr4	3038000	3039000	rDNA	0	0	1	0	0	0
Chr4	3041000	3042000	rDNA	0	0	0	0	0	0
Chr4	3042000	3043000	rDNA	0	0	1	0	0	0
Chr4	3044000	3045000	rDNA	0	0	1	0	0	1
Chr4	3049000	3050000	rDNA	0	0	1	0	0	0
Chr4	3050000	3051000	rDNA	0	0	0	0	0	0
Chr4	3051000	3052000	rDNA	0	0	0	1	0	0
Chr4	3052000	3053000	rDNA	0	0	1	1	0	0
Chr4	3054000	3055000	rDNA	0	0	1	0	0	1
Chr4	3055000	3056000	rDNA	0	0	1	0	0	0
Chr4	3056000	3057000	rDNA	0	0	0	1	0	0
Chr4	3057000	3058000	rDNA	0	0	0	0	0	0
Chr4	3059000	3060000	rDNA	0	0	0	0	0	0
Chr4	3060000	3061000	rDNA	0	0	0	0	0	1
Chr4	3062000	3063000	rDNA	0	0	0	1	1	0
Chr4	3063000	3064000	rDNA	0	0	0	0	0	0
Chr4	3064000	3065000	rDNA	0	0	1	0	0	1
Chr4	3066000	3067000	rDNA	0	0	0	0	0	0
Chr4	3067000	3068000	rDNA	0	0	0	1	1	0
Chr4	3070000	3071000	rDNA	0	0	0	1	1	0
Chr4	3072000	3073000	rDNA	0	0	0	0	0	0
Chr4	3073000	3074000	rDNA	0	0	1	0	0	1
Chr4	3075000	3076000	rDNA	0	0	1	0	0	0
Chr4	3080000	3081000	rDNA	0	0	1	1	0	0
Chr4	3082000	3083000	rDNA	0	0	0	0	0	1
Chr4	3083000	3084000	rDNA	0	0	1	0	0	0
Chr4	3085000	3086000	rDNA	0	0	0	1	1	0
Chr4	3090000	3091000	rDNA	0	0	1	0	0	1
Chr4	3093000	3094000	rDNA	0	0	1	0	1	0
Chr4	3096000	3097000	rDNA	0	0	1	0	0	0
Chr4	3097000	3098000	rDNA	0	0	0	0	0	0
Chr4	3100000	3101000	rDNA	0	0	0	0	0	1
Chr4	3101000	3102000	rDNA	0	0	1	0	0	0
Chr4	3103000	3104000	rDNA	0	0	0	0	0	0
Chr4	3104000	3105000	rDNA	0	0	1	0	0	0
Chr4	3108000	3109000	rDNA	0	0	0	0	0	0
Chr4	3111000	3112000	rDNA	0	0	1	0	0	0
Chr4	3112000	3113000	rDNA	0	0	0	0	1	0
Chr4	3113000	3114000	rDNA	0	0	0	0	0	0
Chr4	3114000	3115000	rDNA	0	0	1	0	0	1
Chr4	3116000	3117000	rDNA	0	0	0	0	0	0
Chr4	3118000	3119000	rDNA	0	0	0	0	0	0
Chr4	3121000	3122000	rDNA	0	0	0	0	0	0
Chr4	3122000	3123000	rDNA	0	0	0	0	0	0
Chr4	3124000	3125000	rDNA	0	0	0	0	1	0
Chr4	3125000	3126000	rDNA	0	0	0	0	0	0
Chr4	3126000	3127000	rDNA	0	0	0	0	0	0
Chr4	3132000	3133000	rDNA	0	0	1	0	0	1
Chr4	3133000	3134000	rDNA	0	0	0	0	0	0
Chr4	3134000	3135000	rDNA	0	0	0	1	0	0
Chr4	3135000	3136000	rDNA	0	0	1	0	0	0
Chr4	3137000	3138000	rDNA	0	0	1	1	0	1
Chr4	3139000	3140000	rDNA	0	0	0	0	1	0
Chr4	3142000	3143000	rDNA	0	0	1	0	0	0
Chr4	3143000	3144000	rDNA	0	0	0	0	0	0
Chr4	3144000	3145000	rDNA	0	0	0	0	1	0
Chr4	3145000	3146000	rDNA	0	0	1	0	0	0
Chr4	3147000	3148000	rDNA	0	0	1	1	0	1
Chr4	3149000	3150000	rDNA	0	0	0	1	0	1
Chr4	3152000	3153000	rDNA	0	0	1	0	0	0
Chr4	3153000	3154000	rDNA	0	0	0	0	0	1
Chr4	3154000	3155000	rDNA	0	0	0	0	0	0
Chr4	3155000	3156000	rDNA	0	0	1	0	0	0
Chr4	3158000	3159000	rDNA	0	0	1	0	0	0
Chr4	3159000	3160000	rDNA	0	0	0	0	0	0
Chr4	3162000	3163000	rDNA	0	0	1	0	0	0
Chr4	3163000	3164000	rDNA	0	0	1	0	0	0
Chr4	3165000	3166000	rDNA	0	0	1	1	1	0
Chr4	3166000	3167000	rDNA	0	0	0	1	1	0
Chr4	3173000	3174000	rDNA	0	0	1	1	1	0
Chr4	3174000	3175000	rDNA	0	0	1	0	0	0
Chr4	3175000	3176000	rDNA	0	0	0	0	0	0
Chr4	3176000	3177000	rDNA	0	0	1	0	1	0
Chr4	3178000	3179000	rDNA	0	0	1	0	0	1
Chr4	3180000	3181000	rDNA	0	0	0	1	1	0
Chr4	3183000	3184000	rDNA	0	0	1	1	0	0
Chr4	3184000	3185000	rDNA	0	0	1	1	0	1
Chr4	3186000	3187000	rDNA	0	0	0	0	0	0
Chr4	3187000	3188000	rDNA	0	0	0	1	0	0
Chr4	3188000	3189000	rDNA	0	0	1	0	0	1
Chr4	3194000	3195000	rDNA	0	0	1	0	0	0
Chr4	3195000	3196000	rDNA	0	0	1	0	0	1
Chr4	3196000	3197000	rDNA	0	0	0	0	0	0
Chr4	3197000	3198000	rDNA	0	0	1	0	0	0
Chr4	3199000	3200000	rDNA	0	0	1	0	0	1
Chr4	3200000	3201000	rDNA	0	0	1	0	0	0
Chr4	3201000	3202000	rDNA	0	0	0	0	0	0
Chr4	3202000	3203000	rDNA	0	0	0	1	0	1
Chr4	3204000	3205000	rDNA	0	0	1	0	0	0
Chr4	3207000	3208000	rDNA	0	0	0	1	1	1
Chr4	3209000	3210000	rDNA	0	0	1	1	0	0
Chr4	3214000	3215000	rDNA	0	0	0	0	0	1
Chr4	3215000	3216000	rDNA	0	0	1	0	0	1
Chr4	3217000	3218000	rDNA	0	0	0	0	1	0
Chr4	3218000	3219000	rDNA	0	0	1	0	0	0
Chr4	3221000	3222000	rDNA	0	0	1	1	1	0
Chr4	3222000	3223000	rDNA	0	0	0	1	1	0
Chr4	3225000	3226000	rDNA	0	0	1	0	0	0
Chr4	3227000	3228000	rDNA	0	0	0	0	0	0
Chr4	3228000	3229000	rDNA	0	0	1	0	0	0
Chr4	3229000	3230000	rDNA	0	0	1	1	0	0
Chr4	3230000	3231000	rDNA	0	0	0	1	0	0
Chr4	3232000	3233000	rDNA	0	0	0	0	1	0
Chr4	3233000	3234000	rDNA	0	0	0	0	0	0
Chr4	3235000	3236000	rDNA	0	0	0	0	0	0
Chr4	3236000	3237000	rDNA	0	0	1	0	0	0
Chr4	3238000	3239000	rDNA	0	0	0	0	0	0
Chr4	3239000	3240000	rDNA	0	0	1	0	0	0
Chr4	3241000	3242000	rDNA	0	0	0	0	0	0
Chr4	3246000	3247000	rDNA	0	0	1	1	0	0
Chr4	3249000	3250000	rDNA	0	0	1	0	0	0
Chr4	3256000	3257000	rDNA	0	0	0	0	0	0
Chr4	3257000	3258000	rDNA	0	0	1	0	0	0
Chr4	3259000	3260000	rDNA	0	0	0	1	1	0
Chr4	3260000	3261000	rDNA	0	0	1	0	0	0
Chr4	3262000	3263000	rDNA	0	0	1	0	0	0
Chr4	3264000	3265000	rDNA	0	0	0	0	0	0
Chr4	3267000	3268000	rDNA	0	0	0	1	0	1
Chr4	3268000	3269000	rDNA	0	0	0	1	0	0
Chr4	3269000	3270000	rDNA	0	0	0	0	0	0
Chr4	3270000	3271000	rDNA	0	0	1	0	0	0
Chr4	3271000	3272000	rDNA	0	0	1	1	1	0
Chr4	3272000	3273000	rDNA	0	0	0	0	0	0
Chr4	3277000	3278000	rDNA	0	0	0	0	0	1
Chr4	3278000	3279000	rDNA	0	0	1	0	0	0
Chr4	3280000	3281000	rDNA	0	0	0	1	1	0
Chr4	3281000	3282000	rDNA	0	0	1	0	0	0
Chr4	3288000	3289000	rDNA	0	0	1	0	0	0
Chr4	3289000	3290000	rDNA	0	0	1	0	0	0
Chr4	3290000	3291000	rDNA	0	0	0	1	1	1
Chr4	3291000	3292000	rDNA	0	0	1	1	0	0
Chr4	3293000	3294000	rDNA	0	0	1	0	0	1
Chr4	3295000	3296000	rDNA	0	0	0	1	0	0
Chr4	3298000	3299000	rDNA	0	0	1	0	1	0
Chr4	3301000	3302000	rDNA	0	0	0	0	0	0
Chr4	3308000	3309000	rDNA	0	0	0	0	0	0
Chr4	3309000	3310000	rDNA	0	0	1	0	0	0
Chr4	3311000	3312000	rDNA	0	0	0	1	1	0
Chr4	3312000	3313000	rDNA	0	0	1	1	1	0
Chr4	3313000	3314000	rDNA	0	0	0	1	1	0
Chr4	3314000	3315000	rDNA	0	0	0	0	0	1
Chr4	3315000	3316000	rDNA	0	0	0	0	0	0
Chr4	3319000	3320000	rDNA	0	0	1	0	0	0
Chr4	3322000	3323000	rDNA	0	0	1	0	0	0
Chr4	3324000	3325000	rDNA	0	0	0	0	0	0
Chr4	3329000	3330000	rDNA	0	0	0	0	0	0
Chr4	3330000	3331000	rDNA	0	0	1	0	0	0
Chr4	3331000	3332000	rDNA	0	0	0	0	0	0
Chr4	3332000	3333000	rDNA	0	0	0	0	0	0
Chr4	3333000	3334000	rDNA	0	0	1	0	0	0
Chr4	3334000	3335000	rDNA	0	0	0	1	1	1
Chr4	3336000	3337000	rDNA	0	0	1	1	1	0
Chr4	3337000	3338000	rDNA	0	0	0	1	1	0
Chr4	3338000	3339000	rDNA	0	0	0	0	0	0
Chr4	3339000	3340000	rDNA	0	0	0	0	1	1
Chr4	3340000	3341000	rDNA	0	0	1	1	1	0
Chr4	3342000	3343000	rDNA	0	0	0	1	0	0
Chr4	3343000	3344000	rDNA	0	0	1	0	0	0
Chr4	3345000	3346000	rDNA	0	0	0	0	0	1
Chr4	3346000	3347000	rDNA	0	0	1	0	0	0
Chr4	3347000	3348000	rDNA	0	0	0	0	1	0
Chr4	3348000	3349000	rDNA	0	0	0	1	0	0
Chr4	3350000	3351000	rDNA	0	0	1	0	0	1
Chr4	3353000	3354000	rDNA	0	0	0	0	1	0
Chr4	3354000	3355000	rDNA	0	0	0	1	1	0
Chr4	3361000	3362000	rDNA	0	0	0	0	0	1
Chr4	3363000	3364000	rDNA	0	0	0	0	0	0
Chr4	3364000	3365000	rDNA	0	0	1	0	0	0
Chr4	3366000	3367000	rDNA	0	0	1	0	0	1
Chr4	3367000	3368000	rDNA	0	0	1	0	0	0
Chr4	3368000	3369000	rDNA	0	0	0	0	0	0
Chr4	3371000	3372000	rDNA	0	0	1	0	0	0
Chr4	3374000	3375000	rDNA	0	0	1	1	1	0
Chr4	3377000	3378000	rDNA	0	0	1	0	0	0
Chr4	3381000	3382000	rDNA	0	0	0	1	0	0
Chr4	3382000	3383000	rDNA	0	0	1	0	0	0
Chr4	3383000	3384000	rDNA	0	0	0	0	0	0
Chr4	3384000	3385000	rDNA	0	0	0	1	1	1
Chr4	3385000	3386000	rDNA	0	0	1	0	0	0
Chr4	3387000	3388000	rDNA	0	0	1	1	1	0
Chr4	3391000	3392000	rDNA	0	0	0	0	1	0
Chr4	3392000	3393000	rDNA	0	0	0	0	0	1
Chr4	3394000	3395000	rDNA	0	0	1	0	0	0
Chr4	3395000	3396000	rDNA	0	0	1	0	0	0
Chr4	3397000	3398000	rDNA	0	0	0	0	0	0
Chr4	3402000	3403000	rDNA	0	0	0	0	0	0
Chr4	3405000	3406000	rDNA	0	0	0	0	0	1
Chr4	3406000	3407000	rDNA	0	0	1	1	1	0
Chr4	3413000	3414000	rDNA	0	0	1	0	0	0
Chr4	3414000	3415000	rDNA	0	0	0	0	0	0
Chr4	3415000	3416000	rDNA	0	0	0	0	0	0
Chr4	3416000	3417000	rDNA	0	0	1	0	0	0
Chr4	3418000	3419000	rDNA	0	0	0	0	0	0
Chr4	3419000	3420000	rDNA	0	0	1	0	0	0
Chr4	3420000	3421000	rDNA	0	0	0	1	0	0
Chr4	3421000	3422000	rDNA	0	0	0	0	0	1
Chr4	3423000	3424000	rDNA	0	0	1	0	0	1
Chr4	3426000	3427000	rDNA	0	0	0	0	1	0
Chr4	3428000	3429000	rDNA	0	0	1	0	0	0
Chr4	3430000	3431000	rDNA	0	0	0	0	1	0
Chr4	3431000	3432000	rDNA	0	0	0	0	1	0
Chr4	3433000	3434000	rDNA	0	0	0	0	0	1
Chr4	3434000	3435000	rDNA	0	0	0	0	0	0
Chr4	3436000	3437000	rDNA	0	0	0	1	1	0
Chr4	3437000	3438000	rDNA	0	0	1	1	0	0
Chr4	3439000	3440000	rDNA	0	0	1	1	1	0
Chr4	3441000	3442000	rDNA	0	0	0	0	0	0
Chr4	3444000	3445000	rDNA	0	0	1	1	0	0
Chr4	3445000	3446000	rDNA	0	0	0	0	1	0
Chr4	3446000	3447000	rDNA	0	0	0	0	0	0
Chr4	3447000	3448000	rDNA	0	0	1	0	0	0
Chr4	3449000	3450000	rDNA	0	0	0	0	0	1
Chr4	3450000	3451000	rDNA	0	0	1	0	0	1
Chr4	3451000	3452000	rDNA	0	0	0	0	0	0
Chr4	3452000	3453000	rDNA	0	0	0	0	0	0
Chr4	3454000	3455000	rDNA	0	0	0	0	0	0
Chr4	3455000	3456000	rDNA	0	0	1	0	1	1
Chr4	3457000	3458000	rDNA	0	0	0	0	0	0
Chr4	3458000	3459000	rDNA	0	0	1	1	0	0
Chr4	3459000	3460000	rDNA	0	0	0	0	0	0
Chr4	3460000	3461000	rDNA	0	0	1	1	1	0
Chr4	3461000	3462000	rDNA	0	0	1	0	1	0
Chr4	3465000	3466000	rDNA	0	0	1	0	0	0
Chr4	3466000	3467000	rDNA	0	0	0	0	0	0
Chr4	3467000	3468000	rDNA	0	0	0	0	0	0
Chr4	3468000	3469000	rDNA	0	0	1	0	0	0
Chr4	3470000	3471000	rDNA	0	0	0	0	0	0
Chr4	3472000	3473000	rDNA	0	0	0	0	1	0
Chr4	3475000	3476000	rDNA	0	0	0	0	0	0
Chr4	3478000	3479000	rDNA	0	0	0	0	0	0
Chr4	3485000	3486000	rDNA	0	0	0	0	0	0
Chr4	3486000	3487000	rDNA	0	0	1	0	0	0
Chr4	3487000	3488000	rDNA	0	0	0	0	0	0
Chr4	3488000	3489000	rDNA	0	0	0	0	0	0
Chr4	3489000	3490000	rDNA	0	0	1	0	0	0
Chr4	3491000	3492000	rDNA	0	0	0	1	0	0
Chr4	3493000	3494000	rDNA	0	0	0	0	0	1
Chr4	3496000	3497000	rDNA	0	0	1	0	0	1
Chr4	3497000	3498000	rDNA	0	0	0	0	0	0
Chr4	3498000	3499000	rDNA	0	0	0	0	0	0
Chr4	3499000	3500000	rDNA	0	0	1	0	0	0
Chr4	3501000	3502000	rDNA	0	0	0	0	0	0
Chr4	3506000	3507000	rDNA	0	0	0	0	0	1
Chr4	3507000	3508000	rDNA	0	0	0	0	0	0
Chr4	3509000	3510000	rDNA	0	0	0	0	0	0
Chr4	3510000	3511000	rDNA	0	0	1	0	0	0
Chr4	3511000	3512000	rDNA	0	0	0	1	1	1
Chr4	3512000	3513000	rDNA	0	0	1	0	0	0
Chr4	3513000	3514000	rDNA	0	0	1	0	1	0
Chr4	3514000	3515000	rDNA	0	0	0	0	0	0
Chr4	3515000	3516000	rDNA	0	0	0	0	0	0
Chr4	3516000	3517000	rDNA	0	0	0	0	0	0
Chr4	3517000	3518000	rDNA	0	0	0	0	0	0
Chr4	3519000	3520000	rDNA	0	0	0	1	1	0
Chr4	3520000	3521000	rDNA	0	0	0	0	0	0
Chr4	3521000	3522000	rDNA	0	0	0	1	0	0
Chr4	3522000	3523000	rDNA	0	0	1	0	0	0
Chr4	3523000	3524000	rDNA	0	0	0	0	1	0
Chr4	3524000	3525000	rDNA	0	0	0	1	1	0
Chr4	3526000	3527000	rDNA	0	0	0	0	0	1
Chr4	3527000	3528000	rDNA	0	0	1	1	0	1
Chr4	3529000	3530000	rDNA	0	0	0	0	0	0
Chr4	3530000	3531000	rDNA	0	0	1	0	0	0
Chr4	3531000	3532000	rDNA	0	0	1	0	0	0
Chr4	3532000	3533000	rDNA	0	0	1	0	0	0
Chr4	3533000	3534000	rDNA	0	0	1	1	1	0
Chr4	3534000	3535000	rDNA	0	0	0	0	0	1
Chr4	3537000	3538000	rDNA	0	0	1	0	0	0
Chr4	3539000	3540000	rDNA	0	0	0	0	0	0
Chr4	3540000	3541000	rDNA	0	0	1	0	0	0
Chr4	3544000	3545000	rDNA	0	0	0	1	1	0
Chr4	3545000	3546000	rDNA	0	0	0	0	0	1
Chr4	3547000	3548000	rDNA	0	0	0	0	0	0
Chr4	3548000	3549000	rDNA	0	0	0	0	0	0
Chr4	3550000	3551000	rDNA	0	0	0	1	0	0
Chr4	3551000	3552000	rDNA	0	0	1	0	0	0
Chr4	3555000	3556000	rDNA	0	0	0	0	0	0
Chr4	3558000	3559000	rDNA	0	0	1	0	0	0
Chr4	3559000	3560000	rDNA	0	0	0	1	1	1
Chr4	3560000	3561000	rDNA	0	0	0	1	1	0
Chr4	3561000	3562000	rDNA	0	0	1	1	1	0
Chr4	3563000	3564000	rDNA	0	0	0	0	0	0
Chr4	3565000	3566000	rDNA	0	0	0	0	0	1
Chr4	3568000	3569000	rDNA	0	0	1	0	0	0
Chr4	3569000	3570000	rDNA	0	0	1	0	0	1
Chr4	3570000	3571000	rDNA	0	0	0	0	0	0
Chr4	3571000	3572000	rDNA	0	0	1	0	0	0
Chr4	3572000	3573000	rDNA	0	0	0	1	1	0
Chr4	3573000	3574000	rDNA	0	0	0	0	0	0
Chr4	3575000	3576000	rDNA	0	0	1	0	0	0
Chr4	3576000	3577000	rDNA	0	0	0	0	0	0
Chr4	3578000	3579000	rDNA	0	0	0	1	1	1
Chr4	3579000	3580000	rDNA	0	0	1	0	0	0
Chr4	3580000	3581000	rDNA	0	0	0	0	0	0
Chr4	3581000	3582000	rDNA	0	0	0	0	0	0
Chr4	3582000	3583000	rDNA	0	0	1	0	1	0
Chr4	3583000	3584000	rDNA	0	0	1	0	0	0
Chr4	3584000	3585000	rDNA	0	0	0	0	0	0
Chr4	3585000	3586000	rDNA	0	0	1	1	0	0
Chr4	3586000	3587000	rDNA	0	0	0	0	0	0
Chr4	3587000	3588000	rDNA	0	0	0	0	0	1
Chr4	3589000	3590000	rDNA	0	0	1	0	0	0
Chr4	3592000	3593000	rDNA	0	0	1	0	0	0
Chr4	3594000	3595000	rDNA	0	0	1	0	0	0
Chr4	3599000	3600000	rDNA	0	0	0	0	0	0
Chr4	3600000	3601000	rDNA	0	0	0	0	0	0
Chr4	3601000	3602000	rDNA	0	0	0	0	0	0
Chr4	3602000	3603000	rDNA	0	0	0	0	1	0
Chr4	3603000	3604000	rDNA	0	0	1	0	0	0
Chr4	3610000	3611000	rDNA	0	0	1	0	0	1
Chr4	3611000	3612000	rDNA	0	0	1	0	0	0
Chr4	3613000	3614000	rDNA	0	0	0	0	0	0
Chr4	3614000	3615000	rDNA	0	0	1	0	0	0
Chr4	3615000	3616000	rDNA	0	0	1	0	1	0
Chr4	3616000	3617000	rDNA	0	0	1	0	0	0
Chr4	3617000	3618000	rDNA	0	0	1	0	0	0
Chr4	3621000	3622000	rDNA	0	0	1	1	0	0
Chr4	3622000	3623000	rDNA	0	0	0	0	0	0
Chr4	3623000	3624000	rDNA	0	0	0	0	0	0
Chr4	3624000	3625000	rDNA	0	0	1	0	0	0
Chr4	3626000	3627000	rDNA	0	0	0	0	0	0
Chr4	3628000	3629000	rDNA	0	0	0	1	0	0
Chr4	3631000	3632000	rDNA	0	0	1	1	0	1
Chr4	3634000	3635000	rDNA	0	0	1	0	0	0
Chr4	3635000	3636000	rDNA	0	0	1	0	0	0
Chr4	3638000	3639000	rDNA	0	0	1	0	0	0
Chr4	3639000	3640000	rDNA	0	0	0	1	0	1
Chr4	3640000	3641000	rDNA	0	0	0	0	0	0
Chr4	3642000	3643000	rDNA	0	0	1	0	0	0
Chr4	3643000	3644000	rDNA	0	0	0	1	0	0
Chr4	3644000	3645000	rDNA	0	0	0	0	1	0
Chr4	3645000	3646000	rDNA	0	0	1	1	0	0
Chr4	3646000	3647000	rDNA	0	0	0	1	0	0
Chr4	3647000	3648000	rDNA	0	0	0	1	1	0
Chr4	3649000	3650000	rDNA	0	0	0	0	1	0
Chr4	3652000	3653000	rDNA	0	0	1	0	0	0
Chr4	3655000	3656000	rDNA	0	0	1	1	0	0
Chr4	3656000	3657000	rDNA	0	0	0	0	0	0
Chr4	3657000	3658000	rDNA	0	0	0	1	1	0
Chr4	3659000	3660000	rDNA	0	0	0	1	1	0
Chr4	3660000	3661000	rDNA	0	0	0	0	0	1
Chr4	3662000	3663000	rDNA	0	0	0	0	0	0
Chr4	3663000	3664000	rDNA	0	0	0	1	0	0
Chr4	3665000	3666000	rDNA	0	0	0	0	0	0
Chr4	3666000	3667000	rDNA	0	0	1	0	0	0
Chr4	3669000	3670000	rDNA	0	0	1	0	0	0
Chr4	3670000	3671000	rDNA	0	0	0	0	0	0
Chr4	3671000	3672000	rDNA	0	0	0	1	1	0
Chr4	3672000	3673000	rDNA	0	0	0	0	1	0
Chr4	3673000	3674000	rDNA	0	0	0	0	0	0
Chr4	3674000	3675000	rDNA	0	0	0	0	0	0
Chr4	3675000	3676000	rDNA	0	0	0	0	0	0
Chr4	3676000	3677000	rDNA	0	0	0	0	0	0
Chr4	3677000	3678000	rDNA	0	0	1	0	1	0
Chr4	3678000	3679000	rDNA	0	0	1	1	0	1
Chr4	3679000	3680000	rDNA	0	0	0	0	0	0
Chr4	3680000	3681000	rDNA	0	0	0	0	0	0
Chr4	3682000	3683000	rDNA	0	0	0	0	0	0
Chr4	3684000	3685000	rDNA	0	0	0	0	0	0
Chr4	3685000	3686000	rDNA	0	0	0	0	0	0
Chr4	3686000	3687000	rDNA	0	0	1	1	1	0
Chr4	3687000	3688000	rDNA	0	0	0	0	0	0
Chr4	3688000	3689000	rDNA	0	0	1	0	0	1
Chr4	3692000	3693000	rDNA	0	0	0	1	0	0
Chr4	3693000	3694000	rDNA	0	0	1	0	0	0
Chr4	3695000	3696000	rDNA	0	0	0	1	0	0
Chr4	3698000	3699000	rDNA	0	0	1	0	0	0
Chr4	3700000	3701000	rDNA	0	0	0	1	1	0
Chr4	3701000	3702000	rDNA	0	0	0	1	0	1
Chr4	3702000	3703000	rDNA	0	0	0	0	0	0
Chr4	3703000	3704000	rDNA	0	0	1	0	0	0
Chr4	3705000	3706000	rDNA	0	0	0	1	1	0
Chr4	3706000	3707000	rDNA	0	0	0	0	0	0
Chr4	3708000	3709000	rDNA	0	0	0	0	0	0
Chr4	3710000	3711000	rDNA	0	0	0	1	1	0
Chr4	3711000	3712000	rDNA	0	0	0	0	0	0
Chr4	3712000	3713000	rDNA	0	0	0	0	0	0
Chr4	3713000	3714000	rDNA	0	0	0	0	0	0
Chr4	3714000	3715000	rDNA	0	0	1	0	0	1
Chr4	3715000	3716000	rDNA	0	0	0	0	0	1
Chr4	3716000	3717000	rDNA	0	0	0	1	0	0
Chr4	3717000	3718000	rDNA	0	0	0	0	0	0
Chr4	3718000	3719000	rDNA	0	0	0	0	1	0
Chr4	3720000	3721000	rDNA	0	0	0	1	1	0
Chr4	3721000	3722000	rDNA	0	0	0	0	0	0
Chr4	3722000	3723000	rDNA	0	0	0	0	0	0
Chr4	3723000	3724000	rDNA	0	0	0	0	0	0
Chr4	3725000	3726000	rDNA	0	0	0	0	0	0
Chr4	3726000	3727000	rDNA	0	0	0	0	0	0
Chr4	3727000	3728000	rDNA	0	0	0	0	0	0
Chr4	3728000	3729000	rDNA	0	0	0	0	0	0
Chr4	3729000	3730000	rDNA	0	0	1	0	0	1
Chr4	3734000	3735000	rDNA	0	0	0	0	0	1
Chr4	3735000	3736000	rDNA	0	0	0	0	0	0
Chr4	3736000	3737000	rDNA	0	0	0	0	0	0
Chr4	3737000	3738000	rDNA	0	0	0	0	1	1
Chr4	3738000	3739000	rDNA	0	0	0	0	0	0
Chr4	3739000	3740000	rDNA	0	0	1	0	0	0
Chr4	3740000	3741000	rDNA	0	0	0	0	0	0
Chr4	3741000	3742000	rDNA	0	0	0	0	0	0
Chr4	3742000	3743000	rDNA	0	0	0	0	0	0
Chr4	3743000	3744000	rDNA	0	0	0	0	0	0
Chr4	3744000	3745000	rDNA	0	0	0	0	0	1
Chr4	3746000	3747000	rDNA	0	0	0	0	1	0
Chr4	3747000	3748000	rDNA	0	0	0	0	0	0
Chr4	3748000	3749000	rDNA	0	0	0	0	0	0
Chr4	3749000	3750000	rDNA	0	0	1	0	1	0
Chr4	3751000	3752000	rDNA	0	0	0	0	0	0
Chr4	3752000	3753000	rDNA	0	0	0	0	0	0
Chr4	3753000	3754000	rDNA	0	0	0	0	0	0
Chr4	3755000	3756000	rDNA	0	0	0	1	1	0
Chr4	3756000	3757000	rDNA	0	0	0	1	1	0
Chr4	3757000	3758000	rDNA	0	0	0	1	0	0
Chr4	3758000	3759000	rDNA	0	0	1	0	0	0
Chr4	3761000	3762000	rDNA	0	0	0	0	0	0
Chr4	3762000	3763000	rDNA	0	0	0	0	0	1
Chr4	3764000	3765000	rDNA	0	0	0	0	0	0
Chr4	3765000	3766000	rDNA	0	0	0	1	0	0
Chr4	3767000	3768000	rDNA	0	0	1	0	0	0
Chr4	3768000	3769000	rDNA	0	0	0	0	0	0
Chr4	3769000	3770000	rDNA	0	0	0	1	1	0
Chr4	3770000	3771000	rDNA	0	0	0	0	0	0
Chr4	3771000	3772000	rDNA	0	0	0	0	0	1
Chr4	3772000	3773000	rDNA	0	0	0	0	0	1
Chr4	3773000	3774000	rDNA	0	0	1	0	0	0
Chr4	3774000	3775000	rDNA	0	0	0	0	0	0
Chr4	3775000	3776000	rDNA	0	0	0	0	0	0
Chr4	3776000	3777000	rDNA	0	0	0	0	0	0
Chr4	3777000	3778000	rDNA	0	0	0	0	0	0
Chr4	3778000	3779000	rDNA	0	0	1	1	1	0
Chr4	3779000	3780000	rDNA	0	0	0	0	0	1
Chr4	3780000	3781000	rDNA	0	0	0	1	0	1
Chr4	3781000	3782000	rDNA	0	0	0	1	0	0
Chr4	3782000	3783000	rDNA	0	0	0	1	1	0
Chr4	3783000	3784000	rDNA	0	0	1	0	0	1
Chr4	3785000	3786000	rDNA	0	0	1	0	0	0
Chr4	3787000	3788000	rDNA	0	0	0	0	0	1
Chr4	3788000	3789000	rDNA	0	0	1	0	1	0
Chr4	3789000	3790000	rDNA	0	0	0	1	1	0
Chr4	3790000	3791000	rDNA	0	0	0	0	0	1
Chr4	3791000	3792000	rDNA	0	0	0	0	0	1
Chr4	3792000	3793000	rDNA	0	0	0	0	0	0
Chr4	3794000	3795000	rDNA	0	0	0	0	0	0
Chr4	3795000	3796000	rDNA	0	0	0	0	0	0
Chr4	3796000	3797000	rDNA	0	0	0	0	1	0
Chr4	3797000	3798000	rDNA	0	0	1	0	1	0
Chr4	3798000	3799000	rDNA	0	0	0	0	0	0
Chr4	3799000	3800000	rDNA	0	0	0	1	1	0
Chr4	3800000	3801000	rDNA	0	0	0	1	0	0
Chr4	3801000	3802000	rDNA	0	0	0	0	0	0
Chr4	3802000	3803000	rDNA	0	0	0	0	0	0
Chr4	3803000	3804000	rDNA	0	0	0	0	0	0
Chr4	3804000	3805000	rDNA	0	0	0	0	0	0
Chr4	3805000	3806000	rDNA	0	0	0	0	0	0
Chr4	3806000	3807000	rDNA	0	0	0	1	0	0
Chr4	3807000	3808000	rDNA	0	0	1	0	1	0
Chr4	3808000	3809000	rDNA	0	0	1	0	0	0
Chr4	3809000	3810000	rDNA	0	0	0	0	1	0
Chr4	3810000	3811000	rDNA	0	0	0	0	1	0
Chr4	3811000	3812000	rDNA	0	0	0	0	0	0
Chr4	3812000	3813000	rDNA	0	0	0	0	0	0
Chr4	3813000	3814000	rDNA	0	0	1	1	0	0
Chr4	3815000	3816000	rDNA	0	0	0	0	1	0
Chr4	3816000	3817000	rDNA	0	0	0	0	0	0
Chr4	3817000	3818000	rDNA	0	0	1	0	0	0
Chr4	3818000	3819000	rDNA	0	0	1	1	0	0
Chr4	3819000	3820000	rDNA	0	0	0	0	1	0
Chr4	3820000	3821000	rDNA	0	0	0	0	0	1
Chr4	3822000	3823000	rDNA	0	0	0	0	0	0
Chr4	3823000	3824000	rDNA	0	0	1	0	0	1
Chr4	3824000	3825000	rDNA	0	0	1	0	0	1
Chr4	3825000	3826000	rDNA	0	0	0	0	0	0
Chr4	3827000	3828000	rDNA	0	0	0	1	0	0
Chr4	3829000	3830000	rDNA	0	0	0	0	0	0
Chr4	3830000	3831000	rDNA	0	0	0	1	0	0
Chr4	3831000	3832000	rDNA	0	0	0	1	1	1
Chr4	3832000	3833000	rDNA	0	0	0	1	0	1
Chr4	3833000	3834000	rDNA	0	0	1	0	0	0
Chr4	3834000	3835000	rDNA	0	0	1	0	0	1
Chr4	3835000	3836000	rDNA	0	0	1	0	0	0
Chr4	3836000	3837000	rDNA	0	0	1	0	0	0
Chr4	3837000	3838000	rDNA	0	0	1	1	0	0
Chr4	3838000	3839000	rDNA	0	0	1	1	0	1
Chr4	3845000	3846000	rDNA	0	0	0	0	0	0
Chr4	3846000	3847000	rDNA	0	0	1	0	0	1
Chr4	5467000	5468000	arm	0	0	1	1	1	1
Chr4	7040000	7041000	peri	0	0	1	1	0	0
Chr4	7207000	7208000	peri	0	0	1	1	1	1
Chr4	7214000	7215000	peri	0	0	1	1	1	1
Chr4	7239000	7240000	peri	0	0	1	1	1	1
Chr4	7261000	7262000	peri	0	0	1	0	0	0
Chr4	7321000	7322000	peri	0	0	1	1	1	1
Chr4	7343000	7344000	peri	0	0	1	0	0	1
Chr4	7346000	7347000	peri	0	0	1	1	0	1
Chr4	7411000	7412000	peri	0	0	1	0	1	1
Chr4	7412000	7413000	peri	0	0	1	1	1	0
Chr4	8713000	8714000	cen	0	0	1	1	1	1
Chr4	10207000	10208000	cen	0	0	1	1	1	0
Chr4	10216000	10217000	cen	0	0	1	1	1	0
Chr4	10217000	10218000	cen	0	0	1	1	1	1
Chr4	12296000	12297000	peri	0	0	1	0	0	1
Chr4	12301000	12302000	peri	0	0	1	0	1	0
Chr4	13701000	13702000	arm	0	0	1	0	0	0
Chr4	13706000	13707000	arm	0	0	1	0	0	1
Chr4	17703000	17704000	arm	0	1	0	1	1	0
Chr4	19025000	19026000	arm	1	1	1	0	1	0
Chr4	19032000	19033000	arm	1	1	1	1	1	0
Chr4	21461000	21462000	arm	0	0	1	0	1	1
Chr5	2965000	2966000	arm	1	1	0	0	0	0
Chr5	3258000	3259000	arm	0	1	1	0	0	0
Chr5	3360000	3361000	arm	0	1	0	1	1	0
Chr5	9105000	9106000	arm	0	0	1	0	0	0
Chr5	9194000	9195000	peri	0	1	1	0	0	1
Chr5	9907000	9908000	peri	0	1	1	0	1	0
Chr5	10255000	10256000	peri	0	0	0	0	0	1
Chr5	10258000	10259000	peri	0	0	0	0	0	1
Chr5	10261000	10262000	peri	0	0	0	0	1	0
Chr5	10264000	10265000	peri	0	0	0	0	0	0
Chr5	10266000	10267000	peri	0	0	0	1	0	0
Chr5	10269000	10270000	peri	0	0	0	0	0	0
Chr5	10779000	10780000	peri	0	0	1	0	0	0
Chr5	10780000	10781000	peri	0	0	1	1	1	1
Chr5	11153000	11154000	peri	0	0	1	1	0	1
Chr5	11329000	11330000	peri	0	0	1	1	1	0
Chr5	11346000	11347000	peri	0	0	1	1	1	0
Chr5	11662000	11663000	peri	0	0	1	1	1	1
Chr5	12051000	12052000	peri	0	1	0	0	1	1
Chr5	12053000	12054000	peri	0	1	1	0	0	1
Chr5	12061000	12062000	peri	0	0	0	1	1	1
Chr5	12412000	12413000	cen	0	0	1	1	1	0
Chr5	12414000	12415000	cen	0	0	1	1	0	1
Chr5	12422000	12423000	cen	0	0	1	1	1	1
Chr5	12439000	12440000	cen	1	0	1	0	0	0
Chr5	12441000	12442000	cen	0	0	1	0	0	1
Chr5	12504000	12505000	cen	0	0	1	0	1	0
Chr5	12505000	12506000	cen	0	0	1	1	0	0
Chr5	12506000	12507000	cen	0	0	1	1	1	0
Chr5	12597000	12598000	cen	0	1	1	1	0	0
Chr5	12598000	12599000	cen	0	1	1	1	0	0
Chr5	12689000	12690000	cen	0	0	1	1	1	0
Chr5	12690000	12691000	cen	0	0	1	1	1	0
Chr5	12691000	12692000	cen	0	0	1	1	1	0
Chr5	12700000	12701000	cen	0	0	1	1	0	1
Chr5	12871000	12872000	cen	0	1	1	1	0	0
Chr5	12915000	12916000	cen	0	0	1	1	1	0
Chr5	12916000	12917000	cen	0	0	1	1	0	1
Chr5	12917000	12918000	cen	0	0	1	1	1	0
Chr5	13074000	13075000	cen	0	0	1	1	0	1
Chr5	13080000	13081000	cen	0	0	1	1	1	0
Chr5	13082000	13083000	cen	0	0	1	0	0	1
Chr5	13090000	13091000	cen	0	0	1	0	0	0
Chr5	13120000	13121000	cen	0	1	1	0	0	0
Chr5	13158000	13159000	cen	0	1	1	1	1	0
Chr5	13166000	13167000	cen	0	0	1	0	0	0
Chr5	13168000	13169000	cen	0	0	1	1	0	0
Chr5	13261000	13262000	cen	0	0	1	1	1	0
Chr5	13269000	13270000	cen	0	0	1	0	1	0
Chr5	13271000	13272000	cen	1	0	1	1	1	1
Chr5	13938000	13939000	cen	0	0	1	0	0	1
Chr5	13946000	13947000	cen	0	0	1	1	1	1
Chr5	13948000	13949000	cen	0	0	1	0	0	0
Chr5	14338000	14339000	cen	0	0	1	1	0	1
Chr5	14339000	14340000	cen	0	0	1	0	0	0
Chr5	14347000	14348000	cen	0	0	1	1	1	0
Chr5	14459000	14460000	cen	0	0	1	1	1	0
Chr5	14461000	14462000	cen	0	0	1	0	1	0
Chr5	14489000	14490000	cen	0	0	1	1	0	1
Chr5	14490000	14491000	cen	0	0	1	1	0	1
Chr5	14497000	14498000	cen	0	0	1	1	1	0
Chr5	14670000	14671000	cen	0	0	1	1	0	0
Chr5	14678000	14679000	cen	0	0	1	1	0	0
Chr5	14737000	14738000	cen	0	1	1	1	1	1
Chr5	14738000	14739000	cen	0	1	1	0	1	0
Chr5	14739000	14740000	cen	0	1	1	1	1	0
Chr5	14746000	14747000	cen	0	1	1	1	1	0
Chr5	14886000	14887000	cen	0	1	1	1	1	0
Chr5	14887000	14888000	cen	0	1	1	1	0	1
Chr5	14888000	14889000	cen	0	1	1	1	1	0
Chr5	14906000	14907000	cen	0	0	1	1	1	0
Chr5	14914000	14915000	cen	0	0	1	0	1	1
Chr5	14915000	14916000	cen	0	0	1	1	0	0
Chr5	14916000	14917000	cen	0	0	1	1	0	0
Chr5	14923000	14924000	cen	0	1	1	1	0	1
Chr5	14924000	14925000	cen	0	1	1	1	1	1
Chr5	15043000	15044000	cen	0	0	1	0	0	1
Chr5	15050000	15051000	cen	0	1	1	1	1	1
Chr5	15051000	15052000	cen	0	1	1	1	1	0
Chr5	15095000	15096000	cen	0	0	1	1	1	0
Chr5	15096000	15097000	cen	0	0	1	1	0	0
Chr5	15097000	15098000	cen	0	0	1	1	1	0
Chr5	15609000	15610000	peri	0	0	1	0	0	1
Chr5	16220000	16221000	peri	0	0	1	1	1	1
Chr5	16414000	16415000	peri	0	1	1	0	1	0
Chr5	16415000	16416000	peri	0	1	1	1	0	1
Chr5	16648000	16649000	peri	0	0	0	0	0	0
Chr5	18358000	18359000	peri	0	1	0	1	0	0
Chr5	18587000	18588000	peri	0	0	1	0	0	0
Chr5	18591000	18592000	peri	0	1	1	1	1	1
Chr5	24516000	24517000	arm	0	1	1	0	0	1
Chr5	25985000	25986000	arm	0	1	1	0	0	0
Chr5	29582000	29583000	arm	0	1	1	1	0	0
