chr	start	end	score	region	is_NOR	top_gene
Chr2	30000	31000	38613	arm	TRUE	.
Chr2	20000	21000	17087	arm	TRUE	.
Chr2	22000	23000	11888	arm	TRUE	.
Chr4	3228000	3229000	8349	arm	TRUE	.
Chr2	15000	16000	8329	arm	TRUE	.
Chr4	3093000	3094000	8214	arm	TRUE	.
Chr4	3540000	3541000	8179	arm	TRUE	.
Chr4	3155000	3156000	8158	arm	TRUE	.
Chr4	3634000	3635000	8069	arm	TRUE	.
Chr4	3571000	3572000	7992	arm	TRUE	.
Chr4	3655000	3656000	7933	arm	TRUE	.
Chr4	3519000	3520000	7875	arm	TRUE	.
Chr4	3176000	3177000	7439	arm	TRUE	.
Chr4	3114000	3115000	7410	arm	TRUE	.
Chr2	5378000	5379000	7324	arm	TRUE	.
Chr4	3124000	3125000	7135	arm	TRUE	.
Chr4	3010000	3011000	7109	arm	TRUE	.
Chr4	3270000	3271000	7084	arm	TRUE	.
Chr4	3353000	3354000	6991	arm	TRUE	.
Chr4	3186000	3187000	6966	arm	TRUE	.
Chr4	2591000	2592000	6942	arm	TRUE	.
Chr4	3561000	3562000	6928	arm	TRUE	.
Chr4	3457000	3458000	6873	arm	TRUE	.
Chr4	2248000	2249000	6819	arm	TRUE	.
Chr4	2373000	2374000	6757	arm	TRUE	.
Chr4	3499000	3500000	6750	arm	TRUE	.
Chr2	26000	27000	6738	arm	TRUE	.
Chr4	2383000	2384000	6707	arm	TRUE	.
Chr4	3052000	3053000	6702	arm	TRUE	.
Chr4	2477000	2478000	6664	arm	TRUE	.
Chr2	25000	26000	6642	arm	TRUE	.
Chr4	1735000	1736000	6634	arm	TRUE	.
Chr2	21000	22000	6632	arm	TRUE	.
Chr4	1808000	1809000	6626	arm	TRUE	.
Chr2	18000	19000	6509	arm	TRUE	.
Chr2	2660000	2661000	6438	arm	TRUE	.
Chr2	23000	24000	6405	arm	TRUE	.
Chr2	28000	29000	6367	arm	TRUE	.
Chr4	2217000	2218000	6217	arm	TRUE	.
Chr2	19000	20000	6204	arm	TRUE	.
Chr4	1933000	1934000	6196	arm	TRUE	.
Chr4	2446000	2447000	6090	arm	TRUE	.
Chr4	3238000	3239000	6090	arm	TRUE	.
Chr4	2539000	2540000	6073	arm	TRUE	.
Chr4	1798000	1799000	6038	arm	TRUE	.
Chr4	1881000	1882000	6033	arm	TRUE	.
Chr4	2999000	3000000	5932	arm	TRUE	.
Chr4	1891000	1892000	5852	arm	TRUE	.
Chr4	3550000	3551000	5800	arm	TRUE	.
Chr4	3613000	3614000	5758	arm	TRUE	.
Chr4	2113000	2114000	5728	arm	TRUE	.
Chr4	2664000	2665000	5709	arm	TRUE	.
Chr4	2560000	2561000	5708	arm	TRUE	.
Chr4	2196000	2197000	5703	arm	TRUE	.
Chr2	1977000	1978000	5678	arm	TRUE	.
Chr4	1987000	1988000	5664	arm	TRUE	.
Chr4	2456000	2457000	5661	arm	TRUE	.
Chr4	3135000	3136000	5648	arm	TRUE	.
Chr4	1860000	1861000	5631	arm	TRUE	.
Chr4	3165000	3166000	5631	arm	TRUE	.
Chr4	2165000	2166000	5587	arm	TRUE	.
Chr2	1464000	1465000	5579	arm	TRUE	.
Chr2	3102000	3103000	5568	arm	TRUE	.
Chr4	3062000	3063000	5566	arm	TRUE	.
Chr4	2916000	2917000	5564	arm	TRUE	.
Chr4	3624000	3625000	5536	arm	TRUE	.
Chr4	2498000	2499000	5523	arm	TRUE	.
Chr2	4450000	4451000	5509	arm	TRUE	.
Chr4	2269000	2270000	5504	arm	TRUE	.
Chr4	3073000	3074000	5492	arm	TRUE	.
Chr2	1968000	1969000	5487	arm	TRUE	.
Chr2	426000	427000	5486	arm	TRUE	.
Chr4	2091000	2092000	5468	arm	TRUE	.
Chr4	2238000	2239000	5463	arm	TRUE	.
Chr4	2060000	2061000	5456	arm	TRUE	.
Chr4	3103000	3104000	5437	arm	TRUE	.
Chr2	3453000	3454000	5425	arm	TRUE	.
Chr2	3819000	3820000	5396	arm	TRUE	.
Chr4	2633000	2634000	5387	arm	TRUE	.
Chr4	3207000	3208000	5387	arm	TRUE	.
Chr2	14000	15000	5377	arm	TRUE	.
Chr2	1336000	1337000	5356	arm	TRUE	.
Chr4	3602000	3603000	5334	arm	TRUE	.
Chr4	3332000	3333000	5324	arm	TRUE	.
Chr4	1912000	1913000	5322	arm	TRUE	.
Chr2	2722000	2723000	5295	arm	TRUE	.
Chr2	3010000	3011000	5295	arm	TRUE	.
Chr4	2144000	2145000	5289	arm	TRUE	.
Chr4	1977000	1978000	5253	arm	TRUE	.
Chr4	3259000	3260000	5232	arm	TRUE	.
Chr4	2279000	2280000	5222	arm	TRUE	.
Chr4	1829000	1830000	5206	arm	TRUE	.
Chr2	24000	25000	5204	arm	TRUE	.
Chr4	2362000	2363000	5200	arm	TRUE	.
Chr2	1400000	1401000	5197	arm	TRUE	.
Chr4	2081000	2082000	5192	arm	TRUE	.
Chr4	3217000	3218000	5189	arm	TRUE	.
Chr4	3509000	3510000	5187	arm	TRUE	.
Chr4	2123000	2124000	5177	arm	TRUE	.
Chr4	1787000	1788000	5169	arm	TRUE	.
Chr2	1742000	1743000	5167	arm	TRUE	.
Chr4	1641000	1642000	5162	arm	TRUE	.
Chr2	1304000	1305000	5154	arm	TRUE	.
Chr2	3133000	3134000	5150	arm	TRUE	.
Chr2	2516000	2517000	5142	arm	TRUE	.
Chr4	3197000	3198000	5125	arm	TRUE	.
Chr4	1956000	1957000	5113	arm	TRUE	.
Chr4	2947000	2948000	5099	arm	TRUE	.
Chr4	2843000	2844000	5093	arm	TRUE	.
Chr2	4296000	4297000	5091	arm	TRUE	.
Chr2	2783000	2784000	5080	arm	TRUE	.
Chr4	2716000	2717000	5078	arm	TRUE	.
Chr4	3374000	3375000	5076	arm	TRUE	.
Chr2	1325000	1326000	5070	arm	TRUE	.
Chr4	2029000	2030000	5042	arm	TRUE	.
Chr2	2587000	2588000	5038	arm	TRUE	.
Chr4	1703000	1704000	5035	arm	TRUE	.
Chr4	2039000	2040000	5034	arm	TRUE	.
Chr4	3468000	3469000	5024	arm	TRUE	.
Chr4	2352000	2353000	5023	arm	TRUE	.
Chr4	2654000	2655000	5017	arm	TRUE	.
Chr2	2927000	2928000	5012	arm	TRUE	.
Chr2	203000	204000	5004	arm	TRUE	.
Chr2	4707000	4708000	5000	arm	TRUE	.
Chr2	3143000	3144000	4997	arm	TRUE	.
Chr2	2537000	2538000	4987	arm	TRUE	.
Chr2	378000	379000	4975	arm	TRUE	.
Chr2	4352000	4353000	4970	arm	TRUE	.
Chr4	2926000	2927000	4957	arm	TRUE	.
Chr2	290000	291000	4956	arm	TRUE	.
Chr2	3277000	3278000	4956	arm	TRUE	.
Chr4	2487000	2488000	4948	arm	TRUE	.
Chr2	65000	66000	4926	arm	TRUE	.
Chr2	4096000	4097000	4925	arm	TRUE	.
Chr4	3426000	3427000	4925	arm	TRUE	.
Chr4	2895000	2896000	4911	arm	TRUE	.
Chr4	2290000	2291000	4906	arm	TRUE	.
Chr2	1250000	1251000	4888	arm	TRUE	.
Chr2	2814000	2815000	4887	arm	TRUE	.
Chr4	2425000	2426000	4877	arm	TRUE	.
Chr2	29000	30000	4874	arm	TRUE	.
Chr4	1519000	1520000	4873	arm	TRUE	.
Chr4	3311000	3312000	4864	arm	TRUE	.
Chr2	4374000	4375000	4863	arm	TRUE	.
Chr4	2008000	2009000	4852	arm	TRUE	.
Chr4	1610000	1611000	4841	arm	TRUE	.
Chr4	2695000	2696000	4814	arm	TRUE	.
Chr4	3529000	3530000	4811	arm	TRUE	.
Chr2	2855000	2856000	4793	arm	TRUE	.
Chr2	3040000	3041000	4780	arm	TRUE	.
Chr2	4568000	4569000	4780	arm	TRUE	.
Chr2	3963000	3964000	4770	arm	TRUE	.
Chr4	2612000	2613000	4744	arm	TRUE	.
Chr4	3592000	3593000	4738	arm	TRUE	.
Chr4	1839000	1840000	4725	arm	TRUE	.
Chr2	595000	596000	4704	arm	TRUE	.
Chr4	1850000	1851000	4704	arm	TRUE	.
Chr4	3478000	3479000	4703	arm	TRUE	.
Chr2	674000	675000	4696	arm	TRUE	.
Chr4	1818000	1819000	4691	arm	TRUE	.
Chr4	2989000	2990000	4679	arm	TRUE	.
Chr4	3031000	3032000	4677	arm	TRUE	.
Chr4	2342000	2343000	4668	arm	TRUE	.
Chr4	1540000	1541000	4661	arm	TRUE	.
Chr2	2255000	2256000	4647	arm	TRUE	.
Chr2	1475000	1476000	4644	arm	TRUE	.
Chr2	4064000	4065000	4635	arm	TRUE	.
Chr4	1943000	1944000	4631	arm	TRUE	.
Chr2	309000	310000	4627	arm	TRUE	.
Chr4	3249000	3250000	4625	arm	TRUE	.
Chr4	2581000	2582000	4615	arm	TRUE	.
Chr2	4503000	4504000	4614	arm	TRUE	.
Chr4	3301000	3302000	4606	arm	TRUE	.
Chr4	2227000	2228000	4602	arm	TRUE	.
Chr2	3897000	3898000	4590	arm	TRUE	.
Chr2	16000	17000	4584	arm	TRUE	.
Chr4	2435000	2436000	4584	arm	TRUE	.
Chr2	2330000	2331000	4581	arm	TRUE	.
Chr2	4274000	4275000	4581	arm	TRUE	.
Chr4	2404000	2405000	4581	arm	TRUE	.
Chr2	4118000	4119000	4578	arm	TRUE	.
Chr4	2175000	2176000	4576	arm	TRUE	.
Chr4	1902000	1903000	4575	arm	TRUE	.
Chr4	3785000	3786000	4567	arm	TRUE	.
Chr4	2414000	2415000	4565	arm	TRUE	.
Chr4	2154000	2155000	4539	arm	TRUE	.
Chr2	4832000	4833000	4535	arm	TRUE	.
Chr2	3000000	3001000	4533	arm	TRUE	.
Chr4	1672000	1673000	4516	arm	TRUE	.
Chr4	2508000	2509000	4516	arm	TRUE	.
Chr4	1447000	1448000	4512	arm	TRUE	.
Chr4	2134000	2135000	4509	arm	TRUE	.
Chr4	3447000	3448000	4502	arm	TRUE	.
Chr2	1389000	1390000	4500	arm	TRUE	.
Chr2	367000	368000	4495	arm	TRUE	.
Chr2	3619000	3620000	4492	arm	TRUE	.
Chr2	3174000	3175000	4482	arm	TRUE	.
Chr4	3825000	3826000	4481	arm	TRUE	.
Chr4	2102000	2103000	4479	arm	TRUE	.
Chr2	4428000	4429000	4476	arm	TRUE	.
Chr2	2742000	2743000	4475	arm	TRUE	.
Chr4	3436000	3437000	4457	arm	TRUE	.
Chr4	1777000	1778000	4456	arm	TRUE	.
Chr4	3291000	3292000	4442	arm	TRUE	.
Chr2	4074000	4075000	4440	arm	TRUE	.
Chr2	3775000	3776000	4439	arm	TRUE	.
Chr4	2905000	2906000	4430	arm	TRUE	.
Chr2	2434000	2435000	4429	arm	TRUE	.
Chr2	3730000	3731000	4424	arm	TRUE	.
Chr4	2864000	2865000	4418	arm	TRUE	.
Chr2	3808000	3809000	4416	arm	TRUE	.
Chr4	3582000	3583000	4408	arm	TRUE	.
Chr4	2321000	2322000	4403	arm	TRUE	.
Chr4	2300000	2301000	4402	arm	TRUE	.
Chr4	3343000	3344000	4398	arm	TRUE	.
Chr2	4492000	4493000	4390	arm	TRUE	.
Chr2	3652000	3653000	4368	arm	TRUE	.
Chr2	4085000	4086000	4360	arm	TRUE	.
Chr4	2549000	2550000	4355	arm	TRUE	.
Chr4	2331000	2332000	4351	arm	TRUE	.
Chr2	4514000	4515000	4350	arm	TRUE	.
Chr4	1966000	1967000	4343	arm	TRUE	.
Chr4	2885000	2886000	4340	arm	TRUE	.
Chr2	2886000	2887000	4337	arm	TRUE	.
Chr2	1592000	1593000	4336	arm	TRUE	.
Chr4	3020000	3021000	4333	arm	TRUE	.
Chr2	4363000	4364000	4328	arm	TRUE	.
Chr2	4664000	4665000	4328	arm	TRUE	.
Chr4	2394000	2395000	4316	arm	TRUE	.
Chr2	13000	14000	4290	arm	TRUE	.
Chr4	2466000	2467000	4290	arm	TRUE	.
Chr4	2050000	2051000	4284	arm	TRUE	.
Chr2	3585000	3586000	4264	arm	TRUE	.
Chr4	2874000	2875000	4244	arm	TRUE	.
Chr2	4341000	4342000	4241	arm	TRUE	.
Chr2	144000	145000	4235	arm	TRUE	.
Chr2	4019000	4020000	4234	arm	TRUE	.
Chr4	2937000	2938000	4227	arm	TRUE	.
Chr2	3841000	3842000	4224	arm	TRUE	.
Chr2	1282000	1283000	4213	arm	TRUE	.
Chr2	4439000	4440000	4211	arm	TRUE	.
Chr2	4884000	4885000	4203	arm	TRUE	.
Chr4	2622000	2623000	4202	arm	TRUE	.
Chr4	3364000	3365000	4195	arm	TRUE	.
Chr2	4329000	4330000	4190	arm	TRUE	.
Chr4	2833000	2834000	4171	arm	TRUE	.
Chr2	1806000	1807000	4153	arm	TRUE	.
Chr4	3405000	3406000	4135	arm	TRUE	.
Chr4	2791000	2792000	4132	arm	TRUE	.
Chr4	2853000	2854000	4124	arm	TRUE	.
Chr4	2968000	2969000	4106	arm	TRUE	.
Chr4	2978000	2979000	4081	arm	TRUE	.
Chr4	1509000	1510000	4079	arm	TRUE	.
Chr4	2812000	2813000	4072	arm	TRUE	.
Chr2	1859000	1860000	4070	arm	TRUE	.
Chr4	2643000	2644000	4053	arm	TRUE	.
Chr2	625000	626000	4021	arm	TRUE	.
Chr2	2246000	2247000	4018	arm	TRUE	.
Chr4	2186000	2187000	4014	arm	TRUE	.
Chr2	2311000	2312000	3986	arm	TRUE	.
Chr2	722000	723000	3986	arm	TRUE	.
Chr2	2302000	2303000	3980	arm	TRUE	.
Chr2	4396000	4397000	3974	arm	TRUE	.
Chr2	733000	734000	3974	arm	TRUE	.
Chr4	3041000	3042000	3943	arm	TRUE	.
Chr2	4053000	4054000	3924	arm	TRUE	.
Chr2	4853000	4854000	3920	arm	TRUE	.
Chr2	997000	998000	3915	arm	TRUE	.
Chr4	3384000	3385000	3899	arm	TRUE	.
Chr2	4008000	4009000	3896	arm	TRUE	.
Chr4	1498000	1499000	3894	arm	TRUE	.
Chr2	3551000	3552000	3893	arm	TRUE	.
Chr2	1678000	1679000	3892	arm	TRUE	.
Chr2	4207000	4208000	3892	arm	TRUE	.
Chr2	281000	282000	3890	arm	TRUE	.
Chr4	1662000	1663000	3882	arm	TRUE	.
Chr2	1539000	1540000	3879	arm	TRUE	.
Chr2	1496000	1497000	3869	arm	TRUE	.
Chr4	3835000	3836000	3865	arm	TRUE	.
Chr2	3329000	3330000	3858	arm	TRUE	.
Chr4	2206000	2207000	3858	arm	TRUE	.
Chr4	1631000	1632000	3847	arm	TRUE	.
Chr4	3322000	3323000	3821	arm	TRUE	.
Chr4	3581000	3582000	3810	arm	TRUE	.
Chr2	3630000	3631000	3800	arm	TRUE	.
Chr4	2602000	2603000	3798	arm	TRUE	.
Chr4	3645000	3646000	3786	arm	TRUE	.
Chr2	1614000	1615000	3784	arm	TRUE	.
Chr4	3280000	3281000	3759	arm	TRUE	.
Chr4	3735000	3736000	3747	arm	TRUE	.
Chr2	903000	904000	3746	arm	TRUE	.
Chr2	3485000	3486000	3738	arm	TRUE	.
Chr4	3488000	3489000	3730	arm	TRUE	.
Chr4	2070000	2071000	3708	arm	TRUE	.
Chr4	3395000	3396000	3706	arm	TRUE	.
Chr2	1997000	1998000	3703	arm	TRUE	.
Chr2	1029000	1030000	3698	arm	TRUE	.
Chr4	2519000	2520000	3698	arm	TRUE	.
Chr2	4107000	4108000	3681	arm	TRUE	.
Chr2	2865000	2866000	3679	arm	TRUE	.
Chr2	2017000	2018000	3670	arm	TRUE	.
Chr4	1870000	1871000	3668	arm	TRUE	.
Chr2	3986000	3987000	3664	arm	TRUE	.
Chr2	3908000	3909000	3657	arm	TRUE	.
Chr2	3051000	3052000	3653	arm	TRUE	.
Chr4	2570000	2571000	3650	arm	TRUE	.
Chr2	955000	956000	3648	arm	TRUE	.
Chr4	2529000	2530000	3628	arm	TRUE	.
Chr4	2822000	2823000	3626	arm	TRUE	.
Chr2	1347000	1348000	3603	arm	TRUE	.
Chr2	27000	28000	3585	arm	TRUE	.
Chr2	2558000	2559000	3556	arm	TRUE	.
Chr2	4151000	4152000	3556	arm	TRUE	.
Chr2	3685000	3686000	3540	arm	TRUE	.
Chr4	3836000	3837000	3538	arm	TRUE	.
Chr4	2674000	2675000	3533	arm	TRUE	.
Chr2	3226000	3227000	3529	arm	TRUE	.
Chr4	2018000	2019000	3521	arm	TRUE	.
Chr2	4801000	4802000	3520	arm	TRUE	.
Chr4	1922000	1923000	3519	arm	TRUE	.
Chr2	2349000	2350000	3511	arm	TRUE	.
Chr2	4471000	4472000	3505	arm	TRUE	.
Chr4	1693000	1694000	3499	arm	TRUE	.
Chr2	4481000	4482000	3496	arm	TRUE	.
Chr2	4696000	4697000	3494	arm	TRUE	.
Chr2	1507000	1508000	3480	arm	TRUE	.
Chr2	2445000	2446000	3478	arm	TRUE	.
Chr2	9281000	9282000	3469	pericentromere	FALSE	.
Chr2	1166000	1167000	3466	arm	TRUE	.
Chr2	2496000	2497000	3462	arm	TRUE	.
Chr2	3518000	3519000	3459	arm	TRUE	.
Chr2	2097000	2098000	3452	arm	TRUE	.
Chr2	1774000	1775000	3446	arm	TRUE	.
Chr2	664000	665000	3439	arm	TRUE	.
Chr2	3830000	3831000	3431	arm	TRUE	.
Chr2	3719000	3720000	3423	arm	TRUE	.
Chr2	436000	437000	3421	arm	TRUE	.
Chr2	232000	233000	3409	arm	TRUE	.
Chr2	4406000	4407000	3404	arm	TRUE	.
Chr4	2801000	2802000	3398	arm	TRUE	.
Chr2	4263000	4264000	3395	arm	TRUE	.
Chr4	1998000	1999000	3383	arm	TRUE	.
Chr2	2424000	2425000	3378	arm	TRUE	.
Chr2	2628000	2629000	3375	arm	TRUE	.
Chr4	3665000	3666000	3375	arm	TRUE	.
Chr2	17000	18000	3369	arm	TRUE	.
Chr2	1123000	1124000	3351	arm	TRUE	.
Chr4	3363000	3364000	3342	arm	TRUE	.
Chr2	2077000	2078000	3313	arm	TRUE	.
Chr4	3239000	3240000	3312	arm	TRUE	.
Chr2	4558000	4559000	3310	arm	TRUE	.
Chr2	2824000	2825000	3309	arm	TRUE	.
Chr2	782000	783000	3306	arm	TRUE	.
Chr2	1838000	1839000	3304	arm	TRUE	.
Chr4	2958000	2959000	3303	arm	TRUE	.
Chr2	12000	13000	3289	arm	TRUE	.
Chr2	1710000	1711000	3273	arm	TRUE	.
Chr2	1731000	1732000	3271	arm	TRUE	.
Chr2	862000	863000	3266	arm	TRUE	.
Chr2	1795000	1796000	3253	arm	TRUE	.
Chr2	2608000	2609000	3251	arm	TRUE	.
Chr4	3312000	3313000	3239	arm	TRUE	.
Chr2	821000	822000	3236	arm	TRUE	.
Chr2	133000	134000	3216	arm	TRUE	.
Chr2	2466000	2467000	3214	arm	TRUE	.
Chr2	319000	320000	3212	arm	TRUE	.
Chr2	1197000	1198000	3204	arm	TRUE	.
Chr2	1218000	1219000	3192	arm	TRUE	.
Chr2	4547000	4548000	3188	arm	TRUE	.
Chr2	3370000	3371000	3181	arm	TRUE	.
Chr2	3318000	3319000	3180	arm	TRUE	.
Chr2	193000	194000	3167	arm	TRUE	.
Chr4	2957000	2958000	3155	arm	TRUE	.
Chr2	4590000	4591000	3146	arm	TRUE	.
Chr2	4042000	4043000	3126	arm	TRUE	.
Chr2	791000	792000	3124	arm	TRUE	.
Chr2	3298000	3299000	3117	arm	TRUE	.
Chr2	2547000	2548000	3112	arm	TRUE	.
Chr4	2706000	2707000	3098	arm	TRUE	.
Chr2	3886000	3887000	3084	arm	TRUE	.
Chr2	3288000	3289000	3069	arm	TRUE	.
Chr2	1293000	1294000	3068	arm	TRUE	.
Chr2	1155000	1156000	3060	arm	TRUE	.
Chr2	1229000	1230000	3047	arm	TRUE	.
Chr2	3607000	3608000	3047	arm	TRUE	.
Chr4	3083000	3084000	3043	arm	TRUE	.
Chr4	2258000	2259000	3036	arm	TRUE	.
Chr2	3741000	3742000	3030	arm	TRUE	.
Chr2	1902000	1903000	3025	arm	TRUE	.
Chr2	944000	945000	3022	arm	TRUE	.
Chr4	2685000	2686000	3017	arm	TRUE	.
Chr2	4196000	4197000	2998	arm	TRUE	.
Chr2	762000	763000	2987	arm	TRUE	.
Chr2	2649000	2650000	2986	arm	TRUE	.
Chr2	4675000	4676000	2983	arm	TRUE	.
Chr2	3797000	3798000	2981	arm	TRUE	.
Chr2	654000	655000	2978	arm	TRUE	.
Chr2	2639000	2640000	2975	arm	TRUE	.
Chr2	525000	526000	2966	arm	TRUE	.
Chr2	4174000	4175000	2963	arm	TRUE	.
Chr2	2916000	2917000	2961	arm	TRUE	.
Chr2	2370000	2371000	2944	arm	TRUE	.
Chr2	882000	883000	2936	arm	TRUE	.
Chr2	3574000	3575000	2932	arm	TRUE	.
Chr2	357000	358000	2919	arm	TRUE	.
Chr4	1923000	1924000	2910	arm	TRUE	.
Chr2	1721000	1722000	2907	arm	TRUE	.
Chr2	923000	924000	2905	arm	TRUE	.
Chr2	4611000	4612000	2903	arm	TRUE	.
Chr4	2601000	2602000	2902	arm	TRUE	.
Chr2	1870000	1871000	2867	arm	TRUE	.
Chr2	2037000	2038000	2854	arm	TRUE	.
Chr2	3529000	3530000	2842	arm	TRUE	.
Chr2	1939000	1940000	2840	arm	TRUE	.
Chr2	3641000	3642000	2830	arm	TRUE	.
Chr2	4536000	4537000	2830	arm	TRUE	.
Chr4	3815000	3816000	2818	arm	TRUE	.
Chr2	4812000	4813000	2814	arm	TRUE	.
Chr2	703000	704000	2809	arm	TRUE	.
Chr4	2467000	2468000	2808	arm	TRUE	.
Chr2	4417000	4418000	2807	arm	TRUE	.
Chr2	743000	744000	2795	arm	TRUE	.
Chr2	2027000	2028000	2791	arm	TRUE	.
Chr2	339000	340000	2783	arm	TRUE	.
Chr2	31000	32000	2782	arm	TRUE	.
Chr4	3794000	3795000	2777	arm	TRUE	.
Chr2	242000	243000	2773	arm	TRUE	.
Chr2	2897000	2898000	2757	arm	TRUE	.
Chr2	33000	34000	2753	arm	TRUE	.
Chr2	3257000	3258000	2744	arm	TRUE	.
Chr2	348000	349000	2743	arm	TRUE	.
Chr2	713000	714000	2740	arm	TRUE	.
Chr2	584000	585000	2737	arm	TRUE	.
Chr2	1314000	1315000	2736	arm	TRUE	.
Chr2	3919000	3920000	2733	arm	TRUE	.
Chr2	1699000	1700000	2732	arm	TRUE	.
Chr2	2158000	2159000	2722	arm	TRUE	.
Chr4	2311000	2312000	2722	arm	TRUE	.
Chr2	752000	753000	2715	arm	TRUE	.
Chr2	3000	4000	2712	arm	TRUE	.
Chr2	4632000	4633000	2712	arm	TRUE	.
Chr4	3685000	3686000	2712	arm	TRUE	.
Chr2	3852000	3853000	2707	arm	TRUE	.
Chr2	299000	300000	2705	arm	TRUE	.
Chr4	1797000	1798000	2704	arm	TRUE	.
Chr2	2209000	2210000	2694	arm	TRUE	.
Chr2	1929000	1930000	2679	arm	TRUE	.
Chr4	3746000	3747000	2677	arm	TRUE	.
Chr2	1817000	1818000	2665	arm	TRUE	.
Chr4	3082000	3083000	2662	arm	TRUE	.
Chr4	3009000	3010000	2655	arm	TRUE	.
Chr2	506000	507000	2643	arm	TRUE	.
Chr2	4229000	4230000	2637	arm	TRUE	.
Chr2	2137000	2138000	2624	arm	TRUE	.
Chr2	1571000	1572000	2621	arm	TRUE	.
Chr4	3716000	3717000	2615	arm	TRUE	.
Chr2	1102000	1103000	2613	arm	TRUE	.
Chr2	4718000	4719000	2613	arm	TRUE	.
Chr2	2199000	2200000	2609	arm	TRUE	.
Chr2	4318000	4319000	2606	arm	TRUE	.
Chr4	3416000	3417000	2605	arm	TRUE	.
Chr4	3695000	3696000	2600	arm	TRUE	.
Chr2	114000	115000	2598	arm	TRUE	.
Chr2	1763000	1764000	2596	arm	TRUE	.
Chr2	123000	124000	2595	arm	TRUE	.
Chr2	3205000	3206000	2595	arm	TRUE	.
Chr4	3614000	3615000	2593	arm	TRUE	.
Chr2	3997000	3998000	2590	arm	TRUE	.
Chr2	2360000	2361000	2587	arm	TRUE	.
Chr2	4140000	4141000	2582	arm	TRUE	.
Chr2	2047000	2048000	2574	arm	TRUE	.
Chr4	2550000	2551000	2567	arm	TRUE	.
Chr2	4926000	4927000	2563	arm	TRUE	.
Chr2	5009000	5010000	2561	arm	TRUE	.
Chr2	486000	487000	2556	arm	TRUE	.
Chr2	2126000	2127000	2548	arm	TRUE	.
Chr4	3260000	3261000	2541	arm	TRUE	.
Chr2	3674000	3675000	2537	arm	TRUE	.
Chr2	1240000	1241000	2535	arm	TRUE	.
Chr2	1603000	1604000	2529	arm	TRUE	.
Chr2	4031000	4032000	2517	arm	TRUE	.
Chr2	2638000	2639000	2516	arm	TRUE	.
Chr2	574000	575000	2508	arm	TRUE	.
Chr2	4643000	4644000	2507	arm	TRUE	.
Chr2	4622000	4623000	2504	arm	TRUE	.
Chr2	3875000	3876000	2501	arm	TRUE	.
Chr2	2772000	2773000	2500	arm	TRUE	.
Chr2	4916000	4917000	2497	arm	TRUE	.
Chr2	4791000	4792000	2493	arm	TRUE	.
Chr2	977000	978000	2487	arm	TRUE	.
Chr4	3145000	3146000	2487	arm	TRUE	.
Chr4	3530000	3531000	2484	arm	TRUE	.
Chr2	1987000	1988000	2483	arm	TRUE	.
Chr2	2979000	2980000	2476	arm	TRUE	.
Chr4	2906000	2907000	2475	arm	TRUE	.
Chr2	565000	566000	2470	arm	TRUE	.
Chr4	3663000	3664000	2465	arm	TRUE	.
Chr2	4129000	4130000	2462	arm	TRUE	.
Chr2	4460000	4461000	2461	arm	TRUE	.
Chr4	3764000	3765000	2458	arm	TRUE	.
Chr2	446000	447000	2456	arm	TRUE	.
Chr2	4185000	4186000	2447	arm	TRUE	.
Chr4	3134000	3135000	2446	arm	TRUE	.
Chr4	1683000	1684000	2428	arm	TRUE	.
Chr2	475000	476000	2426	arm	TRUE	.
Chr2	535000	536000	2426	arm	TRUE	.
Chr2	164000	165000	2418	arm	TRUE	.
Chr2	84000	85000	2414	arm	TRUE	.
Chr2	544000	545000	2408	arm	TRUE	.
Chr2	3092000	3093000	2404	arm	TRUE	.
Chr4	3144000	3145000	2402	arm	TRUE	.
Chr2	9227000	9228000	2390	pericentromere	FALSE	.
Chr2	4579000	4580000	2385	arm	TRUE	.
Chr2	1959000	1960000	2377	arm	TRUE	.
Chr2	4864000	4865000	2363	arm	TRUE	.
Chr2	4906000	4907000	2359	arm	TRUE	.
Chr2	4905000	4906000	2357	arm	TRUE	.
Chr2	605000	606000	2357	arm	TRUE	.
Chr2	2762000	2763000	2354	arm	TRUE	.
Chr2	1912000	1913000	2353	arm	TRUE	.
Chr2	32000	33000	2347	arm	TRUE	.
Chr2	2117000	2118000	2334	arm	TRUE	.
Chr2	1582000	1583000	2328	arm	TRUE	.
Chr2	4525000	4526000	2320	arm	TRUE	.
Chr2	4874000	4875000	2317	arm	TRUE	.
Chr2	2906000	2907000	2316	arm	TRUE	.
Chr2	615000	616000	2316	arm	TRUE	.
Chr2	2218000	2219000	2315	arm	TRUE	.
Chr2	526000	527000	2307	arm	TRUE	.
Chr2	2691000	2692000	2289	arm	TRUE	.
Chr4	1997000	1998000	2288	arm	TRUE	.
Chr2	914000	915000	2287	arm	TRUE	.
Chr2	3496000	3497000	2286	arm	TRUE	.
Chr2	3540000	3541000	2279	arm	TRUE	.
Chr2	4977000	4978000	2269	arm	TRUE	.
Chr2	1667000	1668000	2264	arm	TRUE	.
Chr2	645000	646000	2262	arm	TRUE	.
Chr4	601000	602000	2262	arm	TRUE	.
Chr2	329000	330000	2261	arm	TRUE	.
Chr2	2844000	2845000	2258	arm	TRUE	.
Chr2	683000	684000	2257	arm	TRUE	.
Chr2	1346000	1347000	2252	arm	TRUE	.
Chr2	1827000	1828000	2247	arm	TRUE	.
Chr2	554000	555000	2243	arm	TRUE	.
Chr4	137000	138000	2243	arm	TRUE	.
Chr4	3674000	3675000	2236	arm	TRUE	.
Chr2	45000	46000	2230	arm	TRUE	.
Chr2	2371000	2372000	2225	arm	TRUE	.
Chr4	2332000	2333000	2225	arm	TRUE	.
Chr4	3218000	3219000	2222	arm	TRUE	.
Chr4	3166000	3167000	2213	arm	TRUE	.
Chr4	3726000	3727000	2210	arm	TRUE	.
Chr4	3603000	3604000	2206	arm	TRUE	.
Chr2	3401000	3402000	2204	arm	TRUE	.
Chr4	1116000	1117000	2202	arm	TRUE	.
Chr2	3596000	3597000	2198	arm	TRUE	.
Chr2	3030000	3031000	2197	arm	TRUE	.
Chr2	2753000	2754000	2195	arm	TRUE	.
Chr4	1395000	1396000	2191	arm	TRUE	.
Chr4	3705000	3706000	2188	arm	TRUE	.
Chr2	1656000	1657000	2187	arm	TRUE	.
Chr2	2958000	2959000	2187	arm	TRUE	.
Chr2	2834000	2835000	2185	arm	TRUE	.
Chr4	3340000	3341000	2185	arm	TRUE	.
Chr2	1357000	1358000	2182	arm	TRUE	.
Chr2	5406000	5407000	2175	arm	TRUE	.
Chr2	2056000	2057000	2172	arm	TRUE	.
Chr2	408000	409000	2171	arm	TRUE	.
Chr4	941000	942000	2168	arm	TRUE	.
Chr4	807000	808000	2166	arm	TRUE	.
Chr2	2701000	2702000	2158	arm	TRUE	.
Chr2	873000	874000	2156	arm	TRUE	.
Chr4	1302000	1303000	2155	arm	TRUE	.
Chr2	3786000	3787000	2151	arm	TRUE	.
Chr4	611000	612000	2143	arm	TRUE	.
Chr4	2259000	2260000	2136	arm	TRUE	.
Chr4	96000	97000	2136	arm	TRUE	.
Chr2	2578000	2579000	2135	arm	TRUE	.
Chr4	3333000	3334000	2130	arm	TRUE	.
Chr4	3104000	3105000	2127	arm	TRUE	.
Chr4	1426000	1427000	2126	arm	TRUE	.
Chr2	3752000	3753000	2121	arm	TRUE	.
Chr2	1071000	1072000	2117	arm	TRUE	.
Chr4	1147000	1148000	2116	arm	TRUE	.
Chr2	2283000	2284000	2111	arm	TRUE	.
Chr2	3422000	3423000	2109	arm	TRUE	.
Chr2	4600000	4601000	2099	arm	TRUE	.
Chr4	673000	674000	2098	arm	TRUE	.
Chr4	1250000	1251000	2096	arm	TRUE	.
Chr4	2415000	2416000	2096	arm	TRUE	.
Chr2	3764000	3765000	2089	arm	TRUE	.
Chr4	3196000	3197000	2082	arm	TRUE	.
Chr2	455000	456000	2079	arm	TRUE	.
Chr2	516000	517000	2072	arm	TRUE	.
Chr4	1828000	1829000	2071	arm	TRUE	.
Chr4	508000	509000	2071	arm	TRUE	.
Chr4	435000	436000	2069	arm	TRUE	.
Chr2	998000	999000	2062	arm	TRUE	.
Chr4	2518000	2519000	2060	arm	TRUE	.
Chr4	1333000	1334000	2059	arm	TRUE	.
Chr2	2487000	2488000	2058	arm	TRUE	.
Chr4	2363000	2364000	2054	arm	TRUE	.
Chr4	2280000	2281000	2050	arm	TRUE	.
Chr4	1364000	1365000	2049	arm	TRUE	.
Chr4	1343000	1344000	2047	arm	TRUE	.
Chr4	962000	963000	2046	arm	TRUE	.
Chr2	2339000	2340000	2044	arm	TRUE	.
Chr4	199000	200000	2044	arm	TRUE	.
Chr2	173000	174000	2043	arm	TRUE	.
Chr2	892000	893000	2040	arm	TRUE	.
Chr4	280000	281000	2038	arm	TRUE	.
Chr2	2732000	2733000	2033	arm	TRUE	.
Chr2	852000	853000	2027	arm	TRUE	.
Chr2	2227000	2228000	2024	arm	TRUE	.
Chr2	812000	813000	2021	arm	TRUE	.
Chr4	838000	839000	2020	arm	TRUE	.
Chr4	632000	633000	2012	arm	TRUE	.
Chr2	2876000	2877000	2010	arm	TRUE	.
Chr4	1819000	1820000	2010	arm	TRUE	.
Chr2	843000	844000	2009	arm	TRUE	.
Chr4	1312000	1313000	2009	arm	TRUE	.
Chr2	2937000	2938000	2007	arm	TRUE	.
Chr2	3122000	3123000	2005	arm	TRUE	.
Chr2	3308000	3309000	2004	arm	TRUE	.
Chr4	1281000	1282000	2004	arm	TRUE	.
Chr2	1949000	1950000	2003	arm	TRUE	.
Chr4	539000	540000	2002	arm	TRUE	.
Chr4	1374000	1375000	2001	arm	TRUE	.
Chr4	993000	994000	1999	arm	TRUE	.
Chr4	1457000	1458000	1994	arm	TRUE	.
Chr4	1209000	1210000	1993	arm	TRUE	.
Chr2	3216000	3217000	1988	arm	TRUE	.
Chr4	1240000	1241000	1985	arm	TRUE	.
Chr4	704000	705000	1985	arm	TRUE	.
Chr2	4218000	4219000	1983	arm	TRUE	.
Chr4	2133000	2134000	1981	arm	TRUE	.
Chr2	3267000	3268000	1980	arm	TRUE	.
Chr2	2803000	2804000	1979	arm	TRUE	.
Chr4	3774000	3775000	1976	arm	TRUE	.
Chr2	4729000	4730000	1971	arm	TRUE	.
Chr2	1528000	1529000	1970	arm	TRUE	.
Chr4	1086000	1087000	1969	arm	TRUE	.
Chr4	3551000	3552000	1968	arm	TRUE	.
Chr4	529000	530000	1967	arm	TRUE	.
Chr4	178000	179000	1965	arm	TRUE	.
Chr2	5276000	5277000	1963	arm	TRUE	.
Chr4	900000	901000	1963	arm	TRUE	.
Chr2	465000	466000	1962	arm	TRUE	.
Chr2	3952000	3953000	1957	arm	TRUE	.
Chr2	2169000	2170000	1953	arm	TRUE	.
Chr4	147000	148000	1953	arm	TRUE	.
Chr4	972000	973000	1952	arm	TRUE	.
Chr4	209000	210000	1950	arm	TRUE	.
Chr4	1579000	1580000	1948	arm	TRUE	.
Chr2	1112000	1113000	1944	arm	TRUE	.
Chr2	5246000	5247000	1943	arm	TRUE	.
Chr2	2066000	2067000	1942	arm	TRUE	.
Chr4	65000	66000	1942	arm	TRUE	.
Chr2	5041000	5042000	1939	arm	TRUE	.
Chr2	5211000	5212000	1939	arm	TRUE	.
Chr4	1569000	1570000	1938	arm	TRUE	.
Chr2	772000	773000	1936	arm	TRUE	.
Chr2	4030000	4031000	1933	arm	TRUE	.
Chr2	3339000	3340000	1930	arm	TRUE	.
Chr4	1024000	1025000	1930	arm	TRUE	.
Chr4	404000	405000	1929	arm	TRUE	.
Chr2	213000	214000	1926	arm	TRUE	.
Chr2	4771000	4772000	1925	arm	TRUE	.
Chr4	1095000	1096000	1925	arm	TRUE	.
Chr4	1034000	1035000	1924	arm	TRUE	.
Chr4	2310000	2311000	1922	arm	TRUE	.
Chr2	3360000	3361000	1920	arm	TRUE	.
Chr2	5151000	5152000	1917	arm	TRUE	.
Chr2	1261000	1262000	1915	arm	TRUE	.
Chr4	342000	343000	1913	arm	TRUE	.
Chr4	642000	643000	1913	arm	TRUE	.
Chr4	1219000	1220000	1907	arm	TRUE	.
Chr4	352000	353000	1906	arm	TRUE	.
Chr4	1405000	1406000	1905	arm	TRUE	.
Chr2	5395000	5396000	1903	arm	TRUE	.
Chr2	5285000	5286000	1902	arm	TRUE	.
Chr4	1550000	1551000	1895	arm	TRUE	.
Chr2	1453000	1454000	1894	arm	TRUE	.
Chr2	3507000	3508000	1893	arm	TRUE	.
Chr4	1055000	1056000	1893	arm	TRUE	.
Chr4	249000	250000	1893	arm	TRUE	.
Chr2	1646000	1647000	1890	arm	TRUE	.
Chr4	1003000	1004000	1886	arm	TRUE	.
Chr2	5236000	5237000	1885	arm	TRUE	.
Chr2	5131000	5132000	1884	arm	TRUE	.
Chr4	1044000	1045000	1884	arm	TRUE	.
Chr2	2321000	2322000	1881	arm	TRUE	.
Chr4	560000	561000	1879	arm	TRUE	.
Chr4	3834000	3835000	1878	arm	TRUE	.
Chr2	5256000	5257000	1876	arm	TRUE	.
Chr2	93000	94000	1876	arm	TRUE	.
Chr4	1589000	1590000	1876	arm	TRUE	.
Chr4	1157000	1158000	1875	arm	TRUE	.
Chr2	1144000	1145000	1874	arm	TRUE	.
Chr4	445000	446000	1871	arm	TRUE	.
Chr2	2413000	2414000	1870	arm	TRUE	.
Chr4	1271000	1272000	1870	arm	TRUE	.
Chr4	127000	128000	1868	arm	TRUE	.
Chr2	9130000	9131000	1865	pericentromere	FALSE	.
Chr2	5201000	5202000	1861	arm	TRUE	.
Chr2	966000	967000	1861	arm	TRUE	.
Chr4	230000	231000	1861	arm	TRUE	.
Chr4	240000	241000	1861	arm	TRUE	.
Chr2	5161000	5162000	1855	arm	TRUE	.
Chr4	1682000	1683000	1852	arm	TRUE	.
Chr2	3562000	3563000	1851	arm	TRUE	.
Chr2	5086000	5087000	1848	arm	TRUE	.
Chr2	4384000	4385000	1847	arm	TRUE	.
Chr4	931000	932000	1847	arm	TRUE	.
Chr4	2488000	2489000	1846	arm	TRUE	.
Chr2	5061000	5062000	1842	arm	TRUE	.
Chr2	5369000	5370000	1842	arm	TRUE	AT2G48179
Chr4	1178000	1179000	1842	arm	TRUE	.
Chr2	9183000	9184000	1839	pericentromere	FALSE	.
Chr2	4782000	4783000	1838	arm	TRUE	.
Chr4	2155000	2156000	1838	arm	TRUE	.
Chr2	4999000	5000000	1832	arm	TRUE	.
Chr4	311000	312000	1832	arm	TRUE	.
Chr4	34000	35000	1829	arm	TRUE	.
Chr4	879000	880000	1829	arm	TRUE	.
Chr2	3443000	3444000	1826	arm	TRUE	.
Chr4	580000	581000	1826	arm	TRUE	.
Chr4	1488000	1489000	1825	arm	TRUE	.
Chr2	5051000	5052000	1822	arm	TRUE	.
Chr4	373000	374000	1822	arm	TRUE	.
Chr2	4285000	4286000	1821	arm	TRUE	.
Chr4	466000	467000	1820	arm	TRUE	.
Chr4	168000	169000	1815	arm	TRUE	.
Chr2	2179000	2180000	1810	arm	TRUE	.
Chr2	4989000	4990000	1809	arm	TRUE	.
Chr2	5231000	5232000	1809	arm	TRUE	.
Chr2	1486000	1487000	1806	arm	TRUE	.
Chr2	4957000	4958000	1806	arm	TRUE	.
Chr4	1126000	1127000	1805	arm	TRUE	.
Chr2	4947000	4948000	1802	arm	TRUE	.
Chr4	570000	571000	1801	arm	TRUE	.
Chr2	5323000	5324000	1800	arm	TRUE	.
Chr4	869000	870000	1799	arm	TRUE	.
Chr4	1353000	1354000	1794	arm	TRUE	.
Chr4	910000	911000	1794	arm	TRUE	.
Chr2	1657000	1658000	1793	arm	TRUE	.
Chr4	714000	715000	1790	arm	TRUE	.
Chr4	1065000	1066000	1787	arm	TRUE	.
Chr4	259000	260000	1785	arm	TRUE	.
Chr4	2927000	2928000	1785	arm	TRUE	.
Chr2	5176000	5177000	1784	arm	TRUE	.
Chr4	1478000	1479000	1784	arm	TRUE	.
Chr4	3437000	3438000	1782	arm	TRUE	.
Chr2	4557000	4558000	1776	arm	TRUE	.
Chr2	5266000	5267000	1776	arm	TRUE	.
Chr4	321000	322000	1772	arm	TRUE	.
Chr2	2383000	2384000	1771	arm	TRUE	.
Chr2	5141000	5142000	1770	arm	TRUE	.
Chr2	5344000	5345000	1769	arm	TRUE	.
Chr4	817000	818000	1768	arm	TRUE	.
Chr2	3663000	3664000	1759	arm	TRUE	.
Chr2	5295000	5296000	1757	arm	TRUE	.
Chr2	4843000	4844000	1751	arm	TRUE	.
Chr2	5076000	5077000	1751	arm	TRUE	.
Chr2	8859000	8860000	1749	pericentromere	FALSE	.
Chr2	4935000	4936000	1747	arm	TRUE	.
Chr2	417000	418000	1745	arm	TRUE	.
Chr2	9200000	9201000	1744	pericentromere	FALSE	.
Chr2	2618000	2619000	1742	arm	TRUE	.
Chr2	4740000	4741000	1742	arm	TRUE	.
Chr2	5221000	5222000	1734	arm	TRUE	.
Chr2	3164000	3165000	1732	arm	TRUE	.
Chr2	3390000	3391000	1732	arm	TRUE	.
Chr4	828000	829000	1730	arm	TRUE	.
Chr2	5100000	5101000	1726	arm	TRUE	.
Chr4	859000	860000	1725	arm	TRUE	.
Chr2	3050000	3051000	1724	arm	TRUE	.
Chr4	735000	736000	1723	arm	TRUE	.
Chr2	1849000	1850000	1720	arm	TRUE	.
Chr2	4685000	4686000	1717	arm	TRUE	.
Chr2	9224000	9225000	1717	pericentromere	FALSE	.
Chr4	300000	301000	1717	arm	TRUE	.
Chr4	683000	684000	1717	arm	TRUE	.
Chr4	290000	291000	1714	arm	TRUE	.
Chr4	549000	550000	1712	arm	TRUE	.
Chr4	1075000	1076000	1710	arm	TRUE	.
Chr4	1229000	1230000	1708	arm	TRUE	.
Chr2	1443000	1444000	1704	arm	TRUE	.
Chr4	116000	117000	1702	arm	TRUE	.
Chr4	394000	395000	1702	arm	TRUE	.
Chr4	1136000	1137000	1688	arm	TRUE	.
Chr4	383000	384000	1688	arm	TRUE	.
Chr4	663000	664000	1687	arm	TRUE	.
Chr4	1436000	1437000	1678	arm	TRUE	.
Chr4	1560000	1561000	1678	arm	TRUE	.
Chr4	476000	477000	1674	arm	TRUE	.
Chr4	1188000	1189000	1673	arm	TRUE	.
Chr4	414000	415000	1672	arm	TRUE	.
Chr2	3215000	3216000	1670	arm	TRUE	.
Chr4	1467000	1468000	1666	arm	TRUE	.
Chr4	982000	983000	1662	arm	TRUE	.
Chr4	745000	746000	1659	arm	TRUE	.
Chr4	219000	220000	1658	arm	TRUE	.
Chr4	766000	767000	1656	arm	TRUE	.
Chr2	9172000	9173000	1655	pericentromere	FALSE	.
Chr2	2486000	2487000	1650	arm	TRUE	.
Chr4	1013000	1014000	1650	arm	TRUE	.
Chr2	5165000	5166000	1648	arm	TRUE	.
Chr2	2264000	2265000	1647	arm	TRUE	.
Chr2	4821000	4822000	1645	arm	TRUE	.
Chr4	1260000	1261000	1645	arm	TRUE	.
Chr2	496000	497000	1641	arm	TRUE	.
Chr2	4967000	4968000	1641	arm	TRUE	.
Chr4	920000	921000	1641	arm	TRUE	.
Chr2	2189000	2190000	1640	arm	TRUE	.
Chr4	2727000	2728000	1640	arm	TRUE	.
Chr2	1283000	1284000	1639	arm	TRUE	.
Chr4	2103000	2104000	1636	arm	TRUE	.
Chr2	251000	252000	1635	arm	TRUE	.
Chr2	8765000	8766000	1635	pericentromere	FALSE	.
Chr2	5020000	5021000	1631	arm	TRUE	.
Chr2	5190000	5191000	1628	arm	TRUE	.
Chr2	933000	934000	1623	arm	TRUE	.
Chr4	1944000	1945000	1623	arm	TRUE	.
Chr2	1920000	1921000	1618	arm	TRUE	.
Chr4	786000	787000	1617	arm	TRUE	.
Chr4	755000	756000	1614	arm	TRUE	.
Chr4	1198000	1199000	1612	arm	TRUE	.
Chr2	5121000	5122000	1608	arm	TRUE	.
Chr2	1070000	1071000	1606	arm	TRUE	.
Chr2	8817000	8818000	1606	pericentromere	FALSE	.
Chr4	776000	777000	1602	arm	TRUE	.
Chr2	1593000	1594000	1599	arm	TRUE	.
Chr4	1529000	1530000	1598	arm	TRUE	.
Chr4	848000	849000	1598	arm	TRUE	.
Chr2	5065000	5066000	1592	arm	TRUE	.
Chr2	4307000	4308000	1589	arm	TRUE	.
Chr2	801000	802000	1587	arm	TRUE	.
Chr4	1291000	1292000	1587	arm	TRUE	.
Chr2	8810000	8811000	1586	pericentromere	FALSE	.
Chr4	693000	694000	1582	arm	TRUE	.
Chr2	1930000	1931000	1580	arm	TRUE	.
Chr2	3930000	3931000	1577	arm	TRUE	.
Chr2	2435000	2436000	1575	arm	TRUE	.
Chr4	2207000	2208000	1575	arm	TRUE	.
Chr4	3804000	3805000	1572	arm	TRUE	.
Chr4	85000	86000	1567	arm	TRUE	.
Chr2	2752000	2753000	1562	arm	TRUE	.
Chr4	1892000	1893000	1562	arm	TRUE	.
Chr2	2147000	2148000	1557	arm	TRUE	.
Chr4	3635000	3636000	1556	arm	TRUE	.
Chr2	2526000	2527000	1554	arm	TRUE	.
Chr4	951000	952000	1549	arm	TRUE	.
Chr2	3964000	3965000	1547	arm	TRUE	.
Chr4	331000	332000	1547	arm	TRUE	.
Chr2	1785000	1786000	1544	arm	TRUE	.
Chr4	3823000	3824000	1541	arm	TRUE	.
Chr2	3082000	3083000	1540	arm	TRUE	.
Chr2	35000	36000	1540	arm	TRUE	.
Chr2	3552000	3553000	1536	arm	TRUE	.
Chr4	486000	487000	1530	arm	TRUE	.
Chr2	1368000	1369000	1528	arm	TRUE	.
Chr2	693000	694000	1526	arm	TRUE	.
Chr2	3475000	3476000	1524	arm	TRUE	.
Chr4	2623000	2624000	1523	arm	TRUE	.
Chr4	2049000	2050000	1520	arm	TRUE	.
Chr4	3755000	3756000	1519	arm	TRUE	.
Chr4	518000	519000	1518	arm	TRUE	.
Chr4	3510000	3511000	1516	arm	TRUE	.
Chr4	797000	798000	1509	arm	TRUE	.
Chr4	2653000	2654000	1505	arm	TRUE	.
Chr2	3411000	3412000	1504	arm	TRUE	.
Chr2	1881000	1882000	1503	arm	TRUE	.
Chr2	1421000	1422000	1502	arm	TRUE	.
Chr4	3458000	3459000	1490	arm	TRUE	.
Chr4	188000	189000	1489	arm	TRUE	.
Chr4	2384000	2385000	1489	arm	TRUE	.
Chr2	3061000	3062000	1488	arm	TRUE	.
Chr4	1105000	1106000	1488	arm	TRUE	.
Chr2	1432000	1433000	1487	arm	TRUE	.
Chr2	2088000	2089000	1486	arm	TRUE	.
Chr2	9246000	9247000	1485	pericentromere	FALSE	.
Chr4	1322000	1323000	1484	arm	TRUE	.
Chr2	2348000	2349000	1482	arm	TRUE	.
Chr2	4654000	4655000	1481	arm	TRUE	.
Chr2	2273000	2274000	1476	arm	TRUE	.
Chr4	1967000	1968000	1474	arm	TRUE	.
Chr2	2237000	2238000	1471	arm	TRUE	.
Chr2	3464000	3465000	1470	arm	TRUE	.
Chr4	2228000	2229000	1465	arm	TRUE	.
Chr2	3696000	3697000	1463	arm	TRUE	.
Chr2	5090000	5091000	1460	arm	TRUE	.
Chr4	3021000	3022000	1460	arm	TRUE	.
Chr4	455000	456000	1460	arm	TRUE	.
Chr4	3489000	3490000	1457	arm	TRUE	.
Chr4	591000	592000	1457	arm	TRUE	.
Chr2	9232000	9233000	1456	pericentromere	FALSE	.
Chr2	497000	498000	1452	arm	TRUE	.
Chr4	1384000	1385000	1443	arm	TRUE	.
Chr2	3081000	3082000	1442	arm	TRUE	.
Chr2	3350000	3351000	1435	arm	TRUE	.
Chr2	1390000	1391000	1434	arm	TRUE	.
Chr4	158000	159000	1430	arm	TRUE	.
Chr4	2726000	2727000	1430	arm	TRUE	.
Chr4	3415000	3416000	1429	arm	TRUE	.
Chr4	1416000	1417000	1428	arm	TRUE	.
Chr2	5111000	5112000	1424	arm	TRUE	.
Chr2	4385000	4386000	1423	arm	TRUE	.
Chr4	2092000	2093000	1421	arm	TRUE	.
Chr2	4985000	4986000	1419	arm	TRUE	.
Chr4	1871000	1872000	1419	arm	TRUE	.
Chr2	3941000	3942000	1415	arm	TRUE	.
Chr2	8815000	8816000	1414	pericentromere	FALSE	.
Chr2	4395000	4396000	1411	arm	TRUE	.
Chr4	3385000	3386000	1410	arm	TRUE	.
Chr2	1860000	1861000	1407	arm	TRUE	.
Chr4	3042000	3043000	1407	arm	TRUE	.
Chr2	3763000	3764000	1396	arm	TRUE	.
Chr2	1315000	1316000	1393	arm	TRUE	.
Chr4	2979000	2980000	1393	arm	TRUE	.
Chr2	75000	76000	1382	arm	TRUE	.
Chr2	3686000	3687000	1379	arm	TRUE	.
Chr2	183000	184000	1378	arm	TRUE	.
Chr2	4086000	4087000	1375	arm	TRUE	.
Chr2	4252000	4253000	1375	arm	TRUE	.
Chr2	3563000	3564000	1373	arm	TRUE	.
Chr2	3433000	3434000	1369	arm	TRUE	.
Chr2	9160000	9161000	1369	pericentromere	FALSE	.
Chr2	9243000	9244000	1365	pericentromere	FALSE	.
Chr4	2071000	2072000	1364	arm	TRUE	.
Chr2	3328000	3329000	1363	arm	TRUE	.
Chr2	4152000	4153000	1360	arm	TRUE	.
Chr4	2854000	2855000	1358	arm	TRUE	.
Chr2	2948000	2949000	1357	arm	TRUE	.
Chr4	2393000	2394000	1354	arm	TRUE	.
Chr2	222000	223000	1353	arm	TRUE	.
Chr2	635000	636000	1353	arm	TRUE	.
Chr2	692000	693000	1353	arm	TRUE	.
Chr2	555000	556000	1351	arm	TRUE	.
Chr2	3195000	3196000	1346	arm	TRUE	.
Chr4	3610000	3611000	1338	arm	TRUE	.
Chr2	261000	262000	1337	arm	TRUE	.
Chr2	1411000	1412000	1335	arm	TRUE	.
Chr4	3467000	3468000	1329	arm	TRUE	.
Chr2	1689000	1690000	1323	arm	TRUE	.
Chr2	1379000	1380000	1322	arm	TRUE	.
Chr2	9272000	9273000	1318	pericentromere	FALSE	.
Chr2	476000	477000	1316	arm	TRUE	.
Chr2	94000	95000	1312	arm	TRUE	.
Chr2	2969000	2970000	1311	arm	TRUE	.
Chr2	8995000	8996000	1310	pericentromere	FALSE	.
Chr2	2681000	2682000	1308	arm	TRUE	.
Chr2	4750000	4751000	1308	arm	TRUE	.
Chr4	890000	891000	1306	arm	TRUE	.
Chr4	3072000	3073000	1305	arm	TRUE	.
Chr4	55000	56000	1303	arm	TRUE	.
Chr2	8846000	8847000	1302	pericentromere	FALSE	.
Chr4	425000	426000	1300	arm	TRUE	.
Chr2	2157000	2158000	1297	arm	TRUE	.
Chr4	2675000	2676000	1297	arm	TRUE	.
Chr4	497000	498000	1297	arm	TRUE	.
Chr2	3708000	3709000	1296	arm	TRUE	.
Chr2	5334000	5335000	1294	arm	TRUE	.
Chr2	2989000	2990000	1292	arm	TRUE	.
Chr4	24000	25000	1288	arm	TRUE	.
Chr2	1550000	1551000	1283	arm	TRUE	.
Chr2	2567000	2568000	1283	arm	TRUE	.
Chr2	4251000	4252000	1279	arm	TRUE	.
Chr2	3381000	3382000	1272	arm	TRUE	.
Chr2	9043000	9044000	1270	pericentromere	FALSE	.
Chr2	832000	833000	1268	arm	TRUE	.
Chr2	1186000	1187000	1267	arm	TRUE	.
Chr4	2436000	2437000	1266	arm	TRUE	.
Chr2	8807000	8808000	1265	pericentromere	FALSE	.
Chr2	2007000	2008000	1255	arm	TRUE	.
Chr2	8823000	8824000	1252	pericentromere	FALSE	.
Chr2	9030000	9031000	1247	pericentromere	FALSE	.
Chr2	1624000	1625000	1243	arm	TRUE	.
Chr2	8818000	8819000	1243	pericentromere	FALSE	.
Chr2	4822000	4823000	1240	arm	TRUE	.
Chr2	1892000	1893000	1237	arm	TRUE	.
Chr2	154000	155000	1231	arm	TRUE	.
Chr2	2917000	2918000	1229	arm	TRUE	.
Chr4	269000	270000	1226	arm	TRUE	.
Chr2	634000	635000	1223	arm	TRUE	.
Chr2	2148000	2149000	1218	arm	TRUE	.
Chr2	3573000	3574000	1218	arm	TRUE	.
Chr2	4781000	4782000	1215	arm	TRUE	.
Chr2	8963000	8964000	1212	pericentromere	FALSE	.
Chr4	2571000	2572000	1212	arm	TRUE	.
Chr4	2183000	2184000	1209	arm	TRUE	.
Chr2	104000	105000	1208	arm	TRUE	.
Chr4	2884000	2885000	1207	arm	TRUE	.
Chr2	4482000	4483000	1204	arm	TRUE	.
Chr2	3236000	3237000	1198	arm	TRUE	.
Chr2	4802000	4803000	1198	arm	TRUE	.
Chr2	9175000	9176000	1198	pericentromere	FALSE	.
Chr4	2875000	2876000	1198	arm	TRUE	.
Chr2	3519000	3520000	1193	arm	TRUE	.
Chr2	1033000	1034000	1188	arm	TRUE	.
Chr2	320000	321000	1187	arm	TRUE	.
Chr4	724000	725000	1185	arm	TRUE	.
Chr2	2825000	2826000	1181	arm	TRUE	.
Chr2	9166000	9167000	1181	pericentromere	FALSE	.
Chr2	1461000	1462000	1178	arm	TRUE	.
Chr4	362000	363000	1178	arm	TRUE	.
Chr2	194000	195000	1177	arm	TRUE	.
Chr2	2312000	2313000	1175	arm	TRUE	.
Chr4	1788000	1789000	1170	arm	TRUE	.
Chr4	564000	565000	1170	arm	TRUE	.
Chr2	103000	104000	1169	arm	TRUE	.
Chr2	1554000	1555000	1169	arm	TRUE	.
Chr2	8946000	8947000	1163	pericentromere	FALSE	.
Chr2	3113000	3114000	1162	arm	TRUE	.
Chr2	55000	56000	1161	arm	TRUE	.
Chr2	3391000	3392000	1158	arm	TRUE	.
Chr4	45000	46000	1156	arm	TRUE	.
Chr2	9202000	9203000	1152	pericentromere	FALSE	.
Chr2	2197000	2198000	1149	arm	TRUE	.
Chr2	5031000	5032000	1146	arm	TRUE	.
Chr2	1784000	1785000	1145	arm	TRUE	.
Chr2	201000	202000	1143	arm	TRUE	.
Chr2	2004000	2005000	1139	arm	TRUE	.
Chr2	2320000	2321000	1139	arm	TRUE	.
Chr4	1167000	1168000	1139	arm	TRUE	.
Chr4	622000	623000	1138	arm	TRUE	.
Chr4	653000	654000	1135	arm	TRUE	.
Chr2	1937000	1938000	1132	arm	TRUE	.
Chr4	3007000	3008000	1130	arm	TRUE	.
Chr2	2670000	2671000	1129	arm	TRUE	.
Chr2	3020000	3021000	1128	arm	TRUE	.
Chr4	1849000	1850000	1124	arm	TRUE	.
Chr2	2760000	2761000	1116	arm	TRUE	.
Chr2	1975000	1976000	1114	arm	TRUE	.
Chr2	1560000	1561000	1110	arm	TRUE	.
Chr2	9154000	9155000	1108	pericentromere	FALSE	.
Chr2	2712000	2713000	1107	arm	TRUE	.
Chr2	212000	213000	1105	arm	TRUE	.
Chr2	3265000	3266000	1105	arm	TRUE	.
Chr2	8712000	8713000	1104	pericentromere	FALSE	.
Chr2	2078000	2079000	1103	arm	TRUE	.
Chr2	4633000	4634000	1102	arm	TRUE	.
Chr4	725000	726000	1101	arm	TRUE	.
Chr2	569000	570000	1100	arm	TRUE	.
Chr2	5367000	5368000	1099	arm	TRUE	AT2G48179
Chr2	9110000	9111000	1098	pericentromere	FALSE	.
Chr2	9288000	9289000	1098	pericentromere	FALSE	.
Chr2	4230000	4231000	1096	arm	TRUE	.
Chr2	487000	488000	1095	arm	TRUE	.
Chr2	3154000	3155000	1092	arm	TRUE	.
Chr2	3985000	3986000	1092	arm	TRUE	.
Chr2	1176000	1177000	1091	arm	TRUE	.
Chr2	596000	597000	1090	arm	TRUE	.
Chr2	8753000	8754000	1089	pericentromere	FALSE	.
Chr2	9207000	9208000	1089	pericentromere	FALSE	.
Chr2	4653000	4654000	1086	arm	TRUE	.
Chr4	652000	653000	1086	arm	TRUE	.
Chr2	4612000	4613000	1085	arm	TRUE	.
Chr2	2414000	2415000	1082	arm	TRUE	.
Chr4	621000	622000	1081	arm	TRUE	.
Chr2	642000	643000	1079	arm	TRUE	.
Chr2	9240000	9241000	1077	pericentromere	FALSE	.
Chr2	545000	546000	1076	arm	TRUE	.
Chr2	5281000	5282000	1075	arm	TRUE	.
Chr2	327000	328000	1072	arm	TRUE	.
Chr2	1752000	1753000	1068	arm	TRUE	.
Chr2	2773000	2774000	1068	arm	TRUE	.
Chr2	1103000	1104000	1063	arm	TRUE	.
Chr2	1184000	1185000	1063	arm	TRUE	.
Chr2	3864000	3865000	1063	arm	TRUE	.
Chr2	285000	286000	1062	arm	TRUE	.
Chr2	9117000	9118000	1062	pericentromere	FALSE	.
Chr2	9220000	9221000	1060	pericentromere	FALSE	.
Chr2	2067000	2068000	1059	arm	TRUE	.
Chr2	2494000	2495000	1057	arm	TRUE	.
Chr2	4842000	4843000	1056	arm	TRUE	.
Chr2	5306000	5307000	1056	arm	TRUE	.
Chr2	8729000	8730000	1053	pericentromere	FALSE	.
Chr4	3063000	3064000	1053	arm	TRUE	.
Chr2	672000	673000	1052	arm	TRUE	.
Chr2	8895000	8896000	1052	pericentromere	FALSE	.
Chr2	368000	369000	1049	arm	TRUE	.
Chr2	4075000	4076000	1047	arm	TRUE	.
Chr2	4772000	4773000	1047	arm	TRUE	.
Chr2	1078000	1079000	1046	arm	TRUE	.
Chr2	2832000	2833000	1046	arm	TRUE	.
Chr4	75000	76000	1046	arm	TRUE	.
Chr2	494000	495000	1045	arm	TRUE	.
Chr2	9174000	9175000	1045	pericentromere	FALSE	.
Chr4	1733000	1734000	1044	arm	TRUE	.
Chr4	3586000	3587000	1043	arm	TRUE	.
Chr4	193000	194000	1042	arm	TRUE	.
Chr2	8816000	8817000	1041	pericentromere	FALSE	.
Chr2	9046000	9047000	1041	pericentromere	FALSE	.
Chr2	5155000	5156000	1040	arm	TRUE	.
Chr2	4895000	4896000	1039	arm	TRUE	.
Chr2	3697000	3698000	1038	arm	TRUE	.
Chr2	4761000	4762000	1038	arm	TRUE	.
Chr2	2904000	2905000	1036	arm	TRUE	.
Chr2	1635000	1636000	1035	arm	TRUE	.
Chr2	585000	586000	1034	arm	TRUE	.
Chr2	9019000	9020000	1034	pericentromere	FALSE	.
Chr2	974000	975000	1032	arm	TRUE	.
Chr2	4208000	4209000	1031	arm	TRUE	.
Chr2	2127000	2128000	1030	arm	TRUE	.
Chr4	3812000	3813000	1030	arm	TRUE	.
Chr2	1429000	1430000	1029	arm	TRUE	.
Chr2	4407000	4408000	1028	arm	TRUE	.
Chr2	1792000	1793000	1025	arm	TRUE	.
Chr2	5250000	5251000	1025	arm	TRUE	.
Chr2	4162000	4163000	1024	arm	TRUE	.
Chr2	773000	774000	1023	arm	TRUE	.
Chr2	2896000	2897000	1022	arm	TRUE	.
Chr4	165000	166000	1022	arm	TRUE	.
Chr2	3287000	3288000	1021	arm	TRUE	.
Chr2	2959000	2960000	1020	arm	TRUE	.
Chr2	3306000	3307000	1020	arm	TRUE	.
Chr2	466000	467000	1019	arm	TRUE	.
Chr4	2758000	2759000	1019	arm	TRUE	.
Chr2	5125000	5126000	1016	arm	TRUE	.
Chr2	9248000	9249000	1015	pericentromere	FALSE	.
Chr2	4697000	4698000	1014	arm	TRUE	.
Chr4	3281000	3282000	1008	arm	TRUE	.
Chr2	2793000	2794000	1007	arm	TRUE	.
Chr2	2585000	2586000	1006	arm	TRUE	.
Chr2	5240000	5241000	1006	arm	TRUE	.
Chr2	2421000	2422000	1003	arm	TRUE	.
Chr2	5333000	5334000	1003	arm	TRUE	.
Chr2	8752000	8753000	1002	pericentromere	FALSE	.
Chr2	2001000	2002000	1001	arm	TRUE	.
Chr2	288000	289000	1001	arm	TRUE	.
Chr2	8821000	8822000	999	pericentromere	FALSE	.
Chr2	1856000	1857000	996	arm	TRUE	.
Chr2	3151000	3152000	996	arm	TRUE	.
Chr4	3187000	3188000	996	arm	TRUE	.
Chr2	3163000	3164000	995	arm	TRUE	.
Chr2	8761000	8762000	995	pericentromere	FALSE	.
Chr2	8742000	8743000	994	pericentromere	FALSE	.
Chr2	9203000	9204000	994	pericentromere	FALSE	.
Chr2	3486000	3487000	991	arm	TRUE	.
Chr4	1756000	1757000	990	arm	TRUE	.
Chr2	5095000	5096000	988	arm	TRUE	.
Chr4	3782000	3783000	986	arm	TRUE	.
Chr2	1771000	1772000	985	arm	TRUE	.
Chr2	4461000	4462000	982	arm	TRUE	.
Chr2	1568000	1569000	981	arm	TRUE	.
Chr2	4240000	4241000	979	arm	TRUE	.
Chr2	603000	604000	979	arm	TRUE	.
Chr2	8673000	8674000	978	pericentromere	FALSE	.
Chr4	1766000	1767000	977	arm	TRUE	.
Chr2	5030000	5031000	976	arm	TRUE	.
Chr2	2095000	2096000	974	arm	TRUE	.
Chr2	236000	237000	974	arm	TRUE	.
Chr2	4899000	4900000	974	arm	TRUE	.
Chr2	9256000	9257000	974	pericentromere	FALSE	.
Chr2	388000	389000	973	arm	TRUE	.
Chr2	3299000	3300000	972	arm	TRUE	.
Chr2	2106000	2107000	971	arm	TRUE	.
Chr2	3541000	3542000	971	arm	TRUE	.
Chr2	5374000	5375000	971	arm	TRUE	.
Chr2	1707000	1708000	970	arm	TRUE	.
Chr2	521000	522000	970	arm	TRUE	.
Chr2	271000	272000	966	arm	TRUE	.
Chr2	2938000	2939000	966	arm	TRUE	.
Chr2	2057000	2058000	964	arm	TRUE	.
Chr2	592000	593000	963	arm	TRUE	.
Chr2	8907000	8908000	962	pericentromere	FALSE	.
Chr2	3675000	3676000	960	arm	TRUE	.
Chr2	8754000	8755000	960	pericentromere	FALSE	.
Chr2	3359000	3360000	959	arm	TRUE	.
Chr2	1110000	1111000	958	arm	TRUE	.
Chr2	1803000	1804000	958	arm	TRUE	.
Chr2	3258000	3259000	958	arm	TRUE	.
Chr2	967000	968000	957	arm	TRUE	.
Chr4	9000	10000	957	arm	TRUE	.
Chr2	2598000	2599000	956	arm	TRUE	.
Chr4	3493000	3494000	956	arm	TRUE	.
Chr4	3736000	3737000	955	arm	TRUE	.
Chr4	3558000	3559000	954	arm	TRUE	.
Chr2	1462000	1463000	953	arm	TRUE	.
Chr2	385000	386000	953	arm	TRUE	.
Chr2	8982000	8983000	953	pericentromere	FALSE	.
Chr2	3185000	3186000	951	arm	TRUE	.
Chr2	4141000	4142000	951	arm	TRUE	.
Chr2	702000	703000	950	arm	TRUE	.
Chr2	8772000	8773000	950	pericentromere	FALSE	.
Chr2	1816000	1817000	949	arm	TRUE	.
Chr2	2442000	2443000	949	arm	TRUE	.
Chr2	8833000	8834000	949	pericentromere	FALSE	.
Chr2	483000	484000	948	arm	TRUE	.
Chr2	9194000	9195000	948	pericentromere	FALSE	.
Chr2	9247000	9248000	948	pericentromere	FALSE	.
Chr2	1036000	1037000	947	arm	TRUE	.
Chr2	5070000	5071000	946	arm	TRUE	.
Chr2	8830000	8831000	946	pericentromere	FALSE	.
Chr2	2664000	2665000	945	arm	TRUE	.
Chr2	3953000	3954000	945	arm	TRUE	.
Chr2	2616000	2617000	944	arm	TRUE	.
Chr2	740000	741000	944	arm	TRUE	.
Chr2	630000	631000	942	arm	TRUE	.
Chr4	106000	107000	942	arm	TRUE	.
Chr4	2185000	2186000	942	arm	TRUE	.
Chr2	5195000	5196000	941	arm	TRUE	.
Chr2	8839000	8840000	940	pericentromere	FALSE	.
Chr2	1700000	1701000	939	arm	TRUE	.
Chr2	2393000	2394000	939	arm	TRUE	.
Chr2	2176000	2177000	937	arm	TRUE	.
Chr2	3071000	3072000	937	arm	TRUE	.
Chr2	5170000	5171000	937	arm	TRUE	.
Chr2	9233000	9234000	936	pericentromere	FALSE	.
Chr2	1290000	1291000	935	arm	TRUE	.
Chr2	393000	394000	934	arm	TRUE	.
Chr4	2214000	2215000	934	arm	TRUE	.
Chr2	9012000	9013000	931	pericentromere	FALSE	.
Chr2	198000	199000	928	arm	TRUE	.
Chr2	5185000	5186000	928	arm	TRUE	.
Chr2	1824000	1825000	926	arm	TRUE	.
Chr2	2155000	2156000	925	arm	TRUE	.
Chr2	79000	80000	925	arm	TRUE	.
Chr2	2473000	2474000	923	arm	TRUE	.
Chr4	1168000	1169000	923	arm	TRUE	.
Chr4	2318000	2319000	922	arm	TRUE	.
Chr2	781000	782000	921	arm	TRUE	.
Chr4	1779000	1780000	921	arm	TRUE	.
Chr4	270000	271000	921	arm	TRUE	.
Chr2	324000	325000	920	arm	TRUE	.
Chr2	8798000	8799000	920	pericentromere	FALSE	.
Chr4	3347000	3348000	920	arm	TRUE	.
Chr4	3819000	3820000	920	arm	TRUE	.
Chr2	8883000	8884000	919	pericentromere	FALSE	.
Chr2	8890000	8891000	919	pericentromere	FALSE	.
Chr4	3125000	3126000	919	arm	TRUE	.
Chr2	1600000	1601000	918	arm	TRUE	.
Chr2	2589000	2590000	916	arm	TRUE	.
Chr2	3723000	3724000	916	arm	TRUE	.
Chr2	1512000	1513000	915	arm	TRUE	.
Chr2	3863000	3864000	915	arm	TRUE	.
Chr2	8676000	8677000	915	pericentromere	FALSE	.
Chr2	8832000	8833000	915	pericentromere	FALSE	.
Chr4	2533000	2534000	915	arm	TRUE	.
Chr2	3247000	3248000	912	arm	TRUE	.
Chr2	684000	685000	910	arm	TRUE	.
Chr4	822000	823000	910	arm	TRUE	.
Chr2	3279000	3280000	909	arm	TRUE	.
Chr2	665000	666000	909	arm	TRUE	.
Chr2	669000	670000	909	arm	TRUE	.
Chr4	2141000	2142000	909	arm	TRUE	.
Chr4	196000	197000	908	arm	TRUE	.
Chr2	1909000	1910000	906	arm	TRUE	.
Chr2	5092000	5093000	906	arm	TRUE	.
Chr4	2287000	2288000	905	arm	TRUE	.
Chr4	3682000	3683000	905	arm	TRUE	.
Chr4	3805000	3806000	905	arm	TRUE	.
Chr2	1696000	1697000	904	arm	TRUE	.
Chr2	1008000	1009000	903	arm	TRUE	.
Chr2	9156000	9157000	903	pericentromere	FALSE	.
Chr4	3111000	3112000	903	arm	TRUE	.
Chr2	1544000	1545000	902	arm	TRUE	.
Chr2	456000	457000	902	arm	TRUE	.
Chr2	9093000	9094000	902	pericentromere	FALSE	.
Chr4	121000	122000	901	arm	TRUE	.
Chr4	498000	499000	901	arm	TRUE	.
Chr4	3537000	3538000	900	arm	TRUE	.
Chr4	694000	695000	900	arm	TRUE	.
Chr2	1204000	1205000	899	arm	TRUE	.
Chr4	2861000	2862000	899	arm	TRUE	.
Chr2	1322000	1323000	898	arm	TRUE	.
Chr2	4219000	4220000	898	arm	TRUE	.
Chr2	4041000	4042000	896	arm	TRUE	.
Chr4	3692000	3693000	896	arm	TRUE	.
Chr2	5305000	5306000	895	arm	TRUE	.
Chr4	1840000	1841000	895	arm	TRUE	.
Chr2	1130000	1131000	894	arm	TRUE	.
Chr2	2228000	2229000	893	arm	TRUE	.
Chr2	269000	270000	893	arm	TRUE	.
Chr4	889000	890000	893	arm	TRUE	.
Chr2	2340000	2341000	892	arm	TRUE	.
Chr2	3117000	3118000	890	arm	TRUE	.
Chr2	9278000	9279000	890	pericentromere	FALSE	.
Chr4	1620000	1621000	890	arm	TRUE	.
Chr2	2852000	2853000	889	arm	TRUE	.
Chr2	4123000	4124000	889	arm	TRUE	.
Chr4	2609000	2610000	889	arm	TRUE	.
Chr4	3817000	3818000	889	arm	TRUE	.
Chr2	1618000	1619000	888	arm	TRUE	.
Chr2	2463000	2464000	888	arm	TRUE	.
Chr2	5280000	5281000	888	arm	TRUE	.
Chr4	2124000	2125000	888	arm	TRUE	.
Chr4	2443000	2444000	888	arm	TRUE	.
Chr2	4256000	4257000	884	arm	TRUE	.
Chr2	5133000	5134000	884	arm	TRUE	.
Chr2	8738000	8739000	884	pericentromere	FALSE	.
Chr4	157000	158000	884	arm	TRUE	.
Chr4	2391000	2392000	884	arm	TRUE	.
Chr2	2924000	2925000	883	arm	TRUE	.
Chr4	2099000	2100000	882	arm	TRUE	.
Chr4	2176000	2177000	882	arm	TRUE	.
Chr4	2370000	2371000	882	arm	TRUE	.
Chr4	3028000	3029000	881	arm	TRUE	.
Chr2	2292000	2293000	880	arm	TRUE	.
Chr2	1397000	1398000	879	arm	TRUE	.
Chr2	1828000	1829000	879	arm	TRUE	.
Chr2	3223000	3224000	879	arm	TRUE	.
Chr4	2026000	2027000	879	arm	TRUE	.
Chr2	398000	399000	878	arm	TRUE	.
Chr4	2661000	2662000	878	arm	TRUE	.
Chr2	1092000	1093000	877	arm	TRUE	.
Chr2	311000	312000	877	arm	TRUE	.
Chr2	9273000	9274000	877	pericentromere	FALSE	.
Chr4	3319000	3320000	877	arm	TRUE	.
Chr4	3517000	3518000	877	arm	TRUE	.
Chr4	3204000	3205000	876	arm	TRUE	.
Chr2	3874000	3875000	875	arm	TRUE	.
Chr2	74000	75000	875	arm	TRUE	.
Chr2	82000	83000	875	arm	TRUE	.
Chr2	9268000	9269000	875	pericentromere	FALSE	.
Chr4	3288000	3289000	875	arm	TRUE	.
Chr2	1354000	1355000	874	arm	TRUE	.
Chr2	1632000	1633000	874	arm	TRUE	.
Chr4	2666000	2667000	874	arm	TRUE	.
Chr4	3830000	3831000	874	arm	TRUE	.
Chr2	2107000	2108000	873	arm	TRUE	.
Chr2	1365000	1366000	872	arm	TRUE	.
Chr4	170000	171000	872	arm	TRUE	.
Chr2	390000	391000	871	arm	TRUE	.
Chr2	4865000	4866000	871	arm	TRUE	.
Chr4	3666000	3667000	871	arm	TRUE	.
Chr2	2565000	2566000	870	arm	TRUE	.
Chr2	4854000	4855000	870	arm	TRUE	.
Chr2	2505000	2506000	869	arm	TRUE	.
Chr2	8994000	8995000	869	pericentromere	FALSE	.
Chr2	9148000	9149000	869	pericentromere	FALSE	.
Chr4	2851000	2852000	869	arm	TRUE	.
Chr2	1565000	1566000	868	arm	TRUE	.
Chr2	1744000	1745000	868	arm	TRUE	.
Chr4	1599000	1600000	867	arm	TRUE	.
Chr4	242000	243000	867	arm	TRUE	.
Chr4	1974000	1975000	864	arm	TRUE	.
Chr4	2913000	2914000	864	arm	TRUE	.
Chr2	3171000	3172000	863	arm	TRUE	.
Chr2	62000	63000	863	arm	TRUE	.
Chr4	2110000	2111000	863	arm	TRUE	.
Chr4	2266000	2267000	863	arm	TRUE	.
Chr2	5248000	5249000	862	arm	TRUE	.
Chr4	2474000	2475000	862	arm	TRUE	.
Chr4	3337000	3338000	862	arm	TRUE	.
Chr4	3475000	3476000	862	arm	TRUE	.
Chr2	3099000	3100000	861	arm	TRUE	.
Chr4	3523000	3524000	861	arm	TRUE	.
Chr2	4601000	4602000	860	arm	TRUE	.
Chr4	2162000	2163000	860	arm	TRUE	.
Chr2	1589000	1590000	859	arm	TRUE	.
Chr2	9245000	9246000	859	pericentromere	FALSE	.
Chr2	9249000	9250000	859	pericentromere	FALSE	.
Chr1	26473000	26474000	858	arm	FALSE	AT1G65350
Chr2	1988000	1989000	858	arm	TRUE	.
Chr2	3292000	3293000	858	arm	TRUE	.
Chr2	808000	809000	858	arm	TRUE	.
Chr2	2190000	2191000	857	arm	TRUE	.
Chr4	1899000	1900000	856	arm	TRUE	.
Chr2	1621000	1622000	855	arm	TRUE	.
Chr2	1664000	1665000	855	arm	TRUE	.
Chr4	3090000	3091000	855	arm	TRUE	.
Chr2	8796000	8797000	854	pericentromere	FALSE	.
Chr2	8975000	8976000	854	pericentromere	FALSE	.
Chr2	4267000	4268000	853	arm	TRUE	.
Chr4	3713000	3714000	853	arm	TRUE	.
Chr2	2381000	2382000	852	arm	TRUE	.
Chr2	5238000	5239000	852	arm	TRUE	.
Chr2	3442000	3443000	851	arm	TRUE	.
Chr4	3647000	3648000	851	arm	TRUE	.
Chr2	2597000	2598000	850	arm	TRUE	.
Chr2	278000	279000	850	arm	TRUE	.
Chr4	2882000	2883000	850	arm	TRUE	.
Chr4	3652000	3653000	850	arm	TRUE	.
Chr4	1499000	1500000	849	arm	TRUE	.
Chr4	3392000	3393000	849	arm	TRUE	.
Chr2	266000	267000	848	arm	TRUE	.
Chr2	3474000	3475000	848	arm	TRUE	.
Chr2	9147000	9148000	848	pericentromere	FALSE	.
Chr4	2339000	2340000	848	arm	TRUE	.
Chr4	3775000	3776000	848	arm	TRUE	.
Chr2	2646000	2647000	847	arm	TRUE	.
Chr4	3444000	3445000	847	arm	TRUE	.
Chr2	4148000	4149000	846	arm	TRUE	.
Chr4	3723000	3724000	846	arm	TRUE	.
Chr2	1760000	1761000	845	arm	TRUE	.
Chr2	761000	762000	845	arm	TRUE	.
Chr2	1536000	1537000	844	arm	TRUE	.
Chr2	5290000	5291000	843	arm	TRUE	.
Chr4	3743000	3744000	843	arm	TRUE	.
Chr2	1039000	1040000	841	arm	TRUE	.
Chr2	1050000	1051000	841	arm	TRUE	.
Chr2	4468000	4469000	841	arm	TRUE	.
Chr2	9266000	9267000	841	pericentromere	FALSE	.
Chr4	2696000	2697000	841	arm	TRUE	.
Chr2	4709000	4710000	840	arm	TRUE	.
Chr2	66000	67000	840	arm	TRUE	.
Chr2	9104000	9105000	840	pericentromere	FALSE	.
Chr4	1930000	1931000	840	arm	TRUE	.
Chr4	90000	91000	840	arm	TRUE	.
Chr2	2780000	2781000	839	arm	TRUE	.
Chr4	1651000	1652000	839	arm	TRUE	.
Chr4	2235000	2236000	839	arm	TRUE	.
Chr2	73000	74000	837	arm	TRUE	.
Chr4	2495000	2496000	837	arm	TRUE	.
Chr2	205000	206000	836	arm	TRUE	.
Chr2	2282000	2283000	836	arm	TRUE	.
Chr2	2539000	2540000	836	arm	TRUE	.
Chr4	1508000	1509000	836	arm	TRUE	.
Chr4	2453000	2454000	836	arm	TRUE	.
Chr2	1311000	1312000	835	arm	TRUE	.
Chr2	292000	293000	835	arm	TRUE	.
Chr2	9255000	9256000	835	pericentromere	FALSE	.
Chr4	1826000	1827000	834	arm	TRUE	.
Chr4	2047000	2048000	834	arm	TRUE	.
Chr4	3225000	3226000	834	arm	TRUE	.
Chr4	3589000	3590000	834	arm	TRUE	.
Chr2	1005000	1006000	833	arm	TRUE	.
Chr2	2124000	2125000	833	arm	TRUE	.
Chr2	4012000	4013000	833	arm	TRUE	.
Chr2	5068000	5069000	833	arm	TRUE	.
Chr4	1857000	1858000	833	arm	TRUE	.
Chr4	809000	810000	833	arm	TRUE	.
Chr2	8819000	8820000	832	pericentromere	FALSE	.
Chr4	3152000	3153000	832	arm	TRUE	.
Chr4	3173000	3174000	832	arm	TRUE	.
Chr2	4619000	4620000	831	arm	TRUE	.
Chr2	5193000	5194000	831	arm	TRUE	.
Chr2	5287000	5288000	830	arm	TRUE	.
Chr4	149000	150000	830	arm	TRUE	.
Chr4	2526000	2527000	830	arm	TRUE	.
Chr2	2134000	2135000	829	arm	TRUE	.
Chr2	2165000	2166000	829	arm	TRUE	.
Chr2	9082000	9083000	828	pericentromere	FALSE	.
Chr2	727000	728000	827	arm	TRUE	.
Chr4	1659000	1660000	827	arm	TRUE	.
Chr4	2578000	2579000	827	arm	TRUE	.
Chr4	2630000	2631000	827	arm	TRUE	.
Chr4	3132000	3133000	827	arm	TRUE	.
Chr2	1174000	1175000	826	arm	TRUE	.
Chr2	4163000	4164000	826	arm	TRUE	.
Chr4	3194000	3195000	826	arm	TRUE	.
Chr2	2518000	2519000	825	arm	TRUE	.
Chr2	5182000	5183000	825	arm	TRUE	.
Chr2	380000	381000	824	arm	TRUE	.
Chr2	1675000	1676000	823	arm	TRUE	.
Chr2	2503000	2504000	823	arm	TRUE	.
Chr4	44000	45000	823	arm	TRUE	.
Chr2	4015000	4016000	822	arm	TRUE	.
Chr2	8779000	8780000	822	pericentromere	FALSE	.
Chr2	8860000	8861000	822	pericentromere	FALSE	.
Chr4	2986000	2987000	822	arm	TRUE	.
Chr4	3560000	3561000	822	arm	TRUE	.
Chr2	5408000	5409000	821	arm	TRUE	.
Chr4	1878000	1879000	821	arm	TRUE	.
Chr2	1497000	1498000	820	arm	TRUE	.
Chr4	3621000	3622000	820	arm	TRUE	.
Chr4	3675000	3676000	820	arm	TRUE	.
Chr4	3097000	3098000	819	arm	TRUE	.
Chr2	1529000	1530000	818	arm	TRUE	.
Chr2	2244000	2245000	818	arm	TRUE	.
Chr2	3058000	3059000	818	arm	TRUE	.
Chr2	8740000	8741000	818	pericentromere	FALSE	.
Chr2	8944000	8945000	818	pericentromere	FALSE	.
Chr2	237000	238000	817	arm	TRUE	.
Chr4	1106000	1107000	817	arm	TRUE	.
Chr4	1951000	1952000	817	arm	TRUE	.
Chr4	3465000	3466000	817	arm	TRUE	.
Chr2	4046000	4047000	816	arm	TRUE	.
Chr2	2378000	2379000	814	arm	TRUE	.
Chr2	2403000	2404000	814	arm	TRUE	.
Chr2	676000	677000	814	arm	TRUE	.
Chr2	9064000	9065000	814	pericentromere	FALSE	.
Chr2	1418000	1419000	813	arm	TRUE	.
Chr2	3419000	3420000	813	arm	TRUE	.
Chr4	2005000	2006000	813	arm	TRUE	.
Chr2	148000	149000	812	arm	TRUE	.
Chr2	4259000	4260000	812	arm	TRUE	.
Chr2	1625000	1626000	811	arm	TRUE	.
Chr4	2078000	2079000	811	arm	TRUE	.
Chr2	1251000	1252000	810	arm	TRUE	.
Chr2	3244000	3245000	810	arm	TRUE	.
Chr4	3298000	3299000	810	arm	TRUE	.
Chr2	1640000	1641000	809	arm	TRUE	.
Chr4	1805000	1806000	809	arm	TRUE	.
Chr4	3371000	3372000	809	arm	TRUE	.
Chr2	1728000	1729000	808	arm	TRUE	.
Chr4	3049000	3050000	808	arm	TRUE	.
Chr4	424000	425000	808	arm	TRUE	.
Chr2	1326000	1327000	807	arm	TRUE	.
Chr2	3412000	3413000	807	arm	TRUE	.
Chr2	5168000	5169000	807	arm	TRUE	.
Chr2	5328000	5329000	807	arm	TRUE	.
Chr2	2730000	2731000	806	arm	TRUE	.
Chr2	2828000	2829000	806	arm	TRUE	.
Chr4	1745000	1746000	806	arm	TRUE	.
Chr2	1753000	1754000	805	arm	TRUE	.
Chr2	8710000	8711000	805	pericentromere	FALSE	.
Chr2	9214000	9215000	805	pericentromere	FALSE	.
Chr4	2193000	2194000	805	arm	TRUE	.
Chr2	1781000	1782000	804	arm	TRUE	.
Chr2	1796000	1797000	804	arm	TRUE	.
Chr2	42000	43000	804	arm	TRUE	.
Chr2	5123000	5124000	804	arm	TRUE	.
Chr4	3289000	3290000	804	arm	TRUE	.
Chr4	139000	140000	803	arm	TRUE	.
Chr4	2934000	2935000	803	arm	TRUE	.
Chr4	3142000	3143000	803	arm	TRUE	.
Chr2	647000	648000	802	arm	TRUE	.
Chr2	780000	781000	802	arm	TRUE	.
Chr2	5180000	5181000	801	arm	TRUE	.
Chr4	3423000	3424000	801	arm	TRUE	.
Chr2	2344000	2345000	800	arm	TRUE	.
Chr2	2544000	2545000	800	arm	TRUE	.
Chr4	2057000	2058000	800	arm	TRUE	.
Chr4	2245000	2246000	800	arm	TRUE	.
Chr2	4515000	4516000	799	arm	TRUE	.
Chr4	3496000	3497000	799	arm	TRUE	.
Chr2	1995000	1996000	798	arm	TRUE	.
Chr2	3860000	3861000	796	arm	TRUE	.
Chr2	2319000	2320000	795	arm	TRUE	.
Chr2	3578000	3579000	794	arm	TRUE	.
Chr2	8877000	8878000	794	pericentromere	FALSE	.
Chr2	4130000	4131000	793	arm	TRUE	.
Chr2	375000	376000	792	arm	TRUE	.
Chr2	5352000	5353000	792	arm	TRUE	.
Chr4	3159000	3160000	792	arm	TRUE	.
Chr4	3642000	3643000	792	arm	TRUE	.
Chr2	2921000	2922000	791	arm	TRUE	.
Chr2	3233000	3234000	791	arm	TRUE	.
Chr2	9187000	9188000	791	pericentromere	FALSE	.
Chr2	3123000	3124000	790	arm	TRUE	.
Chr4	2131000	2132000	790	arm	TRUE	.
Chr4	3246000	3247000	790	arm	TRUE	.
Chr2	552000	553000	789	arm	TRUE	.
Chr2	2605000	2606000	788	arm	TRUE	.
Chr2	8788000	8789000	788	pericentromere	FALSE	.
Chr4	2718000	2719000	788	arm	TRUE	.
Chr4	3631000	3632000	788	arm	TRUE	.
Chr2	3960000	3961000	787	arm	TRUE	.
Chr2	5213000	5214000	787	arm	TRUE	.
Chr2	8829000	8830000	787	pericentromere	FALSE	.
Chr4	363000	364000	787	arm	TRUE	.
Chr2	217000	218000	786	arm	TRUE	.
Chr2	2671000	2672000	786	arm	TRUE	.
Chr2	8770000	8771000	786	pericentromere	FALSE	.
Chr4	2557000	2558000	786	arm	TRUE	.
Chr2	4661000	4662000	785	arm	TRUE	.
Chr2	2356000	2357000	784	arm	TRUE	.
Chr2	273000	274000	784	arm	TRUE	.
Chr2	8773000	8774000	784	pericentromere	FALSE	.
Chr4	3201000	3202000	784	arm	TRUE	.
Chr2	2111000	2112000	783	arm	TRUE	.
Chr2	3018000	3019000	783	arm	TRUE	.
Chr2	4872000	4873000	783	arm	TRUE	.
Chr2	8981000	8982000	783	pericentromere	FALSE	.
Chr4	1909000	1910000	783	arm	TRUE	.
Chr4	1385000	1386000	781	arm	TRUE	.
Chr4	2536000	2537000	781	arm	TRUE	.
Chr4	2596000	2597000	781	arm	TRUE	.
Chr2	2114000	2115000	780	arm	TRUE	.
Chr4	1847000	1848000	780	arm	TRUE	.
Chr4	737000	738000	780	arm	TRUE	.
Chr2	3200000	3201000	779	arm	TRUE	.
Chr2	3971000	3972000	779	arm	TRUE	.
Chr4	1607000	1608000	779	arm	TRUE	.
Chr2	1422000	1423000	778	arm	TRUE	.
Chr2	1749000	1750000	778	arm	TRUE	.
Chr2	1966000	1967000	778	arm	TRUE	.
Chr2	5103000	5104000	778	arm	TRUE	.
Chr4	2505000	2506000	778	arm	TRUE	.
Chr2	3949000	3950000	777	arm	TRUE	.
Chr2	5355000	5356000	777	arm	TRUE	.
Chr2	3704000	3705000	776	arm	TRUE	.
Chr2	1810000	1811000	775	arm	TRUE	.
Chr2	2287000	2288000	775	arm	TRUE	.
Chr2	5336000	5337000	775	arm	TRUE	.
Chr2	5372000	5373000	775	arm	TRUE	.
Chr2	1885000	1886000	774	arm	TRUE	.
Chr2	504000	505000	773	arm	TRUE	.
Chr4	3572000	3573000	773	arm	TRUE	.
Chr4	2595000	2596000	772	arm	TRUE	.
Chr4	3789000	3790000	772	arm	TRUE	.
Chr4	2516000	2517000	771	arm	TRUE	.
Chr4	3573000	3574000	771	arm	TRUE	.
Chr2	2168000	2169000	770	arm	TRUE	.
Chr2	567000	568000	770	arm	TRUE	.
Chr2	2981000	2982000	769	arm	TRUE	.
Chr2	738000	739000	769	arm	TRUE	.
Chr4	750000	751000	769	arm	TRUE	.
Chr2	2523000	2524000	767	arm	TRUE	.
Chr2	3556000	3557000	767	arm	TRUE	.
Chr2	3872000	3873000	767	arm	TRUE	.
Chr2	415000	416000	767	arm	TRUE	.
Chr2	9149000	9150000	767	pericentromere	FALSE	.
Chr4	2401000	2402000	767	arm	TRUE	.
Chr2	1341000	1342000	766	arm	TRUE	.
Chr2	562000	563000	766	arm	TRUE	.
Chr2	4616000	4617000	765	arm	TRUE	.
Chr2	828000	829000	765	arm	TRUE	.
Chr2	4241000	4242000	764	arm	TRUE	.
Chr4	2237000	2238000	764	arm	TRUE	.
Chr4	2588000	2589000	763	arm	TRUE	.
Chr2	2235000	2236000	761	arm	TRUE	.
Chr2	2236000	2237000	761	arm	TRUE	.
Chr2	3237000	3238000	761	arm	TRUE	.
Chr4	2892000	2893000	761	arm	TRUE	.
Chr2	1015000	1016000	760	arm	TRUE	.
Chr2	2328000	2329000	760	arm	TRUE	.
Chr2	307000	308000	760	arm	TRUE	.
Chr2	9073000	9074000	760	pericentromere	FALSE	.
Chr2	92000	93000	760	arm	TRUE	.
Chr4	2814000	2815000	760	arm	TRUE	.
Chr2	2049000	2050000	759	arm	TRUE	.
Chr2	2347000	2348000	759	arm	TRUE	.
Chr2	789000	790000	759	arm	TRUE	.
Chr4	2847000	2848000	759	arm	TRUE	.
Chr4	3568000	3569000	759	arm	TRUE	.
Chr2	2390000	2391000	758	arm	TRUE	.
Chr2	3091000	3092000	758	arm	TRUE	.
Chr2	4248000	4249000	758	arm	TRUE	.
Chr2	1525000	1526000	757	arm	TRUE	.
Chr2	220000	221000	757	arm	TRUE	.
Chr2	4076000	4077000	757	arm	TRUE	.
Chr2	8809000	8810000	757	pericentromere	FALSE	.
Chr4	2040000	2041000	757	arm	TRUE	.
Chr2	4360000	4361000	755	arm	TRUE	.
Chr4	2996000	2997000	755	arm	TRUE	.
Chr4	3350000	3351000	755	arm	TRUE	.
Chr2	2804000	2805000	754	arm	TRUE	.
Chr2	1683000	1684000	753	arm	TRUE	.
Chr2	5381000	5382000	753	arm	TRUE	.
Chr2	8787000	8788000	753	pericentromere	FALSE	.
Chr4	1984000	1985000	753	arm	TRUE	.
Chr4	2422000	2423000	753	arm	TRUE	.
Chr4	3413000	3414000	753	arm	TRUE	.
Chr2	2873000	2874000	752	arm	TRUE	.
Chr2	9003000	9004000	752	pericentromere	FALSE	.
Chr4	1506000	1507000	752	arm	TRUE	.
Chr2	3304000	3305000	751	arm	TRUE	.
Chr2	396000	397000	751	arm	TRUE	.
Chr2	613000	614000	751	arm	TRUE	.
Chr4	1795000	1796000	751	arm	TRUE	.
Chr2	2862000	2863000	750	arm	TRUE	.
Chr2	4159000	4160000	750	arm	TRUE	.
Chr4	326000	327000	750	arm	TRUE	.
Chr2	5153000	5154000	749	arm	TRUE	.
Chr2	3283000	3284000	748	arm	TRUE	.
Chr2	9021000	9022000	748	pericentromere	FALSE	.
Chr4	1630000	1631000	747	arm	TRUE	.
Chr2	5365000	5366000	746	arm	TRUE	.
Chr4	904000	905000	746	arm	TRUE	.
Chr2	2281000	2282000	745	arm	TRUE	.
Chr2	2617000	2618000	745	arm	TRUE	.
Chr2	4215000	4216000	745	arm	TRUE	.
Chr4	3080000	3081000	745	arm	TRUE	.
Chr4	3808000	3809000	745	arm	TRUE	.
Chr2	1276000	1277000	744	arm	TRUE	.
Chr2	2719000	2720000	744	arm	TRUE	.
Chr4	3820000	3821000	744	arm	TRUE	.
Chr2	1081000	1082000	743	arm	TRUE	.
Chr2	111000	112000	743	arm	TRUE	.
Chr2	4565000	4566000	743	arm	TRUE	.
Chr2	9167000	9168000	743	pericentromere	FALSE	.
Chr4	3038000	3039000	743	arm	TRUE	.
Chr2	1948000	1949000	742	arm	TRUE	.
Chr4	1516000	1517000	742	arm	TRUE	.
Chr2	1333000	1334000	740	arm	TRUE	.
Chr2	3184000	3185000	739	arm	TRUE	.
Chr2	4126000	4127000	739	arm	TRUE	.
Chr2	710000	711000	739	arm	TRUE	.
Chr2	8841000	8842000	739	pericentromere	FALSE	.
Chr2	939000	940000	739	arm	TRUE	.
Chr2	1343000	1344000	738	arm	TRUE	.
Chr2	5215000	5216000	738	arm	TRUE	.
Chr2	1018000	1019000	737	arm	TRUE	.
Chr2	3715000	3716000	737	arm	TRUE	.
Chr2	407000	408000	737	arm	TRUE	.
Chr2	1386000	1387000	736	arm	TRUE	.
Chr2	2609000	2610000	736	arm	TRUE	.
Chr2	2818000	2819000	736	arm	TRUE	.
Chr2	5191000	5192000	736	arm	TRUE	.
Chr2	528000	529000	736	arm	TRUE	.
Chr2	8958000	8959000	736	pericentromere	FALSE	.
Chr4	677000	678000	736	arm	TRUE	.
Chr2	543000	544000	735	arm	TRUE	.
Chr2	700000	701000	735	arm	TRUE	.
Chr2	8835000	8836000	735	pericentromere	FALSE	.
Chr4	1669000	1670000	735	arm	TRUE	.
Chr2	2739000	2740000	734	arm	TRUE	.
Chr2	4392000	4393000	734	arm	TRUE	.
Chr2	4789000	4790000	734	arm	TRUE	.
Chr2	1415000	1416000	733	arm	TRUE	.
Chr2	3007000	3008000	733	arm	TRUE	.
Chr2	691000	692000	733	arm	TRUE	.
Chr2	9131000	9132000	733	pericentromere	FALSE	.
Chr4	3807000	3808000	733	arm	TRUE	.
Chr2	166000	167000	732	arm	TRUE	.
Chr2	3846000	3847000	732	arm	TRUE	.
Chr2	3559000	3560000	731	arm	TRUE	.
Chr2	8885000	8886000	731	pericentromere	FALSE	.
Chr2	4758000	4759000	730	arm	TRUE	.
Chr2	5353000	5354000	730	arm	TRUE	.
Chr2	652000	653000	730	arm	TRUE	.
Chr2	9228000	9229000	730	pericentromere	FALSE	.
Chr4	1813000	1814000	730	arm	TRUE	.
Chr4	2297000	2298000	730	arm	TRUE	.
Chr2	454000	455000	729	arm	TRUE	.
Chr2	606000	607000	729	arm	TRUE	.
Chr2	9099000	9100000	729	pericentromere	FALSE	.
Chr4	1755000	1756000	728	arm	TRUE	.
Chr4	3727000	3728000	728	arm	TRUE	.
Chr2	3913000	3914000	727	arm	TRUE	.
Chr2	1340000	1341000	726	arm	TRUE	.
Chr2	1682000	1683000	726	arm	TRUE	.
Chr2	3110000	3111000	726	arm	TRUE	.
Chr2	5331000	5332000	726	arm	TRUE	.
Chr2	987000	988000	726	arm	TRUE	.
Chr4	2830000	2831000	726	arm	TRUE	.
Chr2	1518000	1519000	725	arm	TRUE	.
Chr2	1543000	1544000	725	arm	TRUE	.
Chr2	3199000	3200000	725	arm	TRUE	.
Chr2	5348000	5349000	725	arm	TRUE	.
Chr2	629000	630000	725	arm	TRUE	.
Chr2	9013000	9014000	725	pericentromere	FALSE	.
Chr2	9208000	9209000	725	pericentromere	FALSE	.
Chr4	1774000	1775000	725	arm	TRUE	.
Chr4	2120000	2121000	725	arm	TRUE	.
Chr4	3267000	3268000	725	arm	TRUE	.
Chr4	843000	844000	725	arm	TRUE	.
Chr2	3450000	3451000	724	arm	TRUE	.
Chr2	8824000	8825000	724	pericentromere	FALSE	.
Chr2	9206000	9207000	724	pericentromere	FALSE	.
Chr2	898000	899000	723	arm	TRUE	.
Chr2	5078000	5079000	722	arm	TRUE	.
Chr2	5094000	5095000	722	arm	TRUE	.
Chr2	2452000	2453000	721	arm	TRUE	.
Chr2	8705000	8706000	721	pericentromere	FALSE	.
Chr2	9162000	9163000	720	pericentromere	FALSE	.
Chr2	9290000	9291000	720	pericentromere	FALSE	.
Chr2	5361000	5362000	719	arm	TRUE	.
Chr2	9151000	9152000	719	pericentromere	FALSE	.
Chr2	9260000	9261000	719	pericentromere	FALSE	.
Chr4	1361000	1362000	719	arm	TRUE	.
Chr4	3734000	3735000	719	arm	TRUE	.
Chr2	1925000	1926000	718	arm	TRUE	.
Chr2	4204000	4205000	718	arm	TRUE	.
Chr2	4850000	4851000	718	arm	TRUE	.
Chr2	5359000	5360000	718	arm	TRUE	.
Chr4	3801000	3802000	718	arm	TRUE	.
Chr2	4978000	4979000	717	arm	TRUE	.
Chr2	770000	771000	717	arm	TRUE	.
Chr4	2944000	2945000	717	arm	TRUE	.
Chr2	3707000	3708000	716	arm	TRUE	.
Chr4	1021000	1022000	716	arm	TRUE	.
Chr4	3070000	3071000	716	arm	TRUE	.
Chr4	959000	960000	716	arm	TRUE	.
Chr2	2198000	2199000	715	arm	TRUE	.
Chr2	392000	393000	715	arm	TRUE	.
Chr4	3121000	3122000	715	arm	TRUE	.
Chr4	3792000	3793000	715	arm	TRUE	.
Chr2	101000	102000	714	arm	TRUE	.
Chr2	2055000	2056000	714	arm	TRUE	.
Chr2	4137000	4138000	714	arm	TRUE	.
Chr2	5346000	5347000	714	arm	TRUE	.
Chr2	1319000	1320000	713	arm	TRUE	.
Chr2	2272000	2273000	713	arm	TRUE	.
Chr4	1144000	1145000	713	arm	TRUE	.
Chr4	1767000	1768000	713	arm	TRUE	.
Chr4	3838000	3839000	713	arm	TRUE	.
Chr4	3579000	3580000	712	arm	TRUE	.
Chr2	1258000	1259000	711	arm	TRUE	.
Chr2	1579000	1580000	711	arm	TRUE	.
Chr2	39000	40000	711	arm	TRUE	.
Chr2	3942000	3943000	711	arm	TRUE	.
Chr2	763000	764000	711	arm	TRUE	.
Chr2	8844000	8845000	711	pericentromere	FALSE	.
Chr2	1215000	1216000	710	arm	TRUE	.
Chr2	4682000	4683000	710	arm	TRUE	.
Chr2	1141000	1142000	709	arm	TRUE	.
Chr2	3671000	3672000	709	arm	TRUE	.
Chr2	1177000	1178000	708	arm	TRUE	.
Chr2	2870000	2871000	708	arm	TRUE	.
Chr2	3274000	3275000	708	arm	TRUE	.
Chr2	3882000	3883000	708	arm	TRUE	.
Chr2	4049000	4050000	707	arm	TRUE	.
Chr2	9230000	9231000	707	pericentromere	FALSE	.
Chr4	3368000	3369000	707	arm	TRUE	.
Chr2	2593000	2594000	706	arm	TRUE	.
Chr2	4403000	4404000	706	arm	TRUE	.
Chr2	4651000	4652000	706	arm	TRUE	.
Chr2	5101000	5102000	706	arm	TRUE	.
Chr4	1638000	1639000	706	arm	TRUE	.
Chr2	5079000	5080000	705	arm	TRUE	.
Chr2	819000	820000	705	arm	TRUE	.
Chr2	850000	851000	705	arm	TRUE	.
Chr2	8655000	8656000	705	pericentromere	FALSE	.
Chr2	3254000	3255000	704	arm	TRUE	.
Chr4	2450000	2451000	704	arm	TRUE	.
Chr2	1557000	1558000	703	arm	TRUE	.
Chr2	5066000	5067000	703	arm	TRUE	.
Chr4	3183000	3184000	703	arm	TRUE	.
Chr4	3515000	3516000	703	arm	TRUE	.
Chr2	2012000	2013000	702	arm	TRUE	.
Chr2	3295000	3296000	702	arm	TRUE	.
Chr2	5321000	5322000	702	arm	TRUE	.
Chr2	572000	573000	702	arm	TRUE	.
Chr2	1511000	1512000	701	arm	TRUE	.
Chr2	3548000	3549000	701	arm	TRUE	.
Chr2	4237000	4238000	701	arm	TRUE	.
Chr4	3673000	3674000	701	arm	TRUE	.
Chr2	3201000	3202000	700	arm	TRUE	.
Chr2	3398000	3399000	700	arm	TRUE	.
Chr2	4809000	4810000	700	arm	TRUE	.
Chr4	3753000	3754000	699	arm	TRUE	.
Chr2	2678000	2679000	698	arm	TRUE	.
Chr4	2640000	2641000	698	arm	TRUE	.
Chr2	8814000	8815000	697	pericentromere	FALSE	.
Chr4	1348000	1349000	697	arm	TRUE	.
Chr4	3154000	3155000	697	arm	TRUE	.
Chr2	1739000	1740000	696	arm	TRUE	.
Chr2	3406000	3407000	696	arm	TRUE	.
Chr2	8661000	8662000	696	pericentromere	FALSE	.
Chr2	1170000	1171000	695	arm	TRUE	.
Chr2	3336000	3337000	695	arm	TRUE	.
Chr2	9173000	9174000	694	pericentromere	FALSE	.
Chr2	2702000	2703000	693	arm	TRUE	.
Chr2	5327000	5328000	693	arm	TRUE	.
Chr4	2599000	2600000	693	arm	TRUE	.
Chr2	4122000	4123000	692	arm	TRUE	.
Chr4	2705000	2706000	692	arm	TRUE	.
Chr4	3748000	3749000	692	arm	TRUE	.
Chr2	2162000	2163000	691	arm	TRUE	.
Chr2	2709000	2710000	691	arm	TRUE	.
Chr2	3693000	3694000	691	arm	TRUE	.
Chr4	1995000	1996000	691	arm	TRUE	.
Chr4	914000	915000	691	arm	TRUE	.
Chr2	3367000	3368000	690	arm	TRUE	.
Chr2	737000	738000	690	arm	TRUE	.
Chr4	2965000	2966000	690	arm	TRUE	.
Chr2	1835000	1836000	689	arm	TRUE	.
Chr2	5033000	5034000	689	arm	TRUE	.
Chr2	5184000	5185000	688	arm	TRUE	.
Chr2	668000	669000	688	arm	TRUE	.
Chr2	9231000	9232000	688	pericentromere	FALSE	.
Chr4	2284000	2285000	688	arm	TRUE	.
Chr2	3357000	3358000	687	arm	TRUE	.
Chr2	3853000	3854000	687	arm	TRUE	.
Chr2	4038000	4039000	687	arm	TRUE	.
Chr2	4704000	4705000	687	arm	TRUE	.
Chr2	8723000	8724000	687	pericentromere	FALSE	.
Chr2	984000	985000	687	arm	TRUE	.
Chr4	2445000	2446000	687	arm	TRUE	.
Chr4	3575000	3576000	687	arm	TRUE	.
Chr2	1485000	1486000	686	arm	TRUE	.
Chr2	2953000	2954000	686	arm	TRUE	.
Chr2	726000	727000	686	arm	TRUE	.
Chr2	8996000	8997000	686	pericentromere	FALSE	.
Chr4	3771000	3772000	686	arm	TRUE	.
Chr2	3027000	3028000	685	arm	TRUE	.
Chr2	405000	406000	685	arm	TRUE	.
Chr2	4300000	4301000	685	arm	TRUE	.
Chr4	1628000	1629000	685	arm	TRUE	.
Chr4	3687000	3688000	685	arm	TRUE	.
Chr2	1088000	1089000	684	arm	TRUE	.
Chr2	2274000	2275000	684	arm	TRUE	.
Chr2	3526000	3527000	684	arm	TRUE	.
Chr4	463000	464000	684	arm	TRUE	.
Chr4	667000	668000	684	arm	TRUE	.
Chr2	3278000	3279000	683	arm	TRUE	.
Chr2	9026000	9027000	683	pericentromere	FALSE	.
Chr2	2875000	2876000	682	arm	TRUE	.
Chr2	3388000	3389000	682	arm	TRUE	.
Chr4	2471000	2472000	682	arm	TRUE	.
Chr2	2704000	2705000	681	arm	TRUE	.
Chr2	3140000	3141000	681	arm	TRUE	.
Chr2	365000	366000	681	arm	TRUE	.
Chr2	524000	525000	681	arm	TRUE	.
Chr2	5405000	5406000	681	arm	TRUE	.
Chr2	8940000	8941000	681	pericentromere	FALSE	.
Chr4	2837000	2838000	681	arm	TRUE	.
Chr4	346000	347000	681	arm	TRUE	.
Chr2	210000	211000	680	arm	TRUE	.
Chr2	2987000	2988000	680	arm	TRUE	.
Chr2	5118000	5119000	680	arm	TRUE	.
Chr2	8868000	8869000	680	pericentromere	FALSE	.
Chr4	1736000	1737000	680	arm	TRUE	.
Chr4	2832000	2833000	680	arm	TRUE	.
Chr2	4354000	4355000	679	arm	TRUE	.
Chr2	786000	787000	679	arm	TRUE	.
Chr2	8800000	8801000	679	pericentromere	FALSE	.
Chr4	1392000	1393000	679	arm	TRUE	.
Chr2	139000	140000	678	arm	TRUE	.
Chr2	2064000	2065000	678	arm	TRUE	.
Chr2	3344000	3345000	678	arm	TRUE	.
Chr2	3454000	3455000	678	arm	TRUE	.
Chr4	1299000	1300000	678	arm	TRUE	.
Chr4	2172000	2173000	678	arm	TRUE	.
Chr4	557000	558000	678	arm	TRUE	.
Chr2	2966000	2967000	677	arm	TRUE	.
Chr2	3514000	3515000	677	arm	TRUE	.
Chr2	4817000	4818000	677	arm	TRUE	.
Chr2	4301000	4302000	676	arm	TRUE	.
Chr2	5325000	5326000	676	arm	TRUE	.
Chr2	807000	808000	676	arm	TRUE	.
Chr2	8656000	8657000	676	pericentromere	FALSE	.
Chr2	8813000	8814000	676	pericentromere	FALSE	.
Chr2	9213000	9214000	676	pericentromere	FALSE	.
Chr4	3402000	3403000	676	arm	TRUE	.
Chr2	1934000	1935000	675	arm	TRUE	.
Chr4	308000	309000	675	arm	TRUE	.
Chr2	3726000	3727000	674	arm	TRUE	.
Chr2	3871000	3872000	674	arm	TRUE	.
Chr2	5166000	5167000	674	arm	TRUE	.
Chr4	339000	340000	674	arm	TRUE	.
Chr4	825000	826000	674	arm	TRUE	.
Chr2	1358000	1359000	673	arm	TRUE	.
Chr2	1450000	1451000	673	arm	TRUE	.
Chr2	3072000	3073000	673	arm	TRUE	.
Chr4	1577000	1578000	673	arm	TRUE	.
Chr2	4398000	4399000	672	arm	TRUE	.
Chr2	5324000	5325000	672	arm	TRUE	.
Chr2	9254000	9255000	672	pericentromere	FALSE	.
Chr4	1901000	1902000	672	arm	TRUE	.
Chr4	2349000	2350000	672	arm	TRUE	.
Chr2	4936000	4937000	671	arm	TRUE	.
Chr2	5303000	5304000	671	arm	TRUE	.
Chr2	8755000	8756000	671	pericentromere	FALSE	.
Chr4	1567000	1568000	671	arm	TRUE	.
Chr2	673000	674000	670	arm	TRUE	.
Chr2	9079000	9080000	670	pericentromere	FALSE	.
Chr2	9277000	9278000	670	pericentromere	FALSE	.
Chr2	3516000	3517000	669	arm	TRUE	.
Chr4	1680000	1681000	669	arm	TRUE	.
Chr4	2713000	2714000	669	arm	TRUE	.
Chr4	3452000	3453000	669	arm	TRUE	.
Chr2	3079000	3080000	668	arm	TRUE	.
Chr2	3440000	3441000	668	arm	TRUE	.
Chr2	5053000	5054000	668	arm	TRUE	.
Chr2	5083000	5084000	668	arm	TRUE	.
Chr2	8750000	8751000	668	pericentromere	FALSE	.
Chr4	3796000	3797000	668	arm	TRUE	.
Chr4	905000	906000	668	arm	TRUE	.
Chr2	3421000	3422000	667	arm	TRUE	.
Chr2	3682000	3683000	667	arm	TRUE	.
Chr2	4943000	4944000	667	arm	TRUE	.
Chr2	5351000	5352000	667	arm	TRUE	.
Chr2	5370000	5371000	667	arm	TRUE	.
Chr2	5401000	5402000	667	arm	TRUE	.
Chr2	644000	645000	667	arm	TRUE	.
Chr2	8694000	8695000	667	pericentromere	FALSE	.
Chr4	2955000	2956000	667	arm	TRUE	.
Chr2	2534000	2535000	666	arm	TRUE	.
Chr2	4270000	4271000	666	arm	TRUE	.
Chr2	4779000	4780000	666	arm	TRUE	.
Chr2	5315000	5316000	666	arm	TRUE	.
Chr2	8747000	8748000	666	pericentromere	FALSE	.
Chr2	1639000	1640000	665	arm	TRUE	.
Chr2	3570000	3571000	665	arm	TRUE	.
Chr2	5120000	5121000	665	arm	TRUE	.
Chr4	502000	503000	665	arm	TRUE	.
Chr2	2513000	2514000	664	arm	TRUE	.
Chr2	5354000	5355000	664	arm	TRUE	.
Chr2	9138000	9139000	664	pericentromere	FALSE	.
Chr4	62000	63000	664	arm	TRUE	.
Chr2	1862000	1863000	663	arm	TRUE	.
Chr2	3974000	3975000	663	arm	TRUE	.
Chr2	1272000	1273000	662	arm	TRUE	.
Chr2	207000	208000	662	arm	TRUE	.
Chr4	3454000	3455000	662	arm	TRUE	.
Chr2	3938000	3939000	661	arm	TRUE	.
Chr4	626000	627000	661	arm	TRUE	.
Chr2	463000	464000	660	arm	TRUE	.
Chr2	5403000	5404000	660	arm	TRUE	.
Chr2	5413000	5414000	660	arm	FALSE	.
Chr2	728000	729000	660	arm	TRUE	.
Chr4	1213000	1214000	660	arm	TRUE	.
Chr4	432000	433000	660	arm	TRUE	.
Chr4	678000	679000	660	arm	TRUE	.
Chr2	633000	634000	659	arm	TRUE	.
Chr4	1237000	1238000	659	arm	TRUE	.
Chr4	1292000	1293000	659	arm	TRUE	.
Chr4	54000	55000	659	arm	TRUE	.
Chr2	5028000	5029000	658	arm	TRUE	.
Chr2	5138000	5139000	658	arm	TRUE	.
Chr2	8878000	8879000	658	pericentromere	FALSE	.
Chr2	1120000	1121000	657	arm	TRUE	.
Chr2	1133000	1134000	657	arm	TRUE	.
Chr2	297000	298000	657	arm	TRUE	.
Chr2	2990000	2991000	657	arm	TRUE	.
Chr2	5001000	5002000	657	arm	TRUE	.
Chr4	3623000	3624000	657	arm	TRUE	.
Chr4	691000	692000	657	arm	TRUE	.
Chr2	2811000	2812000	656	arm	TRUE	.
Chr2	4829000	4830000	656	arm	TRUE	.
Chr2	681000	682000	656	arm	TRUE	.
Chr4	1175000	1176000	656	arm	TRUE	.
Chr4	1268000	1269000	656	arm	TRUE	.
Chr4	856000	857000	656	arm	TRUE	.
Chr2	5073000	5074000	655	arm	TRUE	.
Chr2	5268000	5269000	655	arm	TRUE	.
Chr2	3037000	3038000	654	arm	TRUE	.
Chr2	427000	428000	654	arm	TRUE	.
Chr2	4522000	4523000	654	arm	TRUE	.
Chr4	1423000	1424000	654	arm	TRUE	.
Chr4	456000	457000	654	arm	TRUE	.
Chr4	763000	764000	654	arm	TRUE	.
Chr2	3002000	3003000	653	arm	TRUE	.
Chr2	3982000	3983000	653	arm	TRUE	.
Chr2	8784000	8785000	653	pericentromere	FALSE	.
Chr4	93000	94000	653	arm	TRUE	.
Chr4	2651000	2652000	652	arm	TRUE	.
Chr2	3482000	3483000	651	arm	TRUE	.
Chr2	3664000	3665000	651	arm	TRUE	.
Chr4	1432000	1433000	651	arm	TRUE	.
Chr4	3762000	3763000	651	arm	TRUE	.
Chr4	401000	402000	651	arm	TRUE	.
Chr4	453000	454000	651	arm	TRUE	.
Chr2	3089000	3090000	650	arm	TRUE	.
Chr2	4570000	4571000	650	arm	TRUE	.
Chr2	9124000	9125000	650	pericentromere	FALSE	.
Chr4	1093000	1094000	650	arm	TRUE	.
Chr4	588000	589000	650	arm	TRUE	.
Chr2	4376000	4377000	649	arm	TRUE	.
Chr4	2840000	2841000	649	arm	TRUE	.
Chr2	3771000	3772000	648	arm	TRUE	.
Chr2	5198000	5199000	648	arm	TRUE	.
Chr4	1224000	1225000	648	arm	TRUE	.
Chr4	2253000	2254000	648	arm	TRUE	.
Chr2	1564000	1565000	647	arm	TRUE	.
Chr2	4298000	4299000	647	arm	TRUE	.
Chr2	5038000	5039000	647	arm	TRUE	.
Chr4	1052000	1053000	647	arm	TRUE	.
Chr4	2682000	2683000	647	arm	TRUE	.
Chr4	316000	317000	647	arm	TRUE	.
Chr4	3222000	3223000	647	arm	TRUE	.
Chr4	567000	568000	647	arm	TRUE	.
Chr2	171000	172000	646	arm	TRUE	.
Chr2	8979000	8980000	646	pericentromere	FALSE	.
Chr4	3348000	3349000	646	arm	TRUE	.
Chr4	3718000	3719000	646	arm	TRUE	.
Chr2	2048000	2049000	645	arm	TRUE	.
Chr2	265000	266000	645	arm	TRUE	.
Chr2	3584000	3585000	645	arm	TRUE	.
Chr2	4281000	4282000	645	arm	TRUE	.
Chr2	827000	828000	645	arm	TRUE	.
Chr2	869000	870000	645	arm	TRUE	.
Chr4	1836000	1837000	645	arm	TRUE	.
Chr2	1720000	1721000	644	arm	TRUE	.
Chr2	197000	198000	644	arm	TRUE	.
Chr2	5148000	5149000	644	arm	TRUE	.
Chr2	8657000	8658000	644	pericentromere	FALSE	.
Chr2	8951000	8952000	644	pericentromere	FALSE	.
Chr4	391000	392000	644	arm	TRUE	.
Chr4	804000	805000	644	arm	TRUE	.
Chr2	3144000	3145000	643	arm	TRUE	.
Chr2	3634000	3635000	643	arm	TRUE	.
Chr2	5296000	5297000	643	arm	TRUE	.
Chr4	1444000	1445000	643	arm	TRUE	.
Chr2	4093000	4094000	642	arm	TRUE	.
Chr2	8911000	8912000	642	pericentromere	FALSE	.
Chr4	2308000	2309000	642	arm	TRUE	.
Chr4	2644000	2645000	642	arm	TRUE	.
Chr4	3361000	3362000	642	arm	TRUE	.
Chr4	526000	527000	642	arm	TRUE	.
Chr2	2105000	2106000	641	arm	TRUE	.
Chr2	2625000	2626000	641	arm	TRUE	.
Chr2	2705000	2706000	641	arm	TRUE	.
Chr2	2790000	2791000	641	arm	TRUE	.
Chr2	918000	919000	641	arm	TRUE	.
Chr2	9189000	9190000	641	pericentromere	FALSE	.
Chr4	2367000	2368000	641	arm	TRUE	.
Chr4	2873000	2874000	641	arm	TRUE	.
Chr2	3635000	3636000	640	arm	TRUE	.
Chr2	5046000	5047000	640	arm	TRUE	.
Chr2	8704000	8705000	640	pericentromere	FALSE	.
Chr4	134000	135000	640	arm	TRUE	.
Chr4	2433000	2434000	640	arm	TRUE	.
Chr2	1561000	1562000	639	arm	TRUE	.
Chr2	402000	403000	639	arm	TRUE	.
Chr2	4170000	4171000	639	arm	TRUE	.
Chr2	4560000	4561000	639	arm	TRUE	.
Chr2	4861000	4862000	639	arm	TRUE	.
Chr2	5108000	5109000	639	arm	TRUE	.
Chr2	8728000	8729000	639	pericentromere	FALSE	.
Chr4	1495000	1496000	639	arm	TRUE	.
Chr2	5128000	5129000	638	arm	TRUE	.
Chr2	5181000	5182000	638	arm	TRUE	.
Chr4	277000	278000	638	arm	TRUE	.
Chr2	2408000	2409000	637	arm	TRUE	.
Chr2	4119000	4120000	637	arm	TRUE	.
Chr2	4975000	4976000	637	arm	TRUE	.
Chr2	5253000	5254000	637	arm	TRUE	.
Chr2	5392000	5393000	637	arm	TRUE	.
Chr4	1475000	1476000	637	arm	TRUE	.
Chr4	237000	238000	637	arm	TRUE	.
Chr4	794000	795000	637	arm	TRUE	.
Chr2	3405000	3406000	636	arm	TRUE	.
Chr2	5341000	5342000	636	arm	TRUE	.
Chr4	227000	228000	636	arm	TRUE	.
Chr2	2794000	2795000	635	arm	TRUE	.
Chr2	3161000	3162000	635	arm	TRUE	.
Chr2	5043000	5044000	635	arm	TRUE	.
Chr2	5313000	5314000	635	arm	TRUE	.
Chr2	8793000	8794000	635	pericentromere	FALSE	.
Chr4	2482000	2483000	635	arm	TRUE	.
Chr2	1653000	1654000	634	arm	TRUE	.
Chr2	1800000	1801000	634	arm	TRUE	.
Chr2	798000	799000	634	arm	TRUE	.
Chr2	8778000	8779000	634	pericentromere	FALSE	.
Chr4	1454000	1455000	634	arm	TRUE	.
Chr2	4414000	4415000	633	arm	TRUE	.
Chr4	2910000	2911000	633	arm	TRUE	.
Chr4	3706000	3707000	633	arm	TRUE	.
Chr2	1688000	1689000	632	arm	TRUE	.
Chr2	3592000	3593000	632	arm	TRUE	.
Chr2	4079000	4080000	632	arm	TRUE	.
Chr2	5307000	5308000	632	arm	TRUE	.
Chr4	1382000	1383000	632	arm	TRUE	.
Chr4	1400000	1401000	632	arm	TRUE	.
Chr4	3702000	3703000	632	arm	TRUE	.
Chr2	1517000	1518000	631	arm	TRUE	.
Chr4	21000	22000	631	arm	TRUE	.
Chr4	3059000	3060000	631	arm	TRUE	.
Chr2	1207000	1208000	630	arm	TRUE	.
Chr2	1978000	1979000	630	arm	TRUE	.
Chr2	2206000	2207000	630	arm	TRUE	.
Chr2	5223000	5224000	630	arm	TRUE	.
Chr2	8703000	8704000	630	pericentromere	FALSE	.
Chr4	3833000	3834000	630	arm	TRUE	.
Chr2	1028000	1029000	629	arm	TRUE	.
Chr2	1466000	1467000	629	arm	TRUE	.
Chr2	4751000	4752000	629	arm	TRUE	.
Chr2	5188000	5189000	629	arm	TRUE	.
Chr2	0	1000	628	arm	TRUE	.
Chr2	1162000	1163000	628	arm	TRUE	.
Chr2	1717000	1718000	628	arm	TRUE	.
Chr2	1933000	1934000	628	arm	TRUE	.
Chr2	3315000	3316000	628	arm	TRUE	.
Chr2	9062000	9063000	628	pericentromere	FALSE	.
Chr4	1415000	1416000	628	arm	TRUE	.
Chr4	3000000	3001000	628	arm	TRUE	.
Chr2	1236000	1237000	627	arm	TRUE	.
Chr2	1401000	1402000	627	arm	TRUE	.
Chr2	2293000	2294000	627	arm	TRUE	.
Chr2	239000	240000	626	arm	TRUE	.
Chr2	2431000	2432000	626	arm	TRUE	.
Chr2	2588000	2589000	626	arm	TRUE	.
Chr2	868000	869000	626	arm	TRUE	.
Chr4	2712000	2713000	626	arm	TRUE	.
Chr2	1522000	1523000	625	arm	TRUE	.
Chr2	336000	337000	625	arm	TRUE	.
Chr2	768000	769000	625	arm	TRUE	.
Chr4	1165000	1166000	625	arm	TRUE	.
Chr2	1672000	1673000	624	arm	TRUE	.
Chr2	2659000	2660000	624	arm	TRUE	.
Chr2	4190000	4191000	624	arm	TRUE	.
Chr2	8692000	8693000	624	pericentromere	FALSE	.
Chr4	835000	836000	624	arm	TRUE	.
Chr2	4530000	4531000	623	arm	TRUE	.
Chr2	5113000	5114000	623	arm	TRUE	.
Chr4	2353000	2354000	623	arm	TRUE	.
Chr4	2377000	2378000	623	arm	TRUE	.
Chr4	3309000	3310000	623	arm	TRUE	.
Chr2	3602000	3603000	622	arm	TRUE	.
Chr2	3615000	3616000	622	arm	TRUE	.
Chr2	5098000	5099000	622	arm	TRUE	.
Chr2	8971000	8972000	622	pericentromere	FALSE	.
Chr4	124000	125000	622	arm	TRUE	.
Chr2	1065000	1066000	621	arm	TRUE	.
Chr2	2945000	2946000	621	arm	TRUE	.
Chr2	3849000	3850000	621	arm	TRUE	.
Chr2	5143000	5144000	621	arm	TRUE	.
Chr4	921000	922000	621	arm	TRUE	.
Chr2	1247000	1248000	620	arm	TRUE	.
Chr2	2555000	2556000	620	arm	TRUE	.
Chr2	3493000	3494000	620	arm	TRUE	.
Chr2	4066000	4067000	620	arm	TRUE	.
Chr2	4262000	4263000	620	arm	TRUE	.
Chr2	8745000	8746000	620	pericentromere	FALSE	.
Chr2	9201000	9202000	620	pericentromere	FALSE	.
Chr4	222000	223000	620	arm	TRUE	.
Chr4	3227000	3228000	620	arm	TRUE	.
Chr2	3993000	3994000	619	arm	TRUE	.
Chr2	5058000	5059000	619	arm	TRUE	.
Chr2	8929000	8930000	619	pericentromere	FALSE	.
Chr2	9112000	9113000	619	pericentromere	FALSE	.
Chr4	1275000	1276000	619	arm	TRUE	.
Chr4	494000	495000	619	arm	TRUE	.
Chr2	11106000	11107000	618	centromere	FALSE	.
Chr2	2373000	2374000	618	arm	TRUE	.
Chr2	34000	35000	618	arm	TRUE	.
Chr2	5243000	5244000	618	arm	TRUE	.
Chr2	590000	591000	618	arm	TRUE	.
Chr4	1702000	1703000	618	arm	TRUE	.
Chr4	1823000	1824000	618	arm	TRUE	.
Chr4	866000	867000	618	arm	TRUE	.
Chr2	2636000	2637000	617	arm	TRUE	.
Chr2	2910000	2911000	617	arm	TRUE	.
Chr2	8973000	8974000	617	pericentromere	FALSE	.
Chr4	186000	187000	617	arm	TRUE	.
Chr2	4489000	4490000	616	arm	TRUE	.
Chr2	760000	761000	616	arm	TRUE	.
Chr4	6000	7000	616	arm	TRUE	.
Chr2	4529000	4530000	615	arm	TRUE	.
Chr2	4894000	4895000	615	arm	TRUE	.
Chr2	85000	86000	615	arm	TRUE	.
Chr4	162000	163000	615	arm	TRUE	.
Chr2	1152000	1153000	614	arm	TRUE	.
Chr2	564000	565000	614	arm	TRUE	.
Chr2	8763000	8764000	614	pericentromere	FALSE	.
Chr2	8795000	8796000	614	pericentromere	FALSE	.
Chr4	3461000	3462000	614	arm	TRUE	.
Chr2	160000	161000	613	arm	TRUE	.
Chr2	4071000	4072000	613	arm	TRUE	.
Chr2	424000	425000	613	arm	TRUE	.
Chr2	513000	514000	613	arm	TRUE	.
Chr2	5186000	5187000	613	arm	TRUE	.
Chr4	2692000	2693000	613	arm	TRUE	.
Chr4	360000	361000	613	arm	TRUE	.
Chr4	687000	688000	613	arm	TRUE	.
Chr2	3777000	3778000	612	arm	TRUE	.
Chr2	880000	881000	612	arm	TRUE	.
Chr2	897000	898000	612	arm	TRUE	.
Chr4	1244000	1245000	612	arm	TRUE	.
Chr4	2848000	2849000	612	arm	TRUE	.
Chr2	44000	45000	611	arm	TRUE	.
Chr4	1103000	1104000	611	arm	TRUE	.
Chr4	3056000	3057000	611	arm	TRUE	.
Chr4	3547000	3548000	611	arm	TRUE	.
Chr2	161000	162000	610	arm	TRUE	.
Chr2	899000	900000	610	arm	TRUE	.
Chr3	16682000	16683000	610	pericentromere	FALSE	.
Chr4	2703000	2704000	610	arm	TRUE	.
Chr4	606000	607000	610	arm	TRUE	.
Chr4	81000	82000	610	arm	TRUE	.
Chr2	1047000	1048000	609	arm	TRUE	.
Chr2	1813000	1814000	609	arm	TRUE	.
Chr2	1867000	1868000	609	arm	TRUE	.
Chr2	3737000	3738000	609	arm	TRUE	.
Chr2	4597000	4598000	609	arm	TRUE	.
Chr2	622000	623000	608	arm	TRUE	.
Chr2	717000	718000	608	arm	TRUE	.
Chr4	1431000	1432000	608	arm	TRUE	.
Chr4	155000	156000	608	arm	TRUE	.
Chr4	1802000	1803000	608	arm	TRUE	.
Chr4	46000	47000	608	arm	TRUE	.
Chr4	1318000	1319000	607	arm	TRUE	.
Chr2	3581000	3582000	606	arm	TRUE	.
Chr2	8857000	8858000	606	pericentromere	FALSE	.
Chr2	921000	922000	606	arm	TRUE	.
Chr4	422000	423000	606	arm	TRUE	.
Chr2	2310000	2311000	605	arm	TRUE	.
Chr2	4120000	4121000	605	arm	TRUE	.
Chr4	3741000	3742000	605	arm	TRUE	.
Chr2	1119000	1120000	604	arm	TRUE	.
Chr2	1239000	1240000	604	arm	TRUE	.
Chr2	2021000	2022000	604	arm	TRUE	.
Chr2	2816000	2817000	604	arm	TRUE	.
Chr2	323000	324000	604	arm	TRUE	.
Chr2	3820000	3821000	604	arm	TRUE	.
Chr2	5169000	5170000	604	arm	TRUE	.
Chr2	5377000	5378000	604	arm	TRUE	.
Chr4	1330000	1331000	604	arm	TRUE	.
Chr4	1446000	1447000	604	arm	TRUE	.
Chr4	505000	506000	604	arm	TRUE	.
Chr2	2699000	2700000	603	arm	TRUE	.
Chr2	2841000	2842000	603	arm	TRUE	.
Chr2	3782000	3783000	603	arm	TRUE	.
Chr2	8939000	8940000	603	pericentromere	FALSE	.
Chr2	9253000	9254000	603	pericentromere	FALSE	.
Chr2	961000	962000	603	arm	TRUE	.
Chr4	1028000	1029000	603	arm	TRUE	.
Chr4	1113000	1114000	603	arm	TRUE	.
Chr4	3420000	3421000	603	arm	TRUE	.
Chr4	701000	702000	603	arm	TRUE	.
Chr2	1173000	1174000	602	arm	TRUE	.
Chr2	1899000	1900000	602	arm	TRUE	.
Chr2	3554000	3555000	602	arm	TRUE	.
Chr2	4226000	4227000	602	arm	TRUE	.
Chr2	5091000	5092000	602	arm	TRUE	.
Chr4	1050000	1051000	602	arm	TRUE	.
Chr4	3772000	3773000	602	arm	TRUE	.
Chr2	1394000	1395000	601	arm	TRUE	.
Chr2	2245000	2246000	601	arm	TRUE	.
Chr2	2262000	2263000	601	arm	TRUE	.
Chr2	3285000	3286000	601	arm	TRUE	.
Chr4	3533000	3534000	601	arm	TRUE	.
Chr4	3845000	3846000	601	arm	TRUE	.
Chr1	18569000	18570000	600	pericentromere	FALSE	.
Chr2	1609000	1610000	600	arm	TRUE	.
Chr2	1643000	1644000	600	arm	TRUE	.
Chr2	2592000	2593000	600	arm	TRUE	.
Chr4	536000	537000	600	arm	TRUE	.
Chr2	2257000	2258000	599	arm	TRUE	.
Chr2	4379000	4380000	599	arm	TRUE	.
Chr2	4996000	4997000	599	arm	TRUE	.
Chr2	8782000	8783000	599	pericentromere	FALSE	.
Chr2	1469000	1470000	598	arm	TRUE	.
Chr2	2476000	2477000	598	arm	TRUE	.
Chr2	5222000	5223000	598	arm	TRUE	.
Chr4	1792000	1793000	598	arm	TRUE	.
Chr4	2256000	2257000	598	arm	TRUE	.
Chr4	3277000	3278000	598	arm	TRUE	.
Chr2	1917000	1918000	597	arm	TRUE	.
Chr2	4080000	4081000	597	arm	TRUE	.
Chr4	1586000	1587000	597	arm	TRUE	.
Chr4	773000	774000	597	arm	TRUE	.
Chr5	13166000	13167000	597	centromere	FALSE	.
Chr2	5194000	5195000	596	arm	TRUE	.
Chr2	533000	534000	596	arm	TRUE	.
Chr2	8989000	8990000	596	pericentromere	FALSE	.
Chr4	1896000	1897000	596	arm	TRUE	.
Chr4	2432000	2433000	596	arm	TRUE	.
Chr4	349000	350000	596	arm	TRUE	.
Chr4	990000	991000	596	arm	TRUE	.
Chr2	1279000	1280000	595	arm	TRUE	.
Chr2	2074000	2075000	595	arm	TRUE	.
Chr2	2912000	2913000	595	arm	TRUE	.
Chr2	473000	474000	595	arm	TRUE	.
Chr2	8799000	8800000	595	pericentromere	FALSE	.
Chr4	969000	970000	595	arm	TRUE	.
Chr2	2410000	2411000	594	arm	TRUE	.
Chr2	3042000	3043000	594	arm	TRUE	.
Chr2	3094000	3095000	594	arm	TRUE	.
Chr4	2036000	2037000	594	arm	TRUE	.
Chr4	224000	225000	594	arm	TRUE	.
Chr4	2429000	2430000	594	arm	TRUE	.
Chr2	1888000	1889000	593	arm	TRUE	.
Chr2	3130000	3131000	593	arm	TRUE	.
Chr2	5373000	5374000	593	arm	TRUE	.
Chr2	8862000	8863000	593	pericentromere	FALSE	.
Chr2	8938000	8939000	593	pericentromere	FALSE	.
Chr2	9116000	9117000	593	pericentromere	FALSE	.
Chr4	1537000	1538000	593	arm	TRUE	.
Chr4	3383000	3384000	593	arm	TRUE	.
Chr4	3506000	3507000	593	arm	TRUE	.
Chr4	3701000	3702000	593	arm	TRUE	.
Chr2	2665000	2666000	592	arm	TRUE	.
Chr2	316000	317000	592	arm	TRUE	.
Chr2	8741000	8742000	592	pericentromere	FALSE	.
Chr4	63000	64000	592	arm	TRUE	.
Chr2	2332000	2333000	591	arm	TRUE	.
Chr4	1485000	1486000	591	arm	TRUE	.
Chr2	140000	141000	590	arm	TRUE	.
Chr2	5134000	5135000	590	arm	TRUE	.
Chr4	2547000	2548000	590	arm	TRUE	.
Chr4	554000	555000	590	arm	TRUE	.
Chr4	598000	599000	590	arm	TRUE	.
Chr2	1068000	1069000	589	arm	TRUE	.
Chr2	5069000	5070000	589	arm	TRUE	.
Chr2	5338000	5339000	589	arm	TRUE	.
Chr4	1029000	1030000	589	arm	TRUE	.
Chr2	2270000	2271000	588	arm	TRUE	.
Chr2	2997000	2998000	588	arm	TRUE	.
Chr2	8875000	8876000	588	pericentromere	FALSE	.
Chr2	9261000	9262000	588	pericentromere	FALSE	.
Chr4	2224000	2225000	588	arm	TRUE	.
Chr4	2827000	2828000	588	arm	TRUE	.
Chr4	887000	888000	588	arm	TRUE	.
Chr2	1165000	1166000	587	arm	TRUE	.
Chr2	8734000	8735000	587	pericentromere	FALSE	.
Chr4	315000	316000	587	arm	TRUE	.
Chr2	3429000	3430000	586	arm	TRUE	.
Chr2	3471000	3472000	586	arm	TRUE	.
Chr2	377000	378000	586	arm	TRUE	.
Chr2	4060000	4061000	586	arm	TRUE	.
Chr4	722000	723000	586	arm	TRUE	.
Chr2	1985000	1986000	585	arm	TRUE	.
Chr2	2869000	2870000	585	arm	TRUE	.
Chr2	3326000	3327000	585	arm	TRUE	.
Chr2	3912000	3913000	585	arm	TRUE	.
Chr2	121000	122000	584	arm	TRUE	.
Chr2	4640000	4641000	584	arm	TRUE	.
Chr2	5249000	5250000	584	arm	TRUE	.
Chr4	318000	319000	584	arm	TRUE	.
Chr2	2022000	2023000	583	arm	TRUE	.
Chr2	3192000	3193000	583	arm	TRUE	.
Chr2	3899000	3900000	583	arm	TRUE	.
Chr2	8805000	8806000	583	pericentromere	FALSE	.
Chr2	1060000	1061000	582	arm	TRUE	.
Chr2	1378000	1379000	582	arm	TRUE	.
Chr2	1924000	1925000	582	arm	TRUE	.
Chr2	2024000	2025000	582	arm	TRUE	.
Chr2	4276000	4277000	582	arm	TRUE	.
Chr2	720000	721000	582	arm	TRUE	.
Chr4	1162000	1163000	582	arm	TRUE	.
Chr4	1206000	1207000	582	arm	TRUE	.
Chr4	2430000	2431000	582	arm	TRUE	.
Chr4	2816000	2817000	582	arm	TRUE	.
Chr2	3774000	3775000	581	arm	TRUE	.
Chr2	4519000	4520000	581	arm	TRUE	.
Chr2	536000	537000	581	arm	TRUE	.
Chr2	8680000	8681000	581	pericentromere	FALSE	.
Chr2	8969000	8970000	581	pericentromere	FALSE	.
Chr4	2398000	2399000	581	arm	TRUE	.
Chr2	2186000	2187000	580	arm	TRUE	.
Chr2	5158000	5159000	580	arm	TRUE	.
Chr2	8899000	8900000	580	pericentromere	FALSE	.
Chr2	9114000	9115000	580	pericentromere	FALSE	.
Chr4	1597000	1598000	580	arm	TRUE	.
Chr2	259000	260000	579	arm	TRUE	.
Chr2	442000	443000	579	arm	TRUE	.
Chr2	78000	79000	579	arm	TRUE	.
Chr2	9133000	9134000	579	pericentromere	FALSE	.
Chr4	1413000	1414000	579	arm	TRUE	.
Chr4	267000	268000	579	arm	TRUE	.
Chr4	3406000	3407000	579	arm	TRUE	.
Chr2	4430000	4431000	578	arm	TRUE	.
Chr2	8751000	8752000	578	pericentromere	FALSE	.
Chr2	8926000	8927000	578	pericentromere	FALSE	.
Chr4	1296000	1297000	578	arm	TRUE	.
Chr2	8660000	8661000	577	pericentromere	FALSE	.
Chr4	1547000	1548000	577	arm	TRUE	.
Chr4	1960000	1961000	577	arm	TRUE	.
Chr4	3777000	3778000	577	arm	TRUE	.
Chr5	14339000	14340000	577	centromere	FALSE	.
Chr2	3455000	3456000	576	arm	TRUE	.
Chr2	4826000	4827000	576	arm	TRUE	.
Chr2	4881000	4882000	576	arm	TRUE	.
Chr2	1514000	1515000	575	arm	TRUE	.
Chr2	826000	827000	575	arm	TRUE	.
Chr2	3408000	3409000	574	arm	TRUE	.
Chr2	908000	909000	574	arm	TRUE	.
Chr4	370000	371000	574	arm	TRUE	.
Chr4	709000	710000	574	arm	TRUE	.
Chr4	983000	984000	574	arm	TRUE	.
Chr2	9014000	9015000	573	pericentromere	FALSE	.
Chr4	1083000	1084000	573	arm	TRUE	.
Chr4	3576000	3577000	573	arm	TRUE	.
Chr2	1619000	1620000	572	arm	TRUE	.
Chr2	238000	239000	572	arm	TRUE	.
Chr2	718000	719000	572	arm	TRUE	.
Chr4	1340000	1341000	572	arm	TRUE	.
Chr4	2592000	2593000	572	arm	TRUE	.
Chr4	2903000	2904000	572	arm	TRUE	.
Chr2	1901000	1902000	571	arm	TRUE	.
Chr2	1996000	1997000	571	arm	TRUE	.
Chr2	4098000	4099000	571	arm	TRUE	.
Chr2	8711000	8712000	571	pericentromere	FALSE	.
Chr2	5356000	5357000	570	arm	TRUE	.
Chr2	9199000	9200000	570	pericentromere	FALSE	.
Chr4	2871000	2872000	570	arm	TRUE	.
Chr2	158000	159000	569	arm	TRUE	.
Chr2	2453000	2454000	569	arm	TRUE	.
Chr2	4478000	4479000	569	arm	TRUE	.
Chr4	1216000	1217000	569	arm	TRUE	.
Chr2	3335000	3336000	568	arm	TRUE	.
Chr2	4243000	4244000	568	arm	TRUE	.
Chr2	9055000	9056000	568	pericentromere	FALSE	.
Chr4	2464000	2465000	568	arm	TRUE	.
Chr2	2409000	2410000	567	arm	TRUE	.
Chr2	8802000	8803000	567	pericentromere	FALSE	.
Chr2	8955000	8956000	567	pericentromere	FALSE	.
Chr2	940000	941000	567	arm	TRUE	.
Chr2	286000	287000	566	arm	TRUE	.
Chr2	2934000	2935000	566	arm	TRUE	.
Chr2	3603000	3604000	566	arm	TRUE	.
Chr2	3845000	3846000	566	arm	TRUE	.
Chr2	5208000	5209000	566	arm	TRUE	.
Chr4	1888000	1889000	566	arm	TRUE	.
Chr2	2400000	2401000	565	arm	TRUE	.
Chr2	9078000	9079000	565	pericentromere	FALSE	.
Chr4	660000	661000	565	arm	TRUE	.
Chr1	26474000	26475000	564	arm	FALSE	AT1G65350
Chr2	3587000	3588000	564	arm	TRUE	.
Chr2	4082000	4083000	564	arm	TRUE	.
Chr2	5096000	5097000	564	arm	TRUE	.
Chr2	8792000	8793000	564	pericentromere	FALSE	.
Chr2	9127000	9128000	564	pericentromere	FALSE	.
Chr2	9209000	9210000	564	pericentromere	FALSE	.
Chr2	938000	939000	563	arm	TRUE	.
Chr2	2368000	2369000	562	arm	TRUE	.
Chr2	2866000	2867000	562	arm	TRUE	.
Chr2	3282000	3283000	562	arm	TRUE	.
Chr2	3975000	3976000	562	arm	TRUE	.
Chr2	4969000	4970000	562	arm	TRUE	.
Chr2	707000	708000	562	arm	TRUE	.
Chr2	9098000	9099000	562	pericentromere	FALSE	.
Chr2	963000	964000	562	arm	TRUE	.
Chr4	117000	118000	562	arm	TRUE	.
Chr4	163000	164000	562	arm	TRUE	.
Chr4	175000	176000	562	arm	TRUE	.
Chr2	4004000	4005000	561	arm	TRUE	.
Chr2	9075000	9076000	561	pericentromere	FALSE	.
Chr2	1454000	1455000	560	arm	TRUE	.
Chr2	3600000	3601000	560	arm	TRUE	.
Chr2	5124000	5125000	560	arm	TRUE	.
Chr2	523000	524000	560	arm	TRUE	.
Chr2	8806000	8807000	560	pericentromere	FALSE	.
Chr2	8820000	8821000	560	pericentromere	FALSE	.
Chr2	3212000	3213000	559	arm	TRUE	.
Chr2	5326000	5327000	559	arm	TRUE	.
Chr4	2975000	2976000	559	arm	TRUE	.
Chr4	619000	620000	559	arm	TRUE	.
Chr2	1099000	1100000	558	arm	TRUE	.
Chr2	4573000	4574000	558	arm	TRUE	.
Chr4	1729000	1730000	558	arm	TRUE	.
Chr4	1920000	1921000	558	arm	TRUE	.
Chr4	688000	689000	558	arm	TRUE	.
Chr2	1685000	1686000	557	arm	TRUE	.
Chr2	3838000	3839000	557	arm	TRUE	.
Chr2	4693000	4694000	557	arm	TRUE	.
Chr2	5173000	5174000	557	arm	TRUE	.
Chr4	3514000	3515000	557	arm	TRUE	.
Chr4	3676000	3677000	557	arm	TRUE	.
Chr4	818000	819000	557	arm	TRUE	.
Chr4	83000	84000	557	arm	TRUE	.
Chr5	13082000	13083000	557	centromere	FALSE	.
Chr2	110000	111000	556	arm	TRUE	.
Chr2	2718000	2719000	556	arm	TRUE	.
Chr2	8709000	8710000	556	pericentromere	FALSE	.
Chr4	1690000	1691000	555	arm	TRUE	.
Chr4	1940000	1941000	555	arm	TRUE	.
Chr4	2534000	2535000	555	arm	TRUE	.
Chr4	298000	299000	555	arm	TRUE	.
Chr5	12441000	12442000	555	centromere	FALSE	.
Chr2	2635000	2636000	554	arm	TRUE	.
Chr2	441000	442000	554	arm	TRUE	.
Chr2	5412000	5413000	554	arm	TRUE	.
Chr4	2800000	2801000	554	arm	TRUE	.
Chr2	291000	292000	553	arm	TRUE	.
Chr2	3760000	3761000	553	arm	TRUE	.
Chr2	4915000	4916000	553	arm	TRUE	.
Chr2	52000	53000	553	arm	TRUE	.
Chr2	661000	662000	553	arm	TRUE	.
Chr4	732000	733000	553	arm	TRUE	.
Chr2	1012000	1013000	552	arm	TRUE	.
Chr2	4505000	4506000	552	arm	TRUE	.
Chr2	5297000	5298000	552	arm	TRUE	.
Chr2	9076000	9077000	552	pericentromere	FALSE	.
Chr2	9081000	9082000	552	pericentromere	FALSE	.
Chr4	2276000	2277000	552	arm	TRUE	.
Chr2	3120000	3121000	551	arm	TRUE	.
Chr2	3927000	3928000	551	arm	TRUE	.
Chr2	4900000	4901000	551	arm	TRUE	.
Chr2	5216000	5217000	551	arm	TRUE	.
Chr2	8879000	8880000	551	pericentromere	FALSE	.
Chr4	206000	207000	551	arm	TRUE	.
Chr4	3555000	3556000	551	arm	TRUE	.
Chr4	897000	898000	551	arm	TRUE	.
Chr4	938000	939000	551	arm	TRUE	.
Chr2	2161000	2162000	550	arm	TRUE	.
Chr2	2728000	2729000	550	arm	TRUE	.
Chr2	2980000	2981000	550	arm	TRUE	.
Chr2	5364000	5365000	550	arm	TRUE	.
Chr4	1617000	1618000	550	arm	TRUE	.
Chr2	3905000	3906000	549	arm	TRUE	.
Chr4	112000	113000	549	arm	TRUE	.
Chr4	1763000	1764000	549	arm	TRUE	.
Chr2	1610000	1611000	548	arm	TRUE	.
Chr2	9181000	9182000	548	pericentromere	FALSE	.
Chr4	1137000	1138000	548	arm	TRUE	.
Chr4	287000	288000	548	arm	TRUE	.
Chr4	3639000	3640000	548	arm	TRUE	.
Chr4	698000	699000	548	arm	TRUE	.
Chr2	1301000	1302000	547	arm	TRUE	.
Chr2	3048000	3049000	547	arm	TRUE	.
Chr2	3506000	3507000	547	arm	TRUE	.
Chr2	3810000	3811000	547	arm	TRUE	.
Chr2	5347000	5348000	547	arm	TRUE	.
Chr4	1963000	1964000	547	arm	TRUE	.
Chr2	1046000	1047000	546	arm	TRUE	.
Chr2	5298000	5299000	546	arm	TRUE	.
Chr4	1276000	1277000	546	arm	TRUE	.
Chr2	2801000	2802000	545	arm	TRUE	.
Chr2	9050000	9051000	545	pericentromere	FALSE	.
Chr4	3030000	3031000	545	arm	TRUE	.
Chr2	108000	109000	544	arm	TRUE	.
Chr2	2351000	2352000	544	arm	TRUE	.
Chr2	8992000	8993000	544	pericentromere	FALSE	.
Chr2	9221000	9222000	544	pericentromere	FALSE	.
Chr4	1668000	1669000	544	arm	TRUE	.
Chr4	742000	743000	544	arm	TRUE	.
Chr2	2911000	2912000	543	arm	TRUE	.
Chr2	3988000	3989000	543	arm	TRUE	.
Chr2	5394000	5395000	543	arm	TRUE	.
Chr2	806000	807000	543	arm	TRUE	.
Chr2	8756000	8757000	543	pericentromere	FALSE	.
Chr2	9279000	9280000	543	pericentromere	FALSE	.
Chr4	1815000	1816000	543	arm	TRUE	.
Chr2	4516000	4517000	542	arm	TRUE	.
Chr2	4586000	4587000	542	arm	TRUE	.
Chr2	4913000	4914000	542	arm	TRUE	.
Chr2	837000	838000	542	arm	TRUE	.
Chr2	919000	920000	542	arm	TRUE	.
Chr4	3722000	3723000	542	arm	TRUE	.
Chr2	2527000	2528000	541	arm	TRUE	.
Chr2	4021000	4022000	541	arm	TRUE	.
Chr2	4892000	4893000	541	arm	TRUE	.
Chr2	4954000	4955000	541	arm	TRUE	.
Chr4	194000	195000	541	arm	TRUE	.
Chr4	3290000	3291000	541	arm	TRUE	.
Chr2	1546000	1547000	540	arm	TRUE	.
Chr2	2692000	2693000	540	arm	TRUE	.
Chr2	4816000	4817000	540	arm	TRUE	.
Chr2	4923000	4924000	540	arm	TRUE	.
Chr2	597000	598000	540	arm	TRUE	.
Chr2	4103000	4104000	539	arm	TRUE	.
Chr2	8762000	8763000	539	pericentromere	FALSE	.
Chr2	9176000	9177000	539	pericentromere	FALSE	.
Chr4	1185000	1186000	539	arm	TRUE	.
Chr4	347000	348000	539	arm	TRUE	.
Chr2	229000	230000	538	arm	TRUE	.
Chr2	3756000	3757000	538	arm	TRUE	.
Chr2	389000	390000	538	arm	TRUE	.
Chr2	4026000	4027000	538	arm	TRUE	.
Chr2	867000	868000	538	arm	TRUE	.
Chr2	8976000	8977000	538	pericentromere	FALSE	.
Chr2	9280000	9281000	538	pericentromere	FALSE	.
Chr4	1399000	1400000	538	arm	TRUE	.
Chr4	3831000	3832000	538	arm	TRUE	.
Chr2	1026000	1027000	537	arm	TRUE	.
Chr2	1668000	1669000	537	arm	TRUE	.
Chr2	2011000	2012000	537	arm	TRUE	.
Chr2	2253000	2254000	537	arm	TRUE	.
Chr2	3660000	3661000	537	arm	TRUE	.
Chr2	5363000	5364000	537	arm	TRUE	.
Chr4	301000	302000	537	arm	TRUE	.
Chr2	138000	139000	536	arm	TRUE	.
Chr2	1578000	1579000	536	arm	TRUE	.
Chr2	163000	164000	536	arm	TRUE	.
Chr2	4013000	4014000	536	arm	TRUE	.
Chr2	4315000	4316000	536	arm	TRUE	.
Chr2	4638000	4639000	536	arm	TRUE	.
Chr2	3966000	3967000	535	arm	TRUE	.
Chr2	4457000	4458000	535	arm	TRUE	.
Chr2	4748000	4749000	535	arm	TRUE	.
Chr2	8768000	8769000	535	pericentromere	FALSE	.
Chr2	9182000	9183000	535	pericentromere	FALSE	.
Chr4	1123000	1124000	535	arm	TRUE	.
Chr4	30000	31000	535	arm	TRUE	.
Chr2	1906000	1907000	534	arm	TRUE	.
Chr2	5342000	5343000	534	arm	TRUE	.
Chr2	8664000	8665000	534	pericentromere	FALSE	.
Chr2	8721000	8722000	534	pericentromere	FALSE	.
Chr4	442000	443000	534	arm	TRUE	.
Chr2	270000	271000	533	arm	TRUE	.
Chr2	3029000	3030000	533	arm	TRUE	.
Chr2	8876000	8877000	533	pericentromere	FALSE	.
Chr2	9025000	9026000	533	pericentromere	FALSE	.
Chr4	2088000	2089000	533	arm	TRUE	.
Chr4	2204000	2205000	533	arm	TRUE	.
Chr4	2484000	2485000	533	arm	TRUE	.
Chr5	12700000	12701000	533	centromere	FALSE	.
Chr2	1576000	1577000	532	arm	TRUE	.
Chr2	9271000	9272000	532	pericentromere	FALSE	.
Chr2	994000	995000	532	arm	TRUE	.
Chr4	1193000	1194000	532	arm	TRUE	.
Chr4	670000	671000	532	arm	TRUE	.
Chr2	2195000	2196000	531	arm	TRUE	.
Chr2	8764000	8765000	531	pericentromere	FALSE	.
Chr4	1245000	1246000	531	arm	TRUE	.
Chr4	1556000	1557000	531	arm	TRUE	.
Chr4	3451000	3452000	531	arm	TRUE	.
Chr2	1268000	1269000	530	arm	TRUE	.
Chr4	1230000	1231000	530	arm	TRUE	.
Chr4	1317000	1318000	530	arm	TRUE	.
Chr2	1577000	1578000	529	arm	TRUE	.
Chr2	1845000	1846000	529	arm	TRUE	.
Chr2	2411000	2412000	529	arm	TRUE	.
Chr2	2575000	2576000	529	arm	TRUE	.
Chr2	3461000	3462000	529	arm	TRUE	.
Chr2	5273000	5274000	529	arm	TRUE	.
Chr4	72000	73000	529	arm	TRUE	.
Chr2	2144000	2145000	528	arm	TRUE	.
Chr2	4511000	4512000	528	arm	TRUE	.
Chr2	5332000	5333000	528	arm	TRUE	.
Chr4	617000	618000	528	arm	TRUE	.
Chr2	2920000	2921000	527	arm	TRUE	.
Chr2	3116000	3117000	527	arm	TRUE	.
Chr2	4112000	4113000	527	arm	TRUE	.
Chr2	4736000	4737000	527	arm	TRUE	.
Chr2	709000	710000	527	arm	TRUE	.
Chr2	2102000	2103000	526	arm	TRUE	.
Chr2	358000	359000	526	arm	TRUE	.
Chr2	4055000	4056000	526	arm	TRUE	.
Chr4	1247000	1248000	526	arm	TRUE	.
Chr2	2667000	2668000	525	arm	TRUE	.
Chr2	3718000	3719000	525	arm	TRUE	.
Chr2	8777000	8778000	525	pericentromere	FALSE	.
Chr4	1031000	1032000	525	arm	TRUE	.
Chr4	1557000	1558000	525	arm	TRUE	.
Chr4	1753000	1754000	525	arm	TRUE	.
Chr4	2252000	2253000	525	arm	TRUE	.
Chr4	590000	591000	525	arm	TRUE	.
Chr4	639000	640000	525	arm	TRUE	.
Chr4	821000	822000	525	arm	TRUE	.
Chr5	14924000	14925000	525	centromere	FALSE	AT5G69566
Chr2	1547000	1548000	524	arm	TRUE	.
Chr2	1958000	1959000	524	arm	TRUE	.
Chr2	2104000	2105000	524	arm	TRUE	.
Chr2	4708000	4709000	524	arm	TRUE	.
Chr4	2567000	2568000	524	arm	TRUE	.
Chr2	3188000	3189000	523	arm	TRUE	.
Chr2	3333000	3334000	523	arm	TRUE	.
Chr2	382000	383000	523	arm	TRUE	.
Chr2	4834000	4835000	523	arm	TRUE	.
Chr2	503000	504000	523	arm	TRUE	.
Chr2	5396000	5397000	523	arm	TRUE	.
Chr2	699000	700000	523	arm	TRUE	.
Chr2	8826000	8827000	523	pericentromere	FALSE	.
Chr4	3336000	3337000	523	arm	TRUE	.
Chr2	1196000	1197000	522	arm	TRUE	.
Chr2	1337000	1338000	522	arm	TRUE	.
Chr2	3688000	3689000	522	arm	TRUE	.
Chr2	5006000	5007000	522	arm	TRUE	.
Chr2	8706000	8707000	522	pericentromere	FALSE	.
Chr2	2483000	2484000	521	arm	TRUE	.
Chr2	3757000	3758000	521	arm	TRUE	.
Chr2	3843000	3844000	521	arm	TRUE	.
Chr2	4382000	4383000	521	arm	TRUE	.
Chr2	4451000	4452000	521	arm	TRUE	.
Chr2	4574000	4575000	521	arm	TRUE	.
Chr2	8827000	8828000	521	pericentromere	FALSE	.
Chr4	1199000	1200000	521	arm	TRUE	.
Chr4	3235000	3236000	521	arm	TRUE	.
Chr4	3534000	3535000	521	arm	TRUE	.
Chr2	2269000	2270000	520	arm	TRUE	.
Chr2	2401000	2402000	520	arm	TRUE	.
Chr2	397000	398000	520	arm	TRUE	.
Chr2	4477000	4478000	520	arm	TRUE	.
Chr2	501000	502000	520	arm	TRUE	.
Chr2	839000	840000	520	arm	TRUE	.
Chr4	1371000	1372000	520	arm	TRUE	.
Chr4	2923000	2924000	520	arm	TRUE	.
Chr2	1458000	1459000	519	arm	TRUE	.
Chr2	859000	860000	519	arm	TRUE	.
Chr2	9193000	9194000	519	pericentromere	FALSE	.
Chr4	1000000	1001000	519	arm	TRUE	.
Chr4	2819000	2820000	519	arm	TRUE	.
Chr4	3214000	3215000	519	arm	TRUE	.
Chr4	3662000	3663000	519	arm	TRUE	.
Chr4	907000	908000	519	arm	TRUE	.
Chr2	4441000	4442000	518	arm	TRUE	.
Chr2	9180000	9181000	518	pericentromere	FALSE	.
Chr4	3100000	3101000	518	arm	TRUE	.
Chr4	31000	32000	518	arm	TRUE	.
Chr4	3779000	3780000	518	arm	TRUE	.
Chr4	629000	630000	518	arm	TRUE	.
Chr2	206000	207000	517	arm	TRUE	.
Chr2	2854000	2855000	517	arm	TRUE	.
Chr2	4555000	4556000	517	arm	TRUE	.
Chr2	4827000	4828000	517	arm	TRUE	.
Chr4	1961000	1962000	517	arm	TRUE	.
Chr4	3421000	3422000	517	arm	TRUE	.
Chr2	829000	830000	516	arm	TRUE	.
Chr2	9155000	9156000	516	pericentromere	FALSE	.
Chr2	9250000	9251000	516	pericentromere	FALSE	.
Chr4	1286000	1287000	516	arm	TRUE	.
Chr4	550000	551000	516	arm	TRUE	.
Chr4	628000	629000	516	arm	TRUE	.
Chr2	1226000	1227000	515	arm	TRUE	.
Chr2	4908000	4909000	515	arm	TRUE	.
Chr2	5048000	5049000	515	arm	TRUE	.
Chr2	836000	837000	515	arm	TRUE	.
Chr2	2595000	2596000	514	arm	TRUE	.
Chr2	805000	806000	514	arm	TRUE	.
Chr2	9020000	9021000	514	pericentromere	FALSE	.
Chr2	9106000	9107000	514	pericentromere	FALSE	.
Chr4	2358000	2359000	514	arm	TRUE	.
Chr4	2378000	2379000	514	arm	TRUE	.
Chr2	2300000	2301000	513	arm	TRUE	.
Chr2	8957000	8958000	513	pericentromere	FALSE	.
Chr2	8997000	8998000	513	pericentromere	FALSE	.
Chr4	1049000	1050000	513	arm	TRUE	.
Chr4	1196000	1197000	513	arm	TRUE	.
Chr4	928000	929000	513	arm	TRUE	.
Chr2	1014000	1015000	512	arm	TRUE	.
Chr2	480000	481000	512	arm	TRUE	.
Chr2	8914000	8915000	512	pericentromere	FALSE	.
Chr2	9263000	9264000	512	pericentromere	FALSE	.
Chr4	1539000	1540000	512	arm	TRUE	.
Chr4	3677000	3678000	512	arm	TRUE	.
Chr2	1090000	1091000	511	arm	TRUE	.
Chr2	2290000	2291000	511	arm	TRUE	.
Chr2	4747000	4748000	511	arm	TRUE	.
Chr2	8739000	8740000	511	pericentromere	FALSE	.
Chr4	3780000	3781000	511	arm	TRUE	.
Chr2	3759000	3760000	510	arm	TRUE	.
Chr2	4666000	4667000	510	arm	TRUE	.
Chr2	9016000	9017000	510	pericentromere	FALSE	.
Chr2	9088000	9089000	510	pericentromere	FALSE	.
Chr2	909000	910000	510	arm	TRUE	.
Chr4	1134000	1135000	510	arm	TRUE	.
Chr4	1297000	1298000	510	arm	TRUE	.
Chr4	3824000	3825000	510	arm	TRUE	.
Chr5	12690000	12691000	510	centromere	FALSE	.
Chr2	1089000	1090000	509	arm	TRUE	.
Chr2	2594000	2595000	509	arm	TRUE	.
Chr2	67000	68000	509	arm	TRUE	.
Chr4	184000	185000	509	arm	TRUE	.
Chr4	3798000	3799000	509	arm	TRUE	.
Chr4	668000	669000	509	arm	TRUE	.
Chr2	2380000	2381000	508	arm	TRUE	.
Chr2	4292000	4293000	508	arm	TRUE	.
Chr4	120000	121000	508	arm	TRUE	.
Chr4	1746000	1747000	508	arm	TRUE	.
Chr4	2497000	2498000	508	arm	TRUE	.
Chr4	2641000	2642000	508	arm	TRUE	.
Chr4	429000	430000	508	arm	TRUE	.
Chr4	544000	545000	508	arm	TRUE	.
Chr4	91000	92000	508	arm	TRUE	.
Chr2	3213000	3214000	507	arm	TRUE	.
Chr2	4072000	4073000	507	arm	TRUE	.
Chr2	4343000	4344000	507	arm	TRUE	.
Chr2	8886000	8887000	507	pericentromere	FALSE	.
Chr4	2554000	2555000	507	arm	TRUE	.
Chr2	1956000	1957000	506	arm	TRUE	.
Chr2	4902000	4903000	506	arm	TRUE	.
Chr2	8791000	8792000	506	pericentromere	FALSE	.
Chr4	3822000	3823000	506	arm	TRUE	.
Chr2	2343000	2344000	505	arm	TRUE	.
Chr2	346000	347000	505	arm	TRUE	.
Chr2	3732000	3733000	505	arm	TRUE	.
Chr2	8683000	8684000	505	pericentromere	FALSE	.
Chr4	3329000	3330000	505	arm	TRUE	.
Chr4	3433000	3434000	505	arm	TRUE	.
Chr5	13269000	13270000	505	centromere	FALSE	.
Chr2	1928000	1929000	504	arm	TRUE	.
Chr2	2248000	2249000	504	arm	TRUE	.
Chr2	4608000	4609000	504	arm	TRUE	.
Chr2	5000000	5001000	504	arm	TRUE	.
Chr2	960000	961000	504	arm	TRUE	.
Chr4	1173000	1174000	504	arm	TRUE	.
Chr4	1530000	1531000	504	arm	TRUE	.
Chr4	1555000	1556000	504	arm	TRUE	.
Chr2	1718000	1719000	503	arm	TRUE	.
Chr2	2819000	2820000	503	arm	TRUE	.
Chr2	4494000	4495000	503	arm	TRUE	.
Chr2	4886000	4887000	503	arm	TRUE	.
Chr2	9238000	9239000	503	pericentromere	FALSE	.
Chr4	1402000	1403000	503	arm	TRUE	.
Chr2	1344000	1345000	502	arm	TRUE	.
Chr2	4293000	4294000	502	arm	TRUE	.
Chr2	8920000	8921000	502	pericentromere	FALSE	.
Chr4	1040000	1041000	502	arm	TRUE	.
Chr4	2619000	2620000	502	arm	TRUE	.
Chr4	3527000	3528000	502	arm	TRUE	.
Chr4	409000	410000	502	arm	TRUE	.
Chr4	545000	546000	502	arm	TRUE	.
Chr2	1075000	1076000	501	arm	TRUE	.
Chr2	1085000	1086000	501	arm	TRUE	.
Chr2	1193000	1194000	501	arm	TRUE	.
Chr2	1440000	1441000	501	arm	TRUE	.
Chr2	1799000	1800000	501	arm	TRUE	.
Chr2	5251000	5252000	501	arm	TRUE	.
Chr4	173000	174000	501	arm	TRUE	.
Chr4	92000	93000	501	arm	TRUE	.
Chr2	1391000	1392000	500	arm	TRUE	.
Chr2	1523000	1524000	500	arm	TRUE	.
Chr2	2888000	2889000	500	arm	TRUE	.
Chr2	767000	768000	500	arm	TRUE	.
Chr4	3314000	3315000	500	arm	TRUE	.
Chr4	3711000	3712000	500	arm	TRUE	.
Chr4	608000	609000	500	arm	TRUE	.
Chr2	2532000	2533000	499	arm	TRUE	.
Chr2	3312000	3313000	499	arm	TRUE	.
Chr2	3916000	3917000	499	arm	TRUE	.
Chr2	4855000	4856000	499	arm	TRUE	.
Chr4	214000	215000	499	arm	TRUE	.
Chr2	1117000	1118000	498	arm	TRUE	.
Chr2	146000	147000	498	arm	TRUE	.
Chr2	2122000	2123000	498	arm	TRUE	.
Chr2	3779000	3780000	498	arm	TRUE	.
Chr2	482000	483000	498	arm	TRUE	.
Chr4	1062000	1063000	498	arm	TRUE	.
Chr4	2492000	2493000	498	arm	TRUE	.
Chr2	2313000	2314000	497	arm	TRUE	.
Chr2	4027000	4028000	497	arm	TRUE	.
Chr2	505000	506000	497	arm	TRUE	.
Chr2	5263000	5264000	497	arm	TRUE	.
Chr2	5393000	5394000	497	arm	TRUE	.
Chr2	8685000	8686000	497	pericentromere	FALSE	.
Chr2	9010000	9011000	497	pericentromere	FALSE	.
Chr4	189000	190000	497	arm	TRUE	.
Chr4	3640000	3641000	497	arm	TRUE	.
Chr4	473000	474000	497	arm	TRUE	.
Chr5	13946000	13947000	497	centromere	FALSE	.
Chr2	1509000	1510000	496	arm	TRUE	.
Chr2	2716000	2717000	496	arm	TRUE	.
Chr2	4209000	4210000	496	arm	TRUE	.
Chr2	59000	60000	496	arm	TRUE	.
Chr2	1908000	1909000	495	arm	TRUE	.
Chr2	2845000	2846000	495	arm	TRUE	.
Chr2	3303000	3304000	495	arm	TRUE	.
Chr2	3439000	3440000	495	arm	TRUE	.
Chr2	3621000	3622000	495	arm	TRUE	.
Chr2	9171000	9172000	495	pericentromere	FALSE	.
Chr4	1287000	1288000	495	arm	TRUE	.
Chr4	2671000	2672000	495	arm	TRUE	.
Chr4	2701000	2702000	495	arm	TRUE	.
Chr4	3236000	3237000	495	arm	TRUE	.
Chr4	596000	597000	495	arm	TRUE	.
Chr2	1808000	1809000	494	arm	TRUE	.
Chr2	2194000	2195000	494	arm	TRUE	.
Chr2	2974000	2975000	494	arm	TRUE	.
Chr2	447000	448000	494	arm	TRUE	.
Chr2	4520000	4521000	494	arm	TRUE	.
Chr2	559000	560000	494	arm	TRUE	.
Chr2	809000	810000	494	arm	TRUE	.
Chr2	9108000	9109000	494	pericentromere	FALSE	.
Chr2	9259000	9260000	494	pericentromere	FALSE	.
Chr2	2727000	2728000	493	arm	TRUE	.
Chr4	2283000	2284000	493	arm	TRUE	.
Chr4	2372000	2373000	493	arm	TRUE	.
Chr4	2589000	2590000	493	arm	TRUE	.
Chr4	3434000	3435000	493	arm	TRUE	.
Chr4	3585000	3586000	493	arm	TRUE	.
Chr2	2744000	2745000	492	arm	TRUE	.
Chr2	3504000	3505000	492	arm	TRUE	.
Chr2	3842000	3843000	492	arm	TRUE	.
Chr2	4154000	4155000	492	arm	TRUE	.
Chr2	4452000	4453000	492	arm	TRUE	.
Chr2	8917000	8918000	492	pericentromere	FALSE	.
Chr2	9052000	9053000	492	pericentromere	FALSE	.
Chr2	9067000	9068000	492	pericentromere	FALSE	.
Chr2	995000	996000	492	arm	TRUE	.
Chr2	1305000	1306000	491	arm	TRUE	.
Chr2	2501000	2502000	491	arm	TRUE	.
Chr2	3437000	3438000	491	arm	TRUE	.
Chr2	4378000	4379000	491	arm	TRUE	.
Chr2	4804000	4805000	491	arm	TRUE	.
Chr2	4873000	4874000	491	arm	TRUE	.
Chr4	1278000	1279000	491	arm	TRUE	.
Chr4	1895000	1896000	491	arm	TRUE	.
Chr4	566000	567000	491	arm	TRUE	.
Chr2	4504000	4505000	490	arm	TRUE	.
Chr4	1771000	1772000	490	arm	TRUE	.
Chr4	3740000	3741000	490	arm	TRUE	.
Chr4	751000	752000	490	arm	TRUE	.
Chr2	14339000	14340000	489	pericentromere	FALSE	.
Chr2	1891000	1892000	489	arm	TRUE	.
Chr2	2689000	2690000	489	arm	TRUE	.
Chr2	3343000	3344000	489	arm	TRUE	.
Chr2	443000	444000	489	arm	TRUE	.
Chr2	4458000	4459000	489	arm	TRUE	.
Chr4	1791000	1792000	489	arm	TRUE	.
Chr4	3679000	3680000	489	arm	TRUE	.
Chr5	14914000	14915000	489	centromere	FALSE	.
Chr2	1064000	1065000	488	arm	TRUE	.
Chr2	2432000	2433000	488	arm	TRUE	.
Chr2	2536000	2537000	488	arm	TRUE	.
Chr2	3112000	3113000	488	arm	TRUE	.
Chr2	4001000	4002000	488	arm	TRUE	.
Chr2	910000	911000	488	arm	TRUE	.
Chr4	3257000	3258000	488	arm	TRUE	.
Chr4	3700000	3701000	488	arm	TRUE	.
Chr2	10622000	10623000	487	centromere	FALSE	.
Chr2	1233000	1234000	487	arm	TRUE	.
Chr2	190000	191000	487	arm	TRUE	.
Chr2	4234000	4235000	487	arm	TRUE	.
Chr2	4615000	4616000	487	arm	TRUE	.
Chr2	825000	826000	487	arm	TRUE	.
Chr4	3486000	3487000	487	arm	TRUE	.
Chr2	1611000	1612000	486	arm	TRUE	.
Chr2	310000	311000	486	arm	TRUE	.
Chr2	3793000	3794000	486	arm	TRUE	.
Chr2	589000	590000	486	arm	TRUE	.
Chr2	8757000	8758000	486	pericentromere	FALSE	.
Chr2	8974000	8975000	486	pericentromere	FALSE	.
Chr2	9034000	9035000	486	pericentromere	FALSE	.
Chr4	1154000	1155000	486	arm	TRUE	.
Chr4	195000	196000	486	arm	TRUE	.
Chr4	3738000	3739000	486	arm	TRUE	.
Chr2	1969000	1970000	485	arm	TRUE	.
Chr2	2304000	2305000	485	arm	TRUE	.
Chr2	2829000	2830000	485	arm	TRUE	.
Chr2	3804000	3805000	485	arm	TRUE	.
Chr2	561000	562000	485	arm	TRUE	.
Chr2	9212000	9213000	485	pericentromere	FALSE	.
Chr4	2359000	2360000	485	arm	TRUE	.
Chr2	1057000	1058000	484	arm	TRUE	.
Chr2	1725000	1726000	484	arm	TRUE	.
Chr2	3654000	3655000	484	arm	TRUE	.
Chr2	4078000	4079000	484	arm	TRUE	.
Chr2	8822000	8823000	484	pericentromere	FALSE	.
Chr2	959000	960000	484	arm	TRUE	.
Chr4	1370000	1371000	484	arm	TRUE	.
Chr4	183000	184000	484	arm	TRUE	.
Chr4	2746000	2747000	484	arm	TRUE	.
Chr2	1163000	1164000	483	arm	TRUE	.
Chr2	4813000	4814000	483	arm	TRUE	.
Chr2	838000	839000	483	arm	TRUE	.
Chr2	8990000	8991000	483	pericentromere	FALSE	.
Chr4	1867000	1868000	483	arm	TRUE	.
Chr4	3616000	3617000	483	arm	TRUE	.
Chr4	3703000	3704000	483	arm	TRUE	.
Chr4	874000	875000	483	arm	TRUE	.
Chr2	1552000	1553000	482	arm	TRUE	.
Chr2	3017000	3018000	482	arm	TRUE	.
Chr2	4197000	4198000	482	arm	TRUE	.
Chr4	3017000	3018000	482	arm	TRUE	.
Chr4	3199000	3200000	482	arm	TRUE	.
Chr4	605000	606000	482	arm	TRUE	.
Chr2	3378000	3379000	481	arm	TRUE	.
Chr4	1008000	1009000	481	arm	TRUE	.
Chr4	2826000	2827000	481	arm	TRUE	.
Chr4	40000	41000	481	arm	TRUE	.
Chr2	2901000	2902000	480	arm	TRUE	.
Chr2	5154000	5155000	480	arm	TRUE	.
Chr4	2015000	2016000	480	arm	TRUE	.
Chr4	503000	504000	480	arm	TRUE	.
Chr4	607000	608000	480	arm	TRUE	.
Chr2	1131000	1132000	479	arm	TRUE	.
Chr2	1407000	1408000	479	arm	TRUE	.
Chr2	2241000	2242000	479	arm	TRUE	.
Chr2	2975000	2976000	479	arm	TRUE	.
Chr2	3990000	3991000	479	arm	TRUE	.
Chr2	4101000	4102000	479	arm	TRUE	.
Chr2	4326000	4327000	479	arm	TRUE	.
Chr2	9204000	9205000	479	pericentromere	FALSE	.
Chr2	9215000	9216000	479	pericentromere	FALSE	.
Chr2	9270000	9271000	479	pericentromere	FALSE	.
Chr4	1600000	1601000	479	arm	TRUE	.
Chr4	1812000	1813000	479	arm	TRUE	.
Chr4	3599000	3600000	479	arm	TRUE	.
Chr2	2455000	2456000	478	arm	TRUE	.
Chr2	3181000	3182000	478	arm	TRUE	.
Chr2	3487000	3488000	478	arm	TRUE	.
Chr2	4097000	4098000	478	arm	TRUE	.
Chr2	4331000	4332000	478	arm	TRUE	.
Chr2	8855000	8856000	478	pericentromere	FALSE	.
Chr4	14000	15000	478	arm	TRUE	.
Chr4	410000	411000	478	arm	TRUE	.
Chr5	14461000	14462000	478	centromere	FALSE	.
Chr2	1746000	1747000	477	arm	TRUE	.
Chr2	3626000	3627000	477	arm	TRUE	.
Chr2	440000	441000	477	arm	TRUE	.
Chr4	2481000	2482000	477	arm	TRUE	.
Chr4	41000	42000	477	arm	TRUE	.
Chr2	3004000	3005000	476	arm	TRUE	.
Chr2	3041000	3042000	476	arm	TRUE	.
Chr2	49000	50000	476	arm	TRUE	.
Chr2	8884000	8885000	476	pericentromere	FALSE	.
Chr4	2411000	2412000	476	arm	TRUE	.
Chr4	3737000	3738000	476	arm	TRUE	.
Chr2	1096000	1097000	475	arm	TRUE	.
Chr2	2883000	2884000	475	arm	TRUE	.
Chr2	5400000	5401000	475	arm	TRUE	.
Chr2	70000	71000	475	arm	TRUE	.
Chr2	8803000	8804000	475	pericentromere	FALSE	.
Chr4	1309000	1310000	475	arm	TRUE	.
Chr4	400000	401000	475	arm	TRUE	.
Chr2	1205000	1206000	474	arm	TRUE	.
Chr2	1393000	1394000	474	arm	TRUE	.
Chr2	1743000	1744000	474	arm	TRUE	.
Chr2	1821000	1822000	474	arm	TRUE	.
Chr2	2729000	2730000	474	arm	TRUE	.
Chr2	3168000	3169000	474	arm	TRUE	.
Chr2	3712000	3713000	474	arm	TRUE	.
Chr2	4733000	4734000	474	arm	TRUE	.
Chr2	9126000	9127000	474	pericentromere	FALSE	.
Chr4	1772000	1773000	474	arm	TRUE	.
Chr4	876000	877000	474	arm	TRUE	.
Chr2	1545000	1546000	473	arm	TRUE	.
Chr2	1886000	1887000	473	arm	TRUE	.
Chr2	2538000	2539000	473	arm	TRUE	.
Chr2	4370000	4371000	473	arm	TRUE	.
Chr2	632000	633000	473	arm	TRUE	.
Chr4	10216000	10217000	473	centromere	FALSE	.
Chr4	2419000	2420000	473	arm	TRUE	.
Chr4	3459000	3460000	473	arm	TRUE	.
Chr2	2223000	2224000	472	arm	TRUE	.
Chr2	3364000	3365000	472	arm	TRUE	.
Chr2	3567000	3568000	472	arm	TRUE	.
Chr2	4193000	4194000	472	arm	TRUE	.
Chr2	4768000	4769000	472	arm	TRUE	.
Chr2	9239000	9240000	472	pericentromere	FALSE	.
Chr2	9244000	9245000	472	pericentromere	FALSE	.
Chr4	3153000	3154000	472	arm	TRUE	.
Chr2	1896000	1897000	471	arm	TRUE	.
Chr2	3468000	3469000	471	arm	TRUE	.
Chr2	4303000	4304000	471	arm	TRUE	.
Chr2	481000	482000	471	arm	TRUE	.
Chr2	5404000	5405000	471	arm	TRUE	.
Chr2	1338000	1339000	470	arm	TRUE	.
Chr2	1932000	1933000	470	arm	TRUE	.
Chr2	2481000	2482000	470	arm	TRUE	.
Chr2	2821000	2822000	470	arm	TRUE	.
Chr2	4115000	4116000	470	arm	TRUE	.
Chr2	4314000	4315000	470	arm	TRUE	.
Chr2	785000	786000	470	arm	TRUE	.
Chr2	8689000	8690000	470	pericentromere	FALSE	.
Chr4	2360000	2361000	470	arm	TRUE	.
Chr4	256000	257000	470	arm	TRUE	.
Chr4	3584000	3585000	470	arm	TRUE	.
Chr4	3615000	3616000	470	arm	TRUE	.
Chr4	3768000	3769000	470	arm	TRUE	.
Chr4	441000	442000	470	arm	TRUE	.
Chr1	14802000	14803000	469	pericentromere	FALSE	.
Chr2	1168000	1169000	469	arm	TRUE	.
Chr2	1223000	1224000	469	arm	TRUE	.
Chr2	2563000	2564000	469	arm	TRUE	.
Chr2	2703000	2704000	469	arm	TRUE	.
Chr2	4365000	4366000	469	arm	TRUE	.
Chr2	4475000	4476000	469	arm	TRUE	.
Chr2	5286000	5287000	469	arm	TRUE	.
Chr2	795000	796000	469	arm	TRUE	.
Chr2	8968000	8969000	469	pericentromere	FALSE	.
Chr2	900000	901000	469	arm	TRUE	.
Chr4	1368000	1369000	469	arm	TRUE	.
Chr4	708000	709000	469	arm	TRUE	.
Chr2	1025000	1026000	468	arm	TRUE	.
Chr2	1191000	1192000	468	arm	TRUE	.
Chr2	1972000	1973000	468	arm	TRUE	.
Chr2	3055000	3056000	468	arm	TRUE	.
Chr2	3220000	3221000	468	arm	TRUE	.
Chr2	3893000	3894000	468	arm	TRUE	.
Chr2	5021000	5022000	468	arm	TRUE	.
Chr2	5371000	5372000	468	arm	TRUE	.
Chr2	8666000	8667000	468	pericentromere	FALSE	.
Chr4	1559000	1560000	468	arm	TRUE	.
Chr4	2988000	2989000	468	arm	TRUE	.
Chr4	3162000	3163000	468	arm	TRUE	.
Chr4	3381000	3382000	468	arm	TRUE	.
Chr2	379000	380000	467	arm	TRUE	.
Chr2	4304000	4305000	467	arm	TRUE	.
Chr2	4337000	4338000	467	arm	TRUE	.
Chr2	5339000	5340000	467	arm	TRUE	.
Chr2	907000	908000	467	arm	TRUE	.
Chr2	9225000	9226000	467	pericentromere	FALSE	.
Chr4	1803000	1804000	467	arm	TRUE	.
Chr4	3175000	3176000	467	arm	TRUE	.
Chr2	2913000	2914000	466	arm	TRUE	.
Chr2	3015000	3016000	466	arm	TRUE	.
Chr2	3179000	3180000	466	arm	TRUE	.
Chr2	3460000	3461000	466	arm	TRUE	.
Chr2	3748000	3749000	466	arm	TRUE	.
Chr2	8831000	8832000	466	pericentromere	FALSE	.
Chr2	911000	912000	466	arm	TRUE	.
Chr4	221000	222000	466	arm	TRUE	.
Chr4	2366000	2367000	466	arm	TRUE	.
Chr2	2110000	2111000	465	arm	TRUE	.
Chr2	2160000	2161000	465	arm	TRUE	.
Chr2	2353000	2354000	465	arm	TRUE	.
Chr2	3182000	3183000	465	arm	TRUE	.
Chr2	3904000	3905000	465	arm	TRUE	.
Chr2	5239000	5240000	465	arm	TRUE	.
Chr2	8769000	8770000	465	pericentromere	FALSE	.
Chr2	8970000	8971000	465	pericentromere	FALSE	.
Chr4	114000	115000	465	arm	TRUE	.
Chr2	1861000	1862000	464	arm	TRUE	.
Chr2	4885000	4886000	464	arm	TRUE	.
Chr2	8962000	8963000	464	pericentromere	FALSE	.
Chr4	1190000	1191000	464	arm	TRUE	.
Chr4	1319000	1320000	464	arm	TRUE	.
Chr4	1389000	1390000	464	arm	TRUE	.
Chr4	1526000	1527000	464	arm	TRUE	.
Chr4	2067000	2068000	464	arm	TRUE	.
Chr4	650000	651000	464	arm	TRUE	.
Chr2	141000	142000	463	arm	TRUE	.
Chr2	2633000	2634000	463	arm	TRUE	.
Chr2	4679000	4680000	463	arm	TRUE	.
Chr2	5360000	5361000	463	arm	TRUE	.
Chr2	751000	752000	463	arm	TRUE	.
Chr2	8776000	8777000	463	pericentromere	FALSE	.
Chr4	2152000	2153000	463	arm	TRUE	.
Chr4	2665000	2666000	463	arm	TRUE	.
Chr4	3521000	3522000	463	arm	TRUE	.
Chr4	3787000	3788000	463	arm	TRUE	.
Chr2	1736000	1737000	462	arm	TRUE	.
Chr2	1853000	1854000	462	arm	TRUE	.
Chr2	2325000	2326000	462	arm	TRUE	.
Chr2	2613000	2614000	462	arm	TRUE	.
Chr2	4359000	4360000	462	arm	TRUE	.
Chr2	601000	602000	462	arm	TRUE	.
Chr4	1816000	1817000	462	arm	TRUE	.
Chr4	2068000	2069000	462	arm	TRUE	.
Chr4	2151000	2152000	462	arm	TRUE	.
Chr4	2531000	2532000	462	arm	TRUE	.
Chr4	3215000	3216000	462	arm	TRUE	.
Chr4	3548000	3549000	462	arm	TRUE	.
Chr2	1269000	1270000	461	arm	TRUE	.
Chr2	2045000	2046000	461	arm	TRUE	.
Chr2	3096000	3097000	461	arm	TRUE	.
Chr2	4934000	4935000	461	arm	TRUE	.
Chr2	600000	601000	461	arm	TRUE	.
Chr2	8924000	8925000	461	pericentromere	FALSE	.
Chr4	1482000	1483000	461	arm	TRUE	.
Chr4	2328000	2329000	461	arm	TRUE	.
Chr4	2555000	2556000	461	arm	TRUE	.
Chr2	2083000	2084000	460	arm	TRUE	.
Chr2	3231000	3232000	460	arm	TRUE	.
Chr2	4500000	4501000	460	arm	TRUE	.
Chr2	581000	582000	460	arm	TRUE	.
Chr2	724000	725000	460	arm	TRUE	.
Chr4	906000	907000	460	arm	TRUE	.
Chr5	12053000	12054000	460	pericentromere	FALSE	AT5G69499
Chr2	1308000	1309000	459	arm	TRUE	.
Chr2	1661000	1662000	459	arm	TRUE	.
Chr2	1738000	1739000	459	arm	TRUE	.
Chr2	1875000	1876000	459	arm	TRUE	.
Chr2	3576000	3577000	459	arm	TRUE	.
Chr2	3931000	3932000	459	arm	TRUE	.
Chr2	4669000	4670000	459	arm	TRUE	.
Chr2	510000	511000	459	arm	TRUE	.
Chr4	2809000	2810000	459	arm	TRUE	.
Chr4	2936000	2937000	459	arm	TRUE	.
Chr5	10258000	10259000	459	pericentromere	FALSE	.
Chr2	1237000	1238000	458	arm	TRUE	.
Chr2	2338000	2339000	458	arm	TRUE	.
Chr2	2531000	2532000	458	arm	TRUE	.
Chr2	2769000	2770000	458	arm	TRUE	.
Chr2	283000	284000	458	arm	TRUE	.
Chr2	3511000	3512000	458	arm	TRUE	.
Chr2	4446000	4447000	458	arm	TRUE	.
Chr2	9222000	9223000	458	pericentromere	FALSE	.
Chr4	1014000	1015000	458	arm	TRUE	.
Chr4	3600000	3601000	458	arm	TRUE	.
Chr4	3739000	3740000	458	arm	TRUE	.
Chr2	2331000	2332000	457	arm	TRUE	.
Chr4	296000	297000	457	arm	TRUE	.
Chr4	3769000	3770000	457	arm	TRUE	.
Chr2	3045000	3046000	456	arm	TRUE	.
Chr2	3835000	3836000	456	arm	TRUE	.
Chr2	4181000	4182000	456	arm	TRUE	.
Chr4	1369000	1370000	456	arm	TRUE	.
Chr2	1127000	1128000	455	arm	TRUE	.
Chr2	1201000	1202000	455	arm	TRUE	.
Chr2	1244000	1245000	455	arm	TRUE	.
Chr2	5112000	5113000	455	arm	TRUE	.
Chr2	5212000	5213000	455	arm	TRUE	.
Chr2	8767000	8768000	455	pericentromere	FALSE	.
Chr4	1194000	1195000	455	arm	TRUE	.
Chr4	174000	175000	455	arm	TRUE	.
Chr4	3101000	3102000	455	arm	TRUE	.
Chr1	17627000	17628000	454	pericentromere	FALSE	.
Chr2	156000	157000	454	arm	TRUE	.
Chr2	4010000	4011000	454	arm	TRUE	.
Chr2	5136000	5137000	454	arm	TRUE	.
Chr2	8688000	8689000	454	pericentromere	FALSE	.
Chr2	9257000	9258000	454	pericentromere	FALSE	.
Chr4	2019000	2020000	454	arm	TRUE	.
Chr4	3710000	3711000	454	arm	TRUE	.
Chr4	689000	690000	454	arm	TRUE	.
Chr2	403000	404000	453	arm	TRUE	.
Chr2	4493000	4494000	453	arm	TRUE	.
Chr4	1783000	1784000	453	arm	TRUE	.
Chr4	2493000	2494000	453	arm	TRUE	.
Chr4	286000	287000	453	arm	TRUE	.
Chr4	3354000	3355000	453	arm	TRUE	.
Chr4	553000	554000	453	arm	TRUE	.
Chr5	10261000	10262000	453	pericentromere	FALSE	.
Chr2	1541000	1542000	452	arm	TRUE	.
Chr2	2019000	2020000	452	arm	TRUE	.
Chr2	2450000	2451000	452	arm	TRUE	.
Chr2	4476000	4477000	452	arm	TRUE	.
Chr2	4814000	4815000	452	arm	TRUE	.
Chr2	5183000	5184000	452	arm	TRUE	.
Chr2	9205000	9206000	452	pericentromere	FALSE	.
Chr2	9289000	9290000	452	pericentromere	FALSE	.
Chr4	2412000	2413000	452	arm	TRUE	.
Chr4	2931000	2932000	452	arm	TRUE	.
Chr4	3790000	3791000	452	arm	TRUE	.
Chr2	2225000	2226000	451	arm	TRUE	.
Chr2	5293000	5294000	451	arm	TRUE	.
Chr2	8918000	8919000	451	pericentromere	FALSE	.
Chr4	1380000	1381000	451	arm	TRUE	.
Chr4	1868000	1869000	451	arm	TRUE	.
Chr4	3345000	3346000	451	arm	TRUE	.
Chr4	384000	385000	451	arm	TRUE	.
Chr4	885000	886000	451	arm	TRUE	.
Chr2	2092000	2093000	450	arm	TRUE	.
Chr2	2576000	2577000	450	arm	TRUE	.
Chr2	2591000	2592000	450	arm	TRUE	.
Chr2	2952000	2953000	450	arm	TRUE	.
Chr2	3734000	3735000	450	arm	TRUE	.
Chr2	627000	628000	450	arm	TRUE	.
Chr2	800000	801000	450	arm	TRUE	.
Chr2	9128000	9129000	450	pericentromere	FALSE	.
Chr4	103000	104000	450	arm	TRUE	.
Chr4	3485000	3486000	450	arm	TRUE	.
Chr2	1266000	1267000	449	arm	TRUE	.
Chr2	234000	235000	449	arm	TRUE	.
Chr2	3252000	3253000	449	arm	TRUE	.
Chr2	3463000	3464000	449	arm	TRUE	.
Chr2	3521000	3522000	449	arm	TRUE	.
Chr2	3924000	3925000	449	arm	TRUE	.
Chr2	4278000	4279000	449	arm	TRUE	.
Chr2	4400000	4401000	449	arm	TRUE	.
Chr2	5228000	5229000	449	arm	TRUE	.
Chr2	9080000	9081000	449	pericentromere	FALSE	.
Chr2	9115000	9116000	449	pericentromere	FALSE	.
Chr2	1680000	1681000	448	arm	TRUE	.
Chr2	2849000	2850000	448	arm	TRUE	.
Chr2	322000	323000	448	arm	TRUE	.
Chr2	4562000	4563000	448	arm	TRUE	.
Chr2	735000	736000	448	arm	TRUE	.
Chr4	3113000	3114000	448	arm	TRUE	.
Chr5	15051000	15052000	448	centromere	FALSE	AT5G69571
Chr2	1066000	1067000	447	arm	TRUE	.
Chr2	3302000	3303000	447	arm	TRUE	.
Chr2	4508000	4509000	447	arm	TRUE	.
Chr2	4629000	4630000	447	arm	TRUE	.
Chr2	784000	785000	447	arm	TRUE	.
Chr2	98000	99000	447	arm	TRUE	.
Chr4	2850000	2851000	447	arm	TRUE	.
Chr4	3513000	3514000	447	arm	TRUE	.
Chr2	1651000	1652000	446	arm	TRUE	.
Chr2	1883000	1884000	446	arm	TRUE	.
Chr2	2999000	3000000	446	arm	TRUE	.
Chr2	3323000	3324000	446	arm	TRUE	.
Chr2	3629000	3630000	446	arm	TRUE	.
Chr2	8908000	8909000	446	pericentromere	FALSE	.
Chr2	9217000	9218000	446	pericentromere	FALSE	.
Chr4	1420000	1421000	446	arm	TRUE	.
Chr4	411000	412000	446	arm	TRUE	.
Chr2	109000	110000	445	arm	TRUE	.
Chr2	2484000	2485000	445	arm	TRUE	.
Chr2	2517000	2518000	445	arm	TRUE	.
Chr2	2520000	2521000	445	arm	TRUE	.
Chr2	4375000	4376000	445	arm	TRUE	.
Chr2	4575000	4576000	445	arm	TRUE	.
Chr2	4650000	4651000	445	arm	TRUE	.
Chr2	8771000	8772000	445	pericentromere	FALSE	.
Chr2	9036000	9037000	445	pericentromere	FALSE	.
Chr4	1379000	1380000	445	arm	TRUE	.
Chr4	1626000	1627000	445	arm	TRUE	.
Chr4	3256000	3257000	445	arm	TRUE	.
Chr2	1171000	1172000	444	arm	TRUE	.
Chr2	159000	160000	444	arm	TRUE	.
Chr2	2568000	2569000	444	arm	TRUE	.
Chr2	2977000	2978000	444	arm	TRUE	.
Chr2	4033000	4034000	444	arm	TRUE	.
Chr2	4111000	4112000	444	arm	TRUE	.
Chr2	8937000	8938000	444	pericentromere	FALSE	.
Chr4	519000	520000	444	arm	TRUE	.
Chr4	7040000	7041000	444	pericentromere	FALSE	.
Chr2	1318000	1319000	443	arm	TRUE	.
Chr2	2358000	2359000	443	arm	TRUE	.
Chr2	2919000	2920000	443	arm	TRUE	.
Chr2	356000	357000	443	arm	TRUE	.
Chr2	3637000	3638000	443	arm	TRUE	.
Chr2	4357000	4358000	443	arm	TRUE	.
Chr2	649000	650000	443	arm	TRUE	.
Chr2	8717000	8718000	443	pericentromere	FALSE	.
Chr2	8749000	8750000	443	pericentromere	FALSE	.
Chr4	1009000	1010000	443	arm	TRUE	.
Chr4	3680000	3681000	443	arm	TRUE	.
Chr4	803000	804000	443	arm	TRUE	.
Chr2	1159000	1160000	442	arm	TRUE	.
Chr2	1277000	1278000	442	arm	TRUE	.
Chr2	2375000	2376000	442	arm	TRUE	.
Chr2	2491000	2492000	442	arm	TRUE	.
Chr2	5042000	5043000	442	arm	TRUE	.
Chr2	5080000	5081000	442	arm	TRUE	.
Chr2	560000	561000	442	arm	TRUE	.
Chr2	866000	867000	442	arm	TRUE	.
Chr2	8667000	8668000	442	pericentromere	FALSE	.
Chr4	113000	114000	442	arm	TRUE	.
Chr4	1433000	1434000	442	arm	TRUE	.
Chr4	1648000	1649000	442	arm	TRUE	.
Chr4	2593000	2594000	442	arm	TRUE	.
Chr4	918000	919000	442	arm	TRUE	.
Chr5	11662000	11663000	442	pericentromere	FALSE	.
Chr1	13669000	13670000	441	pericentromere	FALSE	.
Chr2	2867000	2868000	441	arm	TRUE	.
Chr2	3438000	3439000	441	arm	TRUE	.
Chr2	3898000	3899000	441	arm	TRUE	.
Chr2	4312000	4313000	441	arm	TRUE	.
Chr2	4389000	4390000	441	arm	TRUE	.
Chr2	5362000	5363000	441	arm	TRUE	.
Chr2	666000	667000	441	arm	TRUE	.
Chr4	1041000	1042000	441	arm	TRUE	.
Chr4	669000	670000	441	arm	TRUE	.
Chr4	720000	721000	441	arm	TRUE	.
Chr5	18591000	18592000	441	pericentromere	FALSE	AT5G69776
Chr2	1597000	1598000	440	arm	TRUE	.
Chr2	1973000	1974000	440	arm	TRUE	.
Chr2	3078000	3079000	440	arm	TRUE	.
Chr2	3186000	3187000	440	arm	TRUE	.
Chr2	3879000	3880000	440	arm	TRUE	.
Chr2	395000	396000	440	arm	TRUE	.
Chr2	4052000	4053000	440	arm	TRUE	.
Chr2	1031000	1032000	439	arm	TRUE	.
Chr2	1058000	1059000	439	arm	TRUE	.
Chr4	13706000	13707000	439	arm	FALSE	.
Chr4	255000	256000	439	arm	TRUE	.
Chr4	3382000	3383000	439	arm	TRUE	.
Chr4	987000	988000	439	arm	TRUE	.
Chr4	988000	989000	439	arm	TRUE	.
Chr2	1181000	1182000	438	arm	TRUE	.
Chr2	1779000	1780000	438	arm	TRUE	.
Chr2	1843000	1844000	438	arm	TRUE	.
Chr2	2173000	2174000	438	arm	TRUE	.
Chr2	5167000	5168000	438	arm	TRUE	.
Chr2	8760000	8761000	438	pericentromere	FALSE	.
Chr4	1564000	1565000	438	arm	TRUE	.
Chr4	2112000	2113000	438	arm	TRUE	.
Chr4	2552000	2553000	438	arm	TRUE	.
Chr4	581000	582000	438	arm	TRUE	.
Chr2	1616000	1617000	437	arm	TRUE	.
Chr2	2303000	2304000	437	arm	TRUE	.
Chr2	3601000	3602000	437	arm	TRUE	.
Chr2	3996000	3997000	437	arm	TRUE	.
Chr2	4235000	4236000	437	arm	TRUE	.
Chr2	4371000	4372000	437	arm	TRUE	.
Chr2	4569000	4570000	437	arm	TRUE	.
Chr2	4594000	4595000	437	arm	TRUE	.
Chr2	9105000	9106000	437	pericentromere	FALSE	.
Chr4	1076000	1077000	437	arm	TRUE	.
Chr4	133000	134000	437	arm	TRUE	.
Chr4	2448000	2449000	437	arm	TRUE	.
Chr2	1312000	1313000	436	arm	TRUE	.
Chr2	3377000	3378000	436	arm	TRUE	.
Chr2	3768000	3769000	436	arm	TRUE	.
Chr2	951000	952000	436	arm	TRUE	.
Chr4	1810000	1811000	436	arm	TRUE	.
Chr4	2016000	2017000	436	arm	TRUE	.
Chr4	220000	221000	436	arm	TRUE	.
Chr4	3163000	3164000	436	arm	TRUE	.
Chr2	2125000	2126000	435	arm	TRUE	.
Chr2	2226000	2227000	435	arm	TRUE	.
Chr2	2259000	2260000	435	arm	TRUE	.
Chr2	4552000	4553000	435	arm	TRUE	.
Chr2	502000	503000	435	arm	TRUE	.
Chr2	639000	640000	435	arm	TRUE	.
Chr2	9285000	9286000	435	pericentromere	FALSE	.
Chr4	3221000	3222000	435	arm	TRUE	.
Chr4	3747000	3748000	435	arm	TRUE	.
Chr4	749000	750000	435	arm	TRUE	.
Chr4	849000	850000	435	arm	TRUE	.
Chr2	11000	12000	434	arm	TRUE	.
Chr2	1508000	1509000	434	arm	TRUE	.
Chr2	196000	197000	434	arm	TRUE	.
Chr2	2470000	2471000	434	arm	TRUE	.
Chr2	2622000	2623000	434	arm	TRUE	.
Chr2	433000	434000	434	arm	TRUE	.
Chr2	708000	709000	434	arm	TRUE	.
Chr2	8915000	8916000	434	pericentromere	FALSE	.
Chr4	3054000	3055000	434	arm	TRUE	.
Chr2	1023000	1024000	433	arm	TRUE	.
Chr2	1846000	1847000	433	arm	TRUE	.
Chr2	2838000	2839000	433	arm	TRUE	.
Chr2	2932000	2933000	433	arm	TRUE	.
Chr2	4712000	4713000	433	arm	TRUE	.
Chr2	4982000	4983000	433	arm	TRUE	.
Chr2	5407000	5408000	433	arm	TRUE	.
Chr2	8671000	8672000	433	pericentromere	FALSE	.
Chr4	1347000	1348000	433	arm	TRUE	.
Chr4	420000	421000	433	arm	TRUE	.
Chr4	884000	885000	433	arm	TRUE	.
Chr2	1330000	1331000	432	arm	TRUE	.
Chr2	1637000	1638000	432	arm	TRUE	.
Chr2	2577000	2578000	432	arm	TRUE	.
Chr2	3910000	3911000	432	arm	TRUE	.
Chr2	4433000	4434000	432	arm	TRUE	.
Chr2	860000	861000	432	arm	TRUE	.
Chr2	861000	862000	432	arm	TRUE	.
Chr2	8736000	8737000	432	pericentromere	FALSE	.
Chr4	1288000	1289000	432	arm	TRUE	.
Chr4	245000	246000	432	arm	TRUE	.
Chr4	3526000	3527000	432	arm	TRUE	.
Chr4	3670000	3671000	432	arm	TRUE	.
Chr4	3832000	3833000	432	arm	TRUE	.
Chr5	14916000	14917000	432	centromere	FALSE	.
Chr2	1317000	1318000	431	arm	TRUE	.
Chr2	1566000	1567000	431	arm	TRUE	.
Chr2	2082000	2083000	431	arm	TRUE	.
Chr2	2643000	2644000	431	arm	TRUE	.
Chr2	4686000	4687000	431	arm	TRUE	.
Chr4	1042000	1043000	431	arm	TRUE	.
Chr4	1174000	1175000	431	arm	TRUE	.
Chr4	1789000	1790000	431	arm	TRUE	.
Chr4	3532000	3533000	431	arm	TRUE	.
Chr4	659000	660000	431	arm	TRUE	.
Chr2	1715000	1716000	430	arm	TRUE	.
Chr2	2387000	2388000	430	arm	TRUE	.
Chr2	4265000	4266000	430	arm	TRUE	.
Chr2	4497000	4498000	430	arm	TRUE	.
Chr2	4903000	4904000	430	arm	TRUE	.
Chr2	71000	72000	430	arm	TRUE	.
Chr2	864000	865000	430	arm	TRUE	.
Chr2	8681000	8682000	430	pericentromere	FALSE	.
Chr2	8941000	8942000	430	pericentromere	FALSE	.
Chr4	2399000	2400000	430	arm	TRUE	.
Chr5	10780000	10781000	430	pericentromere	FALSE	.
Chr2	1149000	1150000	429	arm	TRUE	.
Chr2	1194000	1195000	429	arm	TRUE	.
Chr2	1375000	1376000	429	arm	TRUE	.
Chr2	1629000	1630000	429	arm	TRUE	.
Chr2	2335000	2336000	429	arm	TRUE	.
Chr2	2859000	2860000	429	arm	TRUE	.
Chr2	2976000	2977000	429	arm	TRUE	.
Chr2	3589000	3590000	429	arm	TRUE	.
Chr2	4576000	4577000	429	arm	TRUE	.
Chr2	4630000	4631000	429	arm	TRUE	.
Chr2	9053000	9054000	429	pericentromere	FALSE	.
Chr4	148000	149000	429	arm	TRUE	.
Chr2	1693000	1694000	428	arm	TRUE	.
Chr2	1999000	2000000	428	arm	TRUE	.
Chr2	2009000	2010000	428	arm	TRUE	.
Chr2	2361000	2362000	428	arm	TRUE	.
Chr2	2788000	2789000	428	arm	TRUE	.
Chr2	325000	326000	428	arm	TRUE	.
Chr2	438000	439000	428	arm	TRUE	.
Chr2	9242000	9243000	428	pericentromere	FALSE	.
Chr4	1223000	1224000	428	arm	TRUE	.
Chr4	1625000	1626000	428	arm	TRUE	.
Chr4	586000	587000	428	arm	TRUE	.
Chr2	4201000	4202000	427	arm	TRUE	.
Chr2	4658000	4659000	427	arm	TRUE	.
Chr2	599000	600000	427	arm	TRUE	.
Chr2	8964000	8965000	427	pericentromere	FALSE	.
Chr4	2250000	2251000	427	arm	TRUE	.
Chr4	3018000	3019000	427	arm	TRUE	.
Chr2	137000	138000	426	arm	TRUE	.
Chr2	4044000	4045000	426	arm	TRUE	.
Chr2	9229000	9230000	426	pericentromere	FALSE	.
Chr4	1822000	1823000	426	arm	TRUE	.
Chr4	2203000	2204000	426	arm	TRUE	.
Chr4	431000	432000	426	arm	TRUE	.
Chr4	484000	485000	426	arm	TRUE	.
Chr2	1327000	1328000	425	arm	TRUE	.
Chr2	180000	181000	425	arm	TRUE	.
Chr2	2250000	2251000	425	arm	TRUE	.
Chr2	2541000	2542000	425	arm	TRUE	.
Chr2	3868000	3869000	425	arm	TRUE	.
Chr2	4245000	4246000	425	arm	TRUE	.
Chr2	4443000	4444000	425	arm	TRUE	.
Chr2	4637000	4638000	425	arm	TRUE	.
Chr2	896000	897000	425	arm	TRUE	.
Chr4	1261000	1262000	425	arm	TRUE	.
Chr4	28000	29000	425	arm	TRUE	.
Chr4	875000	876000	425	arm	TRUE	.
Chr2	1413000	1414000	424	arm	TRUE	.
Chr2	2614000	2615000	424	arm	TRUE	.
Chr2	3234000	3235000	424	arm	TRUE	.
Chr2	3639000	3640000	424	arm	TRUE	.
Chr2	4518000	4519000	424	arm	TRUE	.
Chr5	10264000	10265000	424	pericentromere	FALSE	.
Chr2	1037000	1038000	423	arm	TRUE	.
Chr2	2429000	2430000	423	arm	TRUE	.
Chr2	2743000	2744000	423	arm	TRUE	.
Chr2	3632000	3633000	423	arm	TRUE	.
Chr2	4484000	4485000	423	arm	TRUE	.
Chr2	4674000	4675000	423	arm	TRUE	.
Chr4	1258000	1259000	423	arm	TRUE	.
Chr4	172000	173000	423	arm	TRUE	.
Chr4	2470000	2471000	423	arm	TRUE	.
Chr4	2817000	2818000	423	arm	TRUE	.
Chr5	12414000	12415000	423	centromere	FALSE	.
Chr2	1553000	1554000	422	arm	TRUE	.
Chr2	2407000	2408000	422	arm	TRUE	.
Chr2	3501000	3502000	422	arm	TRUE	.
Chr2	3555000	3556000	422	arm	TRUE	.
Chr2	3721000	3722000	422	arm	TRUE	.
Chr2	9252000	9253000	422	pericentromere	FALSE	.
Chr2	9264000	9265000	422	pericentromere	FALSE	.
Chr4	10217000	10218000	422	centromere	FALSE	.
Chr4	52000	53000	422	arm	TRUE	.
Chr4	711000	712000	422	arm	TRUE	.
Chr2	1225000	1226000	421	arm	TRUE	.
Chr2	12580000	12581000	421	pericentromere	FALSE	.
Chr2	2145000	2146000	421	arm	TRUE	.
Chr2	2657000	2658000	421	arm	TRUE	.
Chr2	3158000	3159000	421	arm	TRUE	.
Chr2	3210000	3211000	421	arm	TRUE	.
Chr2	362000	363000	421	arm	TRUE	.
Chr2	3894000	3895000	421	arm	TRUE	.
Chr4	1451000	1452000	421	arm	TRUE	.
Chr4	2902000	2903000	421	arm	TRUE	.
Chr5	13261000	13262000	421	centromere	FALSE	.
Chr2	3534000	3535000	420	arm	TRUE	.
Chr2	3668000	3669000	420	arm	TRUE	.
Chr2	3891000	3892000	420	arm	TRUE	.
Chr2	4422000	4423000	420	arm	TRUE	.
Chr2	8928000	8929000	420	pericentromere	FALSE	.
Chr2	8953000	8954000	420	pericentromere	FALSE	.
Chr2	9241000	9242000	420	pericentromere	FALSE	.
Chr4	1214000	1215000	420	arm	TRUE	.
Chr4	1558000	1559000	420	arm	TRUE	.
Chr2	1757000	1758000	419	arm	TRUE	.
Chr2	4541000	4542000	419	arm	TRUE	.
Chr2	4940000	4941000	419	arm	TRUE	.
Chr2	9041000	9042000	419	pericentromere	FALSE	.
Chr2	9294000	9295000	419	pericentromere	FALSE	.
Chr2	957000	958000	419	arm	TRUE	.
Chr2	1298000	1299000	418	arm	TRUE	.
Chr2	1946000	1947000	418	arm	TRUE	.
Chr2	250000	251000	418	arm	TRUE	.
Chr2	2675000	2676000	418	arm	TRUE	.
Chr2	3434000	3435000	418	arm	TRUE	.
Chr2	3503000	3504000	418	arm	TRUE	.
Chr2	3612000	3613000	418	arm	TRUE	.
Chr2	8794000	8795000	418	pericentromere	FALSE	.
Chr2	9234000	9235000	418	pericentromere	FALSE	.
Chr4	2375000	2376000	418	arm	TRUE	.
Chr4	3678000	3679000	418	arm	TRUE	.
Chr4	3816000	3817000	418	arm	TRUE	.
Chr2	128000	129000	417	arm	TRUE	.
Chr2	2731000	2732000	417	arm	TRUE	.
Chr2	280000	281000	417	arm	TRUE	.
Chr2	3857000	3858000	417	arm	TRUE	.
Chr2	4334000	4335000	417	arm	TRUE	.
Chr2	4454000	4455000	417	arm	TRUE	.
Chr2	766000	767000	417	arm	TRUE	.
Chr4	1045000	1046000	417	arm	TRUE	.
Chr4	246000	247000	417	arm	TRUE	.
Chr4	3809000	3810000	417	arm	TRUE	.
Chr5	10255000	10256000	417	pericentromere	FALSE	.
Chr2	1811000	1812000	416	arm	TRUE	.
Chr2	2184000	2185000	416	arm	TRUE	.
Chr2	2757000	2758000	416	arm	TRUE	.
Chr2	3749000	3750000	416	arm	TRUE	.
Chr2	4192000	4193000	416	arm	TRUE	.
Chr2	4455000	4456000	416	arm	TRUE	.
Chr2	460000	461000	416	arm	TRUE	.
Chr2	4672000	4673000	416	arm	TRUE	.
Chr3	7809000	7810000	416	arm	FALSE	AT3G22125
Chr4	2479000	2480000	416	arm	TRUE	.
Chr4	3714000	3715000	416	arm	TRUE	.
Chr2	3148000	3149000	415	arm	TRUE	.
Chr2	4024000	4025000	415	arm	TRUE	.
Chr2	4087000	4088000	415	arm	TRUE	.
Chr2	4236000	4237000	415	arm	TRUE	.
Chr2	4381000	4382000	415	arm	TRUE	.
Chr2	4479000	4480000	415	arm	TRUE	.
Chr2	549000	550000	415	arm	TRUE	.
Chr2	9188000	9189000	415	pericentromere	FALSE	.
Chr2	930000	931000	415	arm	TRUE	.
Chr2	992000	993000	415	arm	TRUE	.
Chr4	546000	547000	415	arm	TRUE	.
Chr2	1778000	1779000	414	arm	TRUE	.
Chr2	2034000	2035000	414	arm	TRUE	.
Chr2	2530000	2531000	414	arm	TRUE	.
Chr2	3107000	3108000	414	arm	TRUE	.
Chr2	355000	356000	414	arm	TRUE	.
Chr2	4839000	4840000	414	arm	TRUE	.
Chr4	126000	127000	414	arm	TRUE	.
Chr4	80000	81000	414	arm	TRUE	.
Chr2	2035000	2036000	413	arm	TRUE	.
Chr2	2131000	2132000	413	arm	TRUE	.
Chr2	2887000	2888000	413	arm	TRUE	.
Chr2	3104000	3105000	413	arm	TRUE	.
Chr2	4348000	4349000	413	arm	TRUE	.
Chr2	444000	445000	413	arm	TRUE	.
Chr2	4698000	4699000	413	arm	TRUE	.
Chr2	4820000	4821000	413	arm	TRUE	.
Chr2	69000	70000	413	arm	TRUE	.
Chr2	698000	699000	413	arm	TRUE	.
Chr2	729000	730000	413	arm	TRUE	.
Chr2	834000	835000	413	arm	TRUE	.
Chr2	870000	871000	413	arm	TRUE	.
Chr2	9251000	9252000	413	pericentromere	FALSE	.
Chr4	225000	226000	413	arm	TRUE	.
Chr4	2289000	2290000	413	arm	TRUE	.
Chr5	3258000	3259000	413	arm	FALSE	AT5G10340
Chr2	199000	200000	412	arm	TRUE	.
Chr2	2101000	2102000	412	arm	TRUE	.
Chr2	2337000	2338000	412	arm	TRUE	.
Chr2	2426000	2427000	412	arm	TRUE	.
Chr2	249000	250000	412	arm	TRUE	.
Chr2	2827000	2828000	412	arm	TRUE	.
Chr2	3307000	3308000	412	arm	TRUE	.
Chr2	3638000	3639000	412	arm	TRUE	.
Chr2	4083000	4084000	412	arm	TRUE	.
Chr2	4554000	4555000	412	arm	TRUE	.
Chr2	4598000	4599000	412	arm	TRUE	.
Chr2	5014000	5015000	412	arm	TRUE	.
Chr2	626000	627000	412	arm	TRUE	.
Chr2	8786000	8787000	412	pericentromere	FALSE	.
Chr2	928000	929000	412	arm	TRUE	.
Chr4	1732000	1733000	412	arm	TRUE	.
Chr4	2365000	2366000	412	arm	TRUE	.
Chr4	2976000	2977000	412	arm	TRUE	.
Chr4	3418000	3419000	412	arm	TRUE	.
Chr2	1107000	1108000	411	arm	TRUE	.
Chr2	256000	257000	411	arm	TRUE	.
Chr2	3019000	3020000	411	arm	TRUE	.
Chr2	3701000	3702000	411	arm	TRUE	.
Chr2	5247000	5248000	411	arm	TRUE	.
Chr2	753000	754000	411	arm	TRUE	.
Chr2	823000	824000	411	arm	TRUE	.
Chr2	8797000	8798000	411	pericentromere	FALSE	.
Chr2	1044000	1045000	410	arm	TRUE	.
Chr2	1555000	1556000	410	arm	TRUE	.
Chr2	2123000	2124000	410	arm	TRUE	.
Chr2	2956000	2957000	410	arm	TRUE	.
Chr2	816000	817000	410	arm	TRUE	.
Chr2	8943000	8944000	410	pericentromere	FALSE	.
Chr2	962000	963000	410	arm	TRUE	.
Chr4	3752000	3753000	410	arm	TRUE	.
Chr5	14738000	14739000	410	centromere	FALSE	AT5G69554
Chr2	1010000	1011000	409	arm	TRUE	.
Chr2	1848000	1849000	409	arm	TRUE	.
Chr2	204000	205000	409	arm	TRUE	.
Chr2	2552000	2553000	409	arm	TRUE	.
Chr2	3241000	3242000	409	arm	TRUE	.
Chr2	3479000	3480000	409	arm	TRUE	.
Chr2	4088000	4089000	409	arm	TRUE	.
Chr2	4671000	4672000	409	arm	TRUE	.
Chr4	3656000	3657000	409	arm	TRUE	.
Chr4	880000	881000	409	arm	TRUE	.
Chr2	135000	136000	408	arm	TRUE	.
Chr2	2395000	2396000	408	arm	TRUE	.
Chr2	3623000	3624000	408	arm	TRUE	.
Chr2	4837000	4838000	408	arm	TRUE	.
Chr2	730000	731000	408	arm	TRUE	.
Chr4	1039000	1040000	408	arm	TRUE	.
Chr4	2568000	2569000	408	arm	TRUE	.
Chr4	2932000	2933000	408	arm	TRUE	.
Chr2	1032000	1033000	407	arm	TRUE	.
Chr2	1402000	1403000	407	arm	TRUE	.
Chr2	1814000	1815000	407	arm	TRUE	.
Chr2	3447000	3448000	407	arm	TRUE	.
Chr2	3745000	3746000	407	arm	TRUE	.
Chr2	4824000	4825000	407	arm	TRUE	.
Chr4	145000	146000	407	arm	TRUE	.
Chr4	3051000	3052000	407	arm	TRUE	.
Chr4	627000	628000	407	arm	TRUE	.
Chr2	2084000	2085000	406	arm	TRUE	.
Chr2	4100000	4101000	406	arm	TRUE	.
Chr2	4408000	4409000	406	arm	TRUE	.
Chr2	631000	632000	406	arm	TRUE	.
Chr2	757000	758000	406	arm	TRUE	.
Chr2	8737000	8738000	406	pericentromere	FALSE	.
Chr4	1010000	1011000	406	arm	TRUE	.
Chr4	3800000	3801000	406	arm	TRUE	.
Chr4	680000	681000	406	arm	TRUE	.
Chr2	1180000	1181000	405	arm	TRUE	.
Chr2	1212000	1213000	405	arm	TRUE	.
Chr2	1714000	1715000	405	arm	TRUE	.
Chr2	2777000	2778000	405	arm	TRUE	.
Chr2	2914000	2915000	405	arm	TRUE	.
Chr2	3646000	3647000	405	arm	TRUE	.
Chr2	3813000	3814000	405	arm	TRUE	.
Chr2	4819000	4820000	405	arm	TRUE	.
Chr2	4858000	4859000	405	arm	TRUE	.
Chr2	5110000	5111000	405	arm	TRUE	.
Chr2	5196000	5197000	405	arm	TRUE	.
Chr2	57000	58000	405	arm	TRUE	.
Chr4	1988000	1989000	405	arm	TRUE	.
Chr4	2672000	2673000	405	arm	TRUE	.
Chr4	2849000	2850000	405	arm	TRUE	.
Chr2	2398000	2399000	404	arm	TRUE	.
Chr2	2602000	2603000	404	arm	TRUE	.
Chr2	3614000	3615000	404	arm	TRUE	.
Chr2	658000	659000	404	arm	TRUE	.
Chr4	3778000	3779000	404	arm	TRUE	.
Chr4	565000	566000	404	arm	TRUE	.
Chr4	577000	578000	404	arm	TRUE	.
Chr2	188000	189000	403	arm	TRUE	.
Chr2	2726000	2727000	403	arm	TRUE	.
Chr2	2787000	2788000	403	arm	TRUE	.
Chr2	3458000	3459000	403	arm	TRUE	.
Chr2	4109000	4110000	403	arm	TRUE	.
Chr2	4889000	4890000	403	arm	TRUE	.
Chr2	8789000	8790000	403	pericentromere	FALSE	.
Chr2	889000	890000	403	arm	TRUE	.
Chr2	9132000	9133000	403	pericentromere	FALSE	.
Chr2	941000	942000	403	arm	TRUE	.
Chr4	1621000	1622000	403	arm	TRUE	.
Chr4	1941000	1942000	403	arm	TRUE	.
Chr4	1976000	1977000	403	arm	TRUE	.
Chr4	217000	218000	403	arm	TRUE	.
Chr4	2491000	2492000	403	arm	TRUE	.
Chr4	2724000	2725000	403	arm	TRUE	.
Chr2	1151000	1152000	402	arm	TRUE	.
Chr2	3155000	3156000	402	arm	TRUE	.
Chr2	3325000	3326000	402	arm	TRUE	.
Chr2	333000	334000	402	arm	TRUE	.
Chr2	3331000	3332000	402	arm	TRUE	.
Chr2	4368000	4369000	402	arm	TRUE	.
Chr2	5067000	5068000	402	arm	TRUE	.
Chr3	12975000	12976000	402	pericentromere	FALSE	.
Chr4	19000	20000	402	arm	TRUE	.
Chr4	3057000	3058000	402	arm	TRUE	.
Chr4	3638000	3639000	402	arm	TRUE	.
Chr2	130000	131000	401	arm	TRUE	.
Chr2	1408000	1409000	401	arm	TRUE	.
Chr2	168000	169000	401	arm	TRUE	.
Chr2	1974000	1975000	401	arm	TRUE	.
Chr2	2316000	2317000	401	arm	TRUE	.
Chr2	2654000	2655000	401	arm	TRUE	.
Chr2	2656000	2657000	401	arm	TRUE	.
Chr2	2736000	2737000	401	arm	TRUE	.
Chr2	2899000	2900000	401	arm	TRUE	.
Chr2	3012000	3013000	401	arm	TRUE	.
Chr2	314000	315000	401	arm	TRUE	.
Chr2	372000	373000	401	arm	TRUE	.
Chr2	3790000	3791000	401	arm	TRUE	.
Chr2	4090000	4091000	401	arm	TRUE	.
Chr2	4701000	4702000	401	arm	TRUE	.
Chr2	5237000	5238000	401	arm	TRUE	.
Chr2	705000	706000	401	arm	TRUE	.
Chr4	348000	349000	401	arm	TRUE	.
Chr2	1157000	1158000	400	arm	TRUE	.
Chr2	118000	119000	400	arm	TRUE	.
Chr2	2641000	2642000	400	arm	TRUE	.
Chr2	3290000	3291000	400	arm	TRUE	.
Chr4	3721000	3722000	400	arm	TRUE	.
Chr2	1083000	1084000	399	arm	TRUE	.
Chr2	2216000	2217000	399	arm	TRUE	.
Chr2	2439000	2440000	399	arm	TRUE	.
Chr2	2782000	2783000	399	arm	TRUE	.
Chr2	3824000	3825000	399	arm	TRUE	.
Chr2	43000	44000	399	arm	TRUE	.
Chr2	491000	492000	399	arm	TRUE	.
Chr2	566000	567000	399	arm	TRUE	.
Chr2	588000	589000	399	arm	TRUE	.
Chr2	748000	749000	399	arm	TRUE	.
Chr2	8901000	8902000	399	pericentromere	FALSE	.
Chr2	8922000	8923000	399	pericentromere	FALSE	.
Chr2	9170000	9171000	399	pericentromere	FALSE	.
Chr4	1889000	1890000	399	arm	TRUE	.
Chr4	2909000	2910000	399	arm	TRUE	.
Chr4	86000	87000	399	arm	TRUE	.
Chr2	2099000	2100000	398	arm	TRUE	.
Chr2	2500000	2501000	398	arm	TRUE	.
Chr2	267000	268000	398	arm	TRUE	.
Chr2	2931000	2932000	398	arm	TRUE	.
Chr2	4436000	4437000	398	arm	TRUE	.
Chr2	723000	724000	398	arm	TRUE	.
Chr2	8812000	8813000	398	pericentromere	FALSE	.
Chr2	9159000	9160000	398	pericentromere	FALSE	.
Chr4	1350000	1351000	398	arm	TRUE	.
Chr4	1821000	1822000	398	arm	TRUE	.
Chr4	2469000	2470000	398	arm	TRUE	.
Chr4	276000	277000	398	arm	TRUE	.
Chr2	2000000	2001000	397	arm	TRUE	.
Chr2	2717000	2718000	397	arm	TRUE	.
Chr2	4330000	4331000	397	arm	TRUE	.
Chr2	4910000	4911000	397	arm	TRUE	.
Chr4	1751000	1752000	397	arm	TRUE	.
Chr4	1800000	1801000	397	arm	TRUE	.
Chr4	381000	382000	397	arm	TRUE	.
Chr2	10000	11000	396	arm	TRUE	.
Chr2	1723000	1724000	396	arm	TRUE	.
Chr2	2071000	2072000	396	arm	TRUE	.
Chr2	2632000	2633000	396	arm	TRUE	.
Chr2	3262000	3263000	396	arm	TRUE	.
Chr2	431000	432000	396	arm	TRUE	.
Chr4	462000	463000	396	arm	TRUE	.
Chr4	547000	548000	396	arm	TRUE	.
Chr2	2397000	2398000	395	arm	TRUE	.
Chr2	3230000	3231000	395	arm	TRUE	.
Chr2	3877000	3878000	395	arm	TRUE	.
Chr2	3902000	3903000	395	arm	TRUE	.
Chr2	3968000	3969000	395	arm	TRUE	.
Chr2	4786000	4787000	395	arm	TRUE	.
Chr2	4799000	4800000	395	arm	TRUE	.
Chr2	9004000	9005000	395	pericentromere	FALSE	.
Chr2	982000	983000	395	arm	TRUE	.
Chr4	144000	145000	395	arm	TRUE	.
Chr4	1624000	1625000	395	arm	TRUE	.
Chr5	12504000	12505000	395	centromere	FALSE	.
Chr2	2288000	2289000	394	arm	TRUE	.
Chr2	2572000	2573000	394	arm	TRUE	.
Chr2	2963000	2964000	394	arm	TRUE	.
Chr2	3034000	3035000	394	arm	TRUE	.
Chr2	3103000	3104000	394	arm	TRUE	.
Chr2	3577000	3578000	394	arm	TRUE	.
Chr2	3746000	3747000	394	arm	TRUE	.
Chr2	4156000	4157000	394	arm	TRUE	.
Chr2	4964000	4965000	394	arm	TRUE	.
Chr2	5252000	5253000	394	arm	TRUE	.
Chr2	557000	558000	394	arm	TRUE	.
Chr2	847000	848000	394	arm	TRUE	.
Chr4	164000	165000	394	arm	TRUE	.
Chr2	1199000	1200000	393	arm	TRUE	.
Chr2	1444000	1445000	393	arm	TRUE	.
Chr2	1764000	1765000	393	arm	TRUE	.
Chr2	1819000	1820000	393	arm	TRUE	.
Chr2	1832000	1833000	393	arm	TRUE	.
Chr2	2460000	2461000	393	arm	TRUE	.
Chr2	2770000	2771000	393	arm	TRUE	.
Chr2	3946000	3947000	393	arm	TRUE	.
Chr2	591000	592000	393	arm	TRUE	.
Chr4	2485000	2486000	393	arm	TRUE	.
Chr4	513000	514000	393	arm	TRUE	.
Chr2	1143000	1144000	392	arm	TRUE	.
Chr2	178000	179000	392	arm	TRUE	.
Chr2	2955000	2956000	392	arm	TRUE	.
Chr2	3138000	3139000	392	arm	TRUE	.
Chr2	3284000	3285000	392	arm	TRUE	.
Chr2	5308000	5309000	392	arm	TRUE	.
Chr2	579000	580000	392	arm	TRUE	.
Chr4	17000	18000	392	arm	TRUE	.
Chr4	2908000	2909000	392	arm	TRUE	.
Chr4	3791000	3792000	392	arm	TRUE	.
Chr2	2767000	2768000	391	arm	TRUE	.
Chr2	3935000	3936000	391	arm	TRUE	.
Chr2	4068000	4069000	391	arm	TRUE	.
Chr2	4134000	4135000	391	arm	TRUE	.
Chr2	4212000	4213000	391	arm	TRUE	.
Chr2	4290000	4291000	391	arm	TRUE	.
Chr2	799000	800000	391	arm	TRUE	.
Chr2	8980000	8981000	391	pericentromere	FALSE	.
Chr2	9060000	9061000	391	pericentromere	FALSE	.
Chr2	9146000	9147000	391	pericentromere	FALSE	.
Chr2	9291000	9292000	391	pericentromere	FALSE	.
Chr2	952000	953000	391	arm	TRUE	.
Chr4	1351000	1352000	391	arm	TRUE	.
Chr4	1652000	1653000	391	arm	TRUE	.
Chr4	1757000	1758000	391	arm	TRUE	.
Chr4	3770000	3771000	391	arm	TRUE	.
Chr2	1306000	1307000	390	arm	TRUE	.
Chr2	1309000	1310000	390	arm	TRUE	.
Chr2	1704000	1705000	390	arm	TRUE	.
Chr2	2447000	2448000	390	arm	TRUE	.
Chr2	2562000	2563000	390	arm	TRUE	.
Chr2	3263000	3264000	390	arm	TRUE	.
Chr2	3375000	3376000	390	arm	TRUE	.
Chr2	4189000	4190000	390	arm	TRUE	.
Chr2	4353000	4354000	390	arm	TRUE	.
Chr2	887000	888000	390	arm	TRUE	.
Chr2	949000	950000	390	arm	TRUE	.
Chr4	215000	216000	390	arm	TRUE	.
Chr4	2580000	2581000	390	arm	TRUE	.
Chr2	2015000	2016000	389	arm	TRUE	.
Chr2	2081000	2082000	389	arm	TRUE	.
Chr2	2498000	2499000	389	arm	TRUE	.
Chr2	2612000	2613000	389	arm	TRUE	.
Chr2	2724000	2725000	389	arm	TRUE	.
Chr2	3114000	3115000	389	arm	TRUE	.
Chr2	3249000	3250000	389	arm	TRUE	.
Chr2	373000	374000	389	arm	TRUE	.
Chr2	4345000	4346000	389	arm	TRUE	.
Chr2	4410000	4411000	389	arm	TRUE	.
Chr4	1316000	1317000	389	arm	TRUE	.
Chr4	1430000	1431000	389	arm	TRUE	.
Chr4	1434000	1435000	389	arm	TRUE	.
Chr4	2500000	2501000	389	arm	TRUE	.
Chr4	637000	638000	389	arm	TRUE	.
Chr2	1428000	1429000	388	arm	TRUE	.
Chr2	1642000	1643000	388	arm	TRUE	.
Chr2	1944000	1945000	388	arm	TRUE	.
Chr2	1992000	1993000	388	arm	TRUE	.
Chr2	2085000	2086000	388	arm	TRUE	.
Chr2	2428000	2429000	388	arm	TRUE	.
Chr2	2747000	2748000	388	arm	TRUE	.
Chr2	3228000	3229000	388	arm	TRUE	.
Chr2	3648000	3649000	388	arm	TRUE	.
Chr2	3837000	3838000	388	arm	TRUE	.
Chr2	4297000	4298000	388	arm	TRUE	.
Chr2	4429000	4430000	388	arm	TRUE	.
Chr2	5156000	5157000	388	arm	TRUE	.
Chr2	610000	611000	388	arm	TRUE	.
Chr2	764000	765000	388	arm	TRUE	.
Chr4	1161000	1162000	388	arm	TRUE	.
Chr4	1163000	1164000	388	arm	TRUE	.
Chr2	2183000	2184000	387	arm	TRUE	.
Chr2	2278000	2279000	387	arm	TRUE	.
Chr2	3583000	3584000	387	arm	TRUE	.
Chr2	4104000	4105000	387	arm	TRUE	.
Chr2	4167000	4168000	387	arm	TRUE	.
Chr2	4614000	4615000	387	arm	TRUE	.
Chr2	5102000	5103000	387	arm	TRUE	.
Chr4	2249000	2250000	387	arm	TRUE	.
Chr4	3394000	3395000	387	arm	TRUE	.
Chr4	408000	409000	387	arm	TRUE	.
Chr2	1022000	1023000	386	arm	TRUE	.
Chr2	1284000	1285000	386	arm	TRUE	.
Chr2	1797000	1798000	386	arm	TRUE	.
Chr2	2142000	2143000	386	arm	TRUE	.
Chr2	2214000	2215000	386	arm	TRUE	.
Chr2	2830000	2831000	386	arm	TRUE	.
Chr2	284000	285000	386	arm	TRUE	.
Chr2	3645000	3646000	386	arm	TRUE	.
Chr2	3724000	3725000	386	arm	TRUE	.
Chr2	4266000	4267000	386	arm	TRUE	.
Chr2	5077000	5078000	386	arm	TRUE	.
Chr2	614000	615000	386	arm	TRUE	.
Chr2	8759000	8760000	386	pericentromere	FALSE	.
Chr2	9097000	9098000	386	pericentromere	FALSE	.
Chr4	1649000	1650000	386	arm	TRUE	.
Chr4	3470000	3471000	386	arm	TRUE	.
Chr4	700000	701000	386	arm	TRUE	.
Chr2	1013000	1014000	385	arm	TRUE	.
Chr2	1427000	1428000	385	arm	TRUE	.
Chr2	1750000	1751000	385	arm	TRUE	.
Chr2	2112000	2113000	385	arm	TRUE	.
Chr2	2749000	2750000	385	arm	TRUE	.
Chr2	3047000	3048000	385	arm	TRUE	.
Chr2	3291000	3292000	385	arm	TRUE	.
Chr2	4755000	4756000	385	arm	TRUE	.
Chr2	4836000	4837000	385	arm	TRUE	.
Chr2	5093000	5094000	385	arm	TRUE	.
Chr2	8869000	8870000	385	pericentromere	FALSE	.
Chr2	9177000	9178000	385	pericentromere	FALSE	.
Chr2	948000	949000	385	arm	TRUE	.
Chr4	2337000	2338000	385	arm	TRUE	.
Chr4	3776000	3777000	385	arm	TRUE	.
Chr2	1043000	1044000	384	arm	TRUE	.
Chr2	1128000	1129000	384	arm	TRUE	.
Chr2	2141000	2142000	384	arm	TRUE	.
Chr2	294000	295000	384	arm	TRUE	.
Chr2	4690000	4691000	384	arm	TRUE	.
Chr2	9058000	9059000	384	pericentromere	FALSE	.
Chr4	1088000	1089000	384	arm	TRUE	.
Chr4	16000	17000	384	arm	TRUE	.
Chr2	1735000	1736000	383	arm	TRUE	.
Chr2	2723000	2724000	383	arm	TRUE	.
Chr2	3537000	3538000	383	arm	TRUE	.
Chr2	3805000	3806000	383	arm	TRUE	.
Chr2	394000	395000	383	arm	TRUE	.
Chr2	4289000	4290000	383	arm	TRUE	.
Chr2	670000	671000	383	arm	TRUE	.
Chr2	905000	906000	383	arm	TRUE	.
Chr4	1141000	1142000	383	arm	TRUE	.
Chr4	1527000	1528000	383	arm	TRUE	.
Chr4	1964000	1965000	383	arm	TRUE	.
Chr4	3324000	3325000	383	arm	TRUE	.
Chr4	3646000	3647000	383	arm	TRUE	.
Chr2	149000	150000	382	arm	TRUE	.
Chr2	3523000	3524000	382	arm	TRUE	.
Chr2	9226000	9227000	382	pericentromere	FALSE	.
Chr2	989000	990000	382	arm	TRUE	.
Chr4	2100000	2101000	382	arm	TRUE	.
Chr2	1108000	1109000	381	arm	TRUE	.
Chr2	2187000	2188000	381	arm	TRUE	.
Chr2	247000	248000	381	arm	TRUE	.
Chr2	2510000	2511000	381	arm	TRUE	.
Chr2	2848000	2849000	381	arm	TRUE	.
Chr2	3888000	3889000	381	arm	TRUE	.
Chr2	4572000	4573000	381	arm	TRUE	.
Chr4	1935000	1936000	381	arm	TRUE	.
Chr4	2329000	2330000	381	arm	TRUE	.
Chr4	2704000	2705000	381	arm	TRUE	.
Chr4	555000	556000	381	arm	TRUE	.
Chr2	1287000	1288000	380	arm	TRUE	.
Chr2	187000	188000	380	arm	TRUE	.
Chr2	2456000	2457000	380	arm	TRUE	.
Chr2	3137000	3138000	380	arm	TRUE	.
Chr2	4023000	4024000	380	arm	TRUE	.
Chr2	4145000	4146000	380	arm	TRUE	.
Chr2	492000	493000	380	arm	TRUE	.
Chr2	5192000	5193000	380	arm	TRUE	.
Chr4	1914000	1915000	380	arm	TRUE	.
Chr4	2420000	2421000	380	arm	TRUE	.
Chr4	329000	330000	380	arm	TRUE	.
Chr4	3342000	3343000	380	arm	TRUE	.
Chr4	3799000	3800000	380	arm	TRUE	.
Chr4	784000	785000	380	arm	TRUE	.
Chr2	1073000	1074000	379	arm	TRUE	.
Chr2	1927000	1928000	379	arm	TRUE	.
Chr2	3109000	3110000	379	arm	TRUE	.
Chr2	4035000	4036000	379	arm	TRUE	.
Chr2	4532000	4533000	379	arm	TRUE	.
Chr2	470000	471000	379	arm	TRUE	.
Chr2	4798000	4799000	379	arm	TRUE	.
Chr2	9142000	9143000	379	pericentromere	FALSE	.
Chr2	931000	932000	379	arm	TRUE	.
Chr4	2620000	2621000	379	arm	TRUE	.
Chr4	3200000	3201000	379	arm	TRUE	.
Chr4	815000	816000	379	arm	TRUE	.
Chr4	873000	874000	379	arm	TRUE	.
Chr2	2254000	2255000	378	arm	TRUE	.
Chr2	3266000	3267000	378	arm	TRUE	.
Chr2	3334000	3335000	378	arm	TRUE	.
Chr2	3347000	3348000	378	arm	TRUE	.
Chr2	3351000	3352000	378	arm	TRUE	.
Chr2	4806000	4807000	378	arm	TRUE	.
Chr2	739000	740000	378	arm	TRUE	.
Chr2	856000	857000	378	arm	TRUE	.
Chr4	216000	217000	378	arm	TRUE	.
Chr4	3278000	3279000	378	arm	TRUE	.
Chr4	3498000	3499000	378	arm	TRUE	.
Chr4	846000	847000	378	arm	TRUE	.
Chr4	979000	980000	378	arm	TRUE	.
Chr2	1116000	1117000	377	arm	TRUE	.
Chr2	1385000	1386000	377	arm	TRUE	.
Chr2	2465000	2466000	377	arm	TRUE	.
Chr2	3207000	3208000	377	arm	TRUE	.
Chr2	3533000	3534000	377	arm	TRUE	.
Chr2	4425000	4426000	377	arm	TRUE	.
Chr2	478000	479000	377	arm	TRUE	.
Chr2	4933000	4934000	377	arm	TRUE	.
Chr2	527000	528000	377	arm	TRUE	.
Chr4	1700000	1701000	377	arm	TRUE	.
Chr4	1862000	1863000	377	arm	TRUE	.
Chr2	2560000	2561000	376	arm	TRUE	.
Chr2	3016000	3017000	376	arm	TRUE	.
Chr2	3490000	3491000	376	arm	TRUE	.
Chr2	3679000	3680000	376	arm	TRUE	.
Chr2	371000	372000	376	arm	TRUE	.
Chr2	4544000	4545000	376	arm	TRUE	.
Chr2	8718000	8719000	376	pericentromere	FALSE	.
Chr2	9210000	9211000	376	pericentromere	FALSE	.
Chr2	9293000	9294000	376	pericentromere	FALSE	.
Chr4	2225000	2226000	376	arm	TRUE	.
Chr4	2417000	2418000	376	arm	TRUE	.
Chr4	3520000	3521000	376	arm	TRUE	.
Chr4	3829000	3830000	376	arm	TRUE	.
Chr2	1650000	1651000	375	arm	TRUE	.
Chr2	1747000	1748000	375	arm	TRUE	.
Chr2	2515000	2516000	375	arm	TRUE	.
Chr2	2961000	2962000	375	arm	TRUE	.
Chr2	2982000	2983000	375	arm	TRUE	.
Chr2	3135000	3136000	375	arm	TRUE	.
Chr2	3149000	3150000	375	arm	TRUE	.
Chr2	3176000	3177000	375	arm	TRUE	.
Chr2	4077000	4078000	375	arm	TRUE	.
Chr2	750000	751000	375	arm	TRUE	.
Chr4	1883000	1884000	375	arm	TRUE	.
Chr4	2216000	2217000	375	arm	TRUE	.
Chr4	2924000	2925000	375	arm	TRUE	.
Chr4	3720000	3721000	375	arm	TRUE	.
Chr4	516000	517000	375	arm	TRUE	.
Chr4	756000	757000	375	arm	TRUE	.
Chr2	2815000	2816000	374	arm	TRUE	.
Chr2	3255000	3256000	374	arm	TRUE	.
Chr2	350000	351000	374	arm	TRUE	.
Chr2	4255000	4256000	374	arm	TRUE	.
Chr2	4627000	4628000	374	arm	TRUE	.
Chr2	4970000	4971000	374	arm	TRUE	.
Chr2	8707000	8708000	374	pericentromere	FALSE	.
Chr2	9037000	9038000	374	pericentromere	FALSE	.
Chr4	3761000	3762000	374	arm	TRUE	.
Chr4	989000	990000	374	arm	TRUE	.
Chr2	1231000	1232000	373	arm	TRUE	.
Chr2	125000	126000	373	arm	TRUE	.
Chr2	1482000	1483000	373	arm	TRUE	.
Chr2	1943000	1944000	373	arm	TRUE	.
Chr2	2449000	2450000	373	arm	TRUE	.
Chr2	2504000	2505000	373	arm	TRUE	.
Chr2	2929000	2930000	373	arm	TRUE	.
Chr2	3251000	3252000	373	arm	TRUE	.
Chr2	3618000	3619000	373	arm	TRUE	.
Chr2	4102000	4103000	373	arm	TRUE	.
Chr2	4108000	4109000	373	arm	TRUE	.
Chr2	4578000	4579000	373	arm	TRUE	.
Chr2	4639000	4640000	373	arm	TRUE	.
Chr2	2039000	2040000	372	arm	TRUE	.
Chr2	272000	273000	372	arm	TRUE	.
Chr2	2973000	2974000	372	arm	TRUE	.
Chr2	3409000	3410000	372	arm	TRUE	.
Chr2	430000	431000	372	arm	TRUE	.
Chr2	4387000	4388000	372	arm	TRUE	.
Chr2	4411000	4412000	372	arm	TRUE	.
Chr2	4424000	4425000	372	arm	TRUE	.
Chr2	4715000	4716000	372	arm	TRUE	.
Chr2	840000	841000	372	arm	TRUE	.
Chr2	985000	986000	372	arm	TRUE	.
Chr4	1390000	1391000	372	arm	TRUE	.
Chr4	1465000	1466000	372	arm	TRUE	.
Chr4	3729000	3730000	372	arm	TRUE	.
Chr4	412000	413000	372	arm	TRUE	.
Chr2	2839000	2840000	371	arm	TRUE	.
Chr2	3319000	3320000	371	arm	TRUE	.
Chr2	3743000	3744000	371	arm	TRUE	.
Chr2	3999000	4000000	371	arm	TRUE	.
Chr2	5320000	5321000	371	arm	TRUE	.
Chr2	675000	676000	371	arm	TRUE	.
Chr4	1007000	1008000	371	arm	TRUE	.
Chr4	213000	214000	371	arm	TRUE	.
Chr4	2198000	2199000	371	arm	TRUE	.
Chr4	3669000	3670000	371	arm	TRUE	.
Chr4	3712000	3713000	371	arm	TRUE	.
Chr4	380000	381000	371	arm	TRUE	.
Chr2	113000	114000	370	arm	TRUE	.
Chr2	1242000	1243000	370	arm	TRUE	.
Chr2	1686000	1687000	370	arm	TRUE	.
Chr2	177000	178000	370	arm	TRUE	.
Chr2	1982000	1983000	370	arm	TRUE	.
Chr2	2334000	2335000	370	arm	TRUE	.
Chr2	2502000	2503000	370	arm	TRUE	.
Chr2	3545000	3546000	370	arm	TRUE	.
Chr2	4273000	4274000	370	arm	TRUE	.
Chr2	4668000	4669000	370	arm	TRUE	.
Chr4	3449000	3450000	370	arm	TRUE	.
Chr4	658000	659000	370	arm	TRUE	.
Chr4	814000	815000	370	arm	TRUE	.
Chr4	948000	949000	370	arm	TRUE	.
Chr2	1106000	1107000	369	arm	TRUE	.
Chr2	1202000	1203000	369	arm	TRUE	.
Chr2	1654000	1655000	369	arm	TRUE	.
Chr2	2093000	2094000	369	arm	TRUE	.
Chr2	2203000	2204000	369	arm	TRUE	.
Chr2	2268000	2269000	369	arm	TRUE	.
Chr2	2785000	2786000	369	arm	TRUE	.
Chr2	287000	288000	369	arm	TRUE	.
Chr2	306000	307000	369	arm	TRUE	.
Chr2	3801000	3802000	369	arm	TRUE	.
Chr2	4039000	4040000	369	arm	TRUE	.
Chr2	8682000	8683000	369	pericentromere	FALSE	.
Chr4	2277000	2278000	369	arm	TRUE	.
Chr2	1733000	1734000	368	arm	TRUE	.
Chr2	2061000	2062000	368	arm	TRUE	.
Chr2	2213000	2214000	368	arm	TRUE	.
Chr2	231000	232000	368	arm	TRUE	.
Chr2	2755000	2756000	368	arm	TRUE	.
Chr2	2942000	2943000	368	arm	TRUE	.
Chr2	489000	490000	368	arm	TRUE	.
Chr2	991000	992000	368	arm	TRUE	.
Chr4	2421000	2422000	368	arm	TRUE	.
Chr4	731000	732000	368	arm	TRUE	.
Chr4	966000	967000	368	arm	TRUE	.
Chr5	12597000	12598000	368	centromere	FALSE	AT5G69526
Chr2	1055000	1056000	367	arm	TRUE	.
Chr2	2468000	2469000	367	arm	TRUE	.
Chr2	2610000	2611000	367	arm	TRUE	.
Chr2	3062000	3063000	367	arm	TRUE	.
Chr2	3690000	3691000	367	arm	TRUE	.
Chr2	3834000	3835000	367	arm	TRUE	.
Chr2	421000	422000	367	arm	TRUE	.
Chr2	4533000	4534000	367	arm	TRUE	.
Chr2	479000	480000	367	arm	TRUE	.
Chr2	5218000	5219000	367	arm	TRUE	.
Chr2	857000	858000	367	arm	TRUE	.
Chr4	3330000	3331000	367	arm	TRUE	.
Chr4	7000	8000	367	arm	TRUE	.
Chr4	7412000	7413000	367	pericentromere	FALSE	.
Chr5	12916000	12917000	367	centromere	FALSE	.
Chr2	1134000	1135000	366	arm	TRUE	.
Chr2	1872000	1873000	366	arm	TRUE	.
Chr2	1894000	1895000	366	arm	TRUE	.
Chr2	191000	192000	366	arm	TRUE	.
Chr2	2243000	2244000	366	arm	TRUE	.
Chr2	2750000	2751000	366	arm	TRUE	.
Chr2	3053000	3054000	366	arm	TRUE	.
Chr2	3147000	3148000	366	arm	TRUE	.
Chr2	3920000	3921000	366	arm	TRUE	.
Chr2	777000	778000	366	arm	TRUE	.
Chr2	820000	821000	366	arm	TRUE	.
Chr4	2062000	2063000	366	arm	TRUE	.
Chr4	2635000	2636000	366	arm	TRUE	.
Chr4	2823000	2824000	366	arm	TRUE	.
Chr4	3178000	3179000	366	arm	TRUE	.
Chr4	3810000	3811000	366	arm	TRUE	.
Chr2	1570000	1571000	365	arm	TRUE	.
Chr2	1705000	1706000	365	arm	TRUE	.
Chr2	2314000	2315000	365	arm	TRUE	.
Chr2	2461000	2462000	365	arm	TRUE	.
Chr2	2759000	2760000	365	arm	TRUE	.
Chr2	3032000	3033000	365	arm	TRUE	.
Chr2	3038000	3039000	365	arm	TRUE	.
Chr2	3178000	3179000	365	arm	TRUE	.
Chr2	3531000	3532000	365	arm	TRUE	.
Chr2	3653000	3654000	365	arm	TRUE	.
Chr2	4320000	4321000	365	arm	TRUE	.
Chr2	4720000	4721000	365	arm	TRUE	.
Chr2	656000	657000	365	arm	TRUE	.
Chr2	662000	663000	365	arm	TRUE	.
Chr2	754000	755000	365	arm	TRUE	.
Chr2	877000	878000	365	arm	TRUE	.
Chr2	8923000	8924000	365	pericentromere	FALSE	.
Chr4	3338000	3339000	365	arm	TRUE	.
Chr2	2489000	2490000	364	arm	TRUE	.
Chr2	2813000	2814000	364	arm	TRUE	.
Chr2	4595000	4596000	364	arm	TRUE	.
Chr2	5267000	5268000	364	arm	TRUE	.
Chr2	803000	804000	364	arm	TRUE	.
Chr2	9024000	9025000	364	pericentromere	FALSE	.
Chr2	946000	947000	364	arm	TRUE	.
Chr4	1227000	1228000	364	arm	TRUE	.
Chr4	1893000	1894000	364	arm	TRUE	.
Chr4	2028000	2029000	364	arm	TRUE	.
Chr4	2125000	2126000	364	arm	TRUE	.
Chr4	2815000	2816000	364	arm	TRUE	.
Chr4	3788000	3789000	364	arm	TRUE	.
Chr4	612000	613000	364	arm	TRUE	.
Chr2	1297000	1298000	363	arm	TRUE	.
Chr2	1549000	1550000	363	arm	TRUE	.
Chr2	1712000	1713000	363	arm	TRUE	.
Chr2	1957000	1958000	363	arm	TRUE	.
Chr2	304000	305000	363	arm	TRUE	.
Chr2	359000	360000	363	arm	TRUE	.
Chr2	3643000	3644000	363	arm	TRUE	.
Chr2	4232000	4233000	363	arm	TRUE	.
Chr2	4268000	4269000	363	arm	TRUE	.
Chr2	4346000	4347000	363	arm	TRUE	.
Chr2	4473000	4474000	363	arm	TRUE	.
Chr2	4517000	4518000	363	arm	TRUE	.
Chr2	4592000	4593000	363	arm	TRUE	.
Chr2	4796000	4797000	363	arm	TRUE	.
Chr4	2521000	2522000	363	arm	TRUE	.
Chr4	3188000	3189000	363	arm	TRUE	.
Chr4	783000	784000	363	arm	TRUE	.
Chr2	1125000	1126000	362	arm	TRUE	.
Chr2	1209000	1210000	362	arm	TRUE	.
Chr2	1857000	1858000	362	arm	TRUE	.
Chr2	2842000	2843000	362	arm	TRUE	.
Chr2	3536000	3537000	362	arm	TRUE	.
Chr2	3961000	3962000	362	arm	TRUE	.
Chr2	4364000	4365000	362	arm	TRUE	.
Chr2	4825000	4826000	362	arm	TRUE	.
Chr2	4840000	4841000	362	arm	TRUE	.
Chr2	5122000	5123000	362	arm	TRUE	.
Chr2	5132000	5133000	362	arm	TRUE	.
Chr2	5219000	5220000	362	arm	TRUE	.
Chr2	793000	794000	362	arm	TRUE	.
Chr2	9011000	9012000	362	pericentromere	FALSE	.
Chr4	2562000	2563000	362	arm	TRUE	.
Chr4	2872000	2873000	362	arm	TRUE	.
Chr4	3671000	3672000	362	arm	TRUE	.
Chr4	3795000	3796000	362	arm	TRUE	.
Chr4	640000	641000	362	arm	TRUE	.
Chr2	1118000	1119000	361	arm	TRUE	.
Chr2	2630000	2631000	361	arm	TRUE	.
Chr2	3816000	3817000	361	arm	TRUE	.
Chr2	3890000	3891000	361	arm	TRUE	.
Chr2	4257000	4258000	361	arm	TRUE	.
Chr2	4311000	4312000	361	arm	TRUE	.
Chr4	2323000	2324000	361	arm	TRUE	.
Chr4	2930000	2931000	361	arm	TRUE	.
Chr1	24042000	24043000	360	arm	FALSE	AT1G59359
Chr2	1659000	1660000	360	arm	TRUE	.
Chr2	1878000	1879000	360	arm	TRUE	.
Chr2	2260000	2261000	360	arm	TRUE	.
Chr2	3189000	3190000	360	arm	TRUE	.
Chr2	4523000	4524000	360	arm	TRUE	.
Chr2	4714000	4715000	360	arm	TRUE	.
Chr2	4784000	4785000	360	arm	TRUE	.
Chr2	522000	523000	360	arm	TRUE	.
Chr2	9282000	9283000	360	pericentromere	FALSE	.
Chr4	1391000	1392000	360	arm	TRUE	.
Chr4	1554000	1555000	360	arm	TRUE	.
Chr4	182000	183000	360	arm	TRUE	.
Chr4	504000	505000	360	arm	TRUE	.
Chr2	1285000	1286000	359	arm	TRUE	.
Chr2	151000	152000	359	arm	TRUE	.
Chr2	2052000	2053000	359	arm	TRUE	.
Chr2	2379000	2380000	359	arm	TRUE	.
Chr2	3821000	3822000	359	arm	TRUE	.
Chr2	4069000	4070000	359	arm	TRUE	.
Chr2	4636000	4637000	359	arm	TRUE	.
Chr2	547000	548000	359	arm	TRUE	.
Chr2	89000	90000	359	arm	TRUE	.
Chr2	9165000	9166000	359	pericentromere	FALSE	.
Chr4	1226000	1227000	359	arm	TRUE	.
Chr4	192000	193000	359	arm	TRUE	.
Chr4	2031000	2032000	359	arm	TRUE	.
Chr4	2157000	2158000	359	arm	TRUE	.
Chr4	3728000	3729000	359	arm	TRUE	.
Chr2	13300000	13301000	358	pericentromere	FALSE	.
Chr2	1376000	1377000	358	arm	TRUE	.
Chr2	1703000	1704000	358	arm	TRUE	.
Chr2	1993000	1994000	358	arm	TRUE	.
Chr2	2094000	2095000	358	arm	TRUE	.
Chr2	2549000	2550000	358	arm	TRUE	.
Chr2	2798000	2799000	358	arm	TRUE	.
Chr2	3125000	3126000	358	arm	TRUE	.
Chr2	3320000	3321000	358	arm	TRUE	.
Chr2	3322000	3323000	358	arm	TRUE	.
Chr2	353000	354000	358	arm	TRUE	.
Chr2	3609000	3610000	358	arm	TRUE	.
Chr2	4465000	4466000	358	arm	TRUE	.
Chr2	4499000	4500000	358	arm	TRUE	.
Chr2	508000	509000	358	arm	TRUE	.
Chr2	8898000	8899000	358	pericentromere	FALSE	.
Chr2	8945000	8946000	358	pericentromere	FALSE	.
Chr4	1437000	1438000	358	arm	TRUE	.
Chr4	2219000	2220000	358	arm	TRUE	.
Chr4	2546000	2547000	358	arm	TRUE	.
Chr5	14489000	14490000	358	centromere	FALSE	.
Chr1	23969000	23970000	357	arm	FALSE	AT1G58684
Chr2	1034000	1035000	357	arm	TRUE	.
Chr2	1220000	1221000	357	arm	TRUE	.
Chr2	1395000	1396000	357	arm	TRUE	.
Chr2	1907000	1908000	357	arm	TRUE	.
Chr2	2042000	2043000	357	arm	TRUE	.
Chr2	2474000	2475000	357	arm	TRUE	.
Chr2	2651000	2652000	357	arm	TRUE	.
Chr2	3812000	3813000	357	arm	TRUE	.
Chr2	4726000	4727000	357	arm	TRUE	.
Chr2	5214000	5215000	357	arm	TRUE	.
Chr4	29000	30000	357	arm	TRUE	.
Chr4	3085000	3086000	357	arm	TRUE	.
Chr4	3137000	3138000	357	arm	TRUE	.
Chr5	14915000	14916000	357	centromere	FALSE	.
Chr2	1182000	1183000	356	arm	TRUE	.
Chr2	1208000	1209000	356	arm	TRUE	.
Chr2	181000	182000	356	arm	TRUE	.
Chr2	2766000	2767000	356	arm	TRUE	.
Chr2	3218000	3219000	356	arm	TRUE	.
Chr2	3368000	3369000	356	arm	TRUE	.
Chr2	4549000	4550000	356	arm	TRUE	.
Chr2	5137000	5138000	356	arm	TRUE	.
Chr2	745000	746000	356	arm	TRUE	.
Chr4	2282000	2283000	356	arm	TRUE	.
Chr2	1190000	1191000	355	arm	TRUE	.
Chr2	1265000	1266000	355	arm	TRUE	.
Chr2	1842000	1843000	355	arm	TRUE	.
Chr2	1884000	1885000	355	arm	TRUE	.
Chr2	2103000	2104000	355	arm	TRUE	.
Chr2	2548000	2549000	355	arm	TRUE	.
Chr2	3232000	3233000	355	arm	TRUE	.
Chr2	3374000	3375000	355	arm	TRUE	.
Chr2	3802000	3803000	355	arm	TRUE	.
Chr2	4665000	4666000	355	arm	TRUE	.
Chr4	1570000	1571000	355	arm	TRUE	.
Chr4	1852000	1853000	355	arm	TRUE	.
Chr4	883000	884000	355	arm	TRUE	.
Chr2	1129000	1130000	354	arm	TRUE	.
Chr2	2098000	2099000	354	arm	TRUE	.
Chr2	2878000	2879000	354	arm	TRUE	.
Chr2	3024000	3025000	354	arm	TRUE	.
Chr2	3300000	3301000	354	arm	TRUE	.
Chr2	3921000	3922000	354	arm	TRUE	.
Chr2	4047000	4048000	354	arm	TRUE	.
Chr2	4361000	4362000	354	arm	TRUE	.
Chr2	4968000	4969000	354	arm	TRUE	.
Chr4	332000	333000	354	arm	TRUE	.
Chr4	985000	986000	354	arm	TRUE	.
Chr2	1864000	1865000	353	arm	TRUE	.
Chr2	2437000	2438000	353	arm	TRUE	.
Chr2	2634000	2635000	353	arm	TRUE	.
Chr2	3395000	3396000	353	arm	TRUE	.
Chr2	3909000	3910000	353	arm	TRUE	.
Chr2	5241000	5242000	353	arm	TRUE	.
Chr2	8888000	8889000	353	pericentromere	FALSE	.
Chr4	2354000	2355000	353	arm	TRUE	.
Chr4	2509000	2510000	353	arm	TRUE	.
Chr4	3594000	3595000	353	arm	TRUE	.
Chr4	699000	700000	353	arm	TRUE	.
Chr1	14803000	14804000	352	pericentromere	FALSE	.
Chr2	1041000	1042000	352	arm	TRUE	.
Chr2	1255000	1256000	352	arm	TRUE	.
Chr2	1737000	1738000	352	arm	TRUE	.
Chr2	1951000	1952000	352	arm	TRUE	.
Chr2	3011000	3012000	352	arm	TRUE	.
Chr2	3014000	3015000	352	arm	TRUE	.
Chr2	3362000	3363000	352	arm	TRUE	.
Chr2	4198000	4199000	352	arm	TRUE	.
Chr2	4483000	4484000	352	arm	TRUE	.
Chr2	5013000	5014000	352	arm	TRUE	.
Chr2	582000	583000	352	arm	TRUE	.
Chr2	659000	660000	352	arm	TRUE	.
Chr2	741000	742000	352	arm	TRUE	.
Chr4	2948000	2949000	352	arm	TRUE	.
Chr4	681000	682000	352	arm	TRUE	.
Chr5	11346000	11347000	352	pericentromere	FALSE	.
Chr2	1295000	1296000	351	arm	TRUE	.
Chr2	1540000	1541000	351	arm	TRUE	.
Chr2	1780000	1781000	351	arm	TRUE	.
Chr2	2121000	2122000	351	arm	TRUE	.
Chr2	2551000	2552000	351	arm	TRUE	.
Chr2	3022000	3023000	351	arm	TRUE	.
Chr2	3106000	3107000	351	arm	TRUE	.
Chr2	3108000	3109000	351	arm	TRUE	.
Chr2	3380000	3381000	351	arm	TRUE	.
Chr2	3827000	3828000	351	arm	TRUE	.
Chr2	4176000	4177000	351	arm	TRUE	.
Chr2	428000	429000	351	arm	TRUE	.
Chr2	4397000	4398000	351	arm	TRUE	.
Chr2	5152000	5153000	351	arm	TRUE	.
Chr4	1618000	1619000	351	arm	TRUE	.
Chr4	3001000	3002000	351	arm	TRUE	.
Chr4	3806000	3807000	351	arm	TRUE	.
Chr4	643000	644000	351	arm	TRUE	.
Chr2	1222000	1223000	350	arm	TRUE	.
Chr2	153000	154000	350	arm	TRUE	.
Chr2	2365000	2366000	350	arm	TRUE	.
Chr2	361000	362000	350	arm	TRUE	.
Chr2	3856000	3857000	350	arm	TRUE	.
Chr2	4356000	4357000	350	arm	TRUE	.
Chr2	4435000	4436000	350	arm	TRUE	.
Chr2	530000	531000	350	arm	TRUE	.
Chr2	8861000	8862000	350	pericentromere	FALSE	.
Chr4	2553000	2554000	350	arm	TRUE	.
Chr4	2918000	2919000	350	arm	TRUE	.
Chr4	39000	40000	350	arm	TRUE	.
Chr4	625000	626000	350	arm	TRUE	.
Chr2	2171000	2172000	349	arm	TRUE	.
Chr2	2734000	2735000	349	arm	TRUE	.
Chr2	3086000	3087000	349	arm	TRUE	.
Chr2	3261000	3262000	349	arm	TRUE	.
Chr2	3457000	3458000	349	arm	TRUE	.
Chr2	3809000	3810000	349	arm	TRUE	.
Chr2	4543000	4544000	349	arm	TRUE	.
Chr2	4645000	4646000	349	arm	TRUE	.
Chr2	9008000	9009000	349	pericentromere	FALSE	.
Chr2	927000	928000	349	arm	TRUE	.
Chr4	1192000	1193000	349	arm	TRUE	.
Chr4	3657000	3658000	349	arm	TRUE	.
Chr4	487000	488000	349	arm	TRUE	.
Chr4	770000	771000	349	arm	TRUE	.
Chr2	1300000	1301000	348	arm	TRUE	.
Chr2	2297000	2298000	348	arm	TRUE	.
Chr2	3832000	3833000	348	arm	TRUE	.
Chr2	4045000	4046000	348	arm	TRUE	.
Chr2	4540000	4541000	348	arm	TRUE	.
Chr2	8743000	8744000	348	pericentromere	FALSE	.
Chr2	96000	97000	348	arm	TRUE	.
Chr4	1496000	1497000	348	arm	TRUE	.
Chr4	2271000	2272000	348	arm	TRUE	.
Chr4	3818000	3819000	348	arm	TRUE	.
Chr2	1054000	1055000	347	arm	TRUE	.
Chr2	1776000	1777000	347	arm	TRUE	.
Chr2	1953000	1954000	347	arm	TRUE	.
Chr2	2653000	2654000	347	arm	TRUE	.
Chr2	2857000	2858000	347	arm	TRUE	.
Chr2	3766000	3767000	347	arm	TRUE	.
Chr2	3950000	3951000	347	arm	TRUE	.
Chr2	4178000	4179000	347	arm	TRUE	.
Chr2	4233000	4234000	347	arm	TRUE	.
Chr2	434000	435000	347	arm	TRUE	.
Chr2	4412000	4413000	347	arm	TRUE	.
Chr2	4991000	4992000	347	arm	TRUE	.
Chr2	5011000	5012000	347	arm	TRUE	.
Chr2	5016000	5017000	347	arm	TRUE	.
Chr2	5017000	5018000	347	arm	TRUE	.
Chr2	5337000	5338000	347	arm	TRUE	.
Chr2	72000	73000	347	arm	TRUE	.
Chr2	756000	757000	347	arm	TRUE	.
Chr2	886000	887000	347	arm	TRUE	.
Chr2	9059000	9060000	347	pericentromere	FALSE	.
Chr4	1462000	1463000	347	arm	TRUE	.
Chr4	1737000	1738000	347	arm	TRUE	.
Chr4	2604000	2605000	347	arm	TRUE	.
Chr4	3012000	3013000	347	arm	TRUE	.
Chr2	1052000	1053000	346	arm	TRUE	.
Chr2	1214000	1215000	346	arm	TRUE	.
Chr2	127000	128000	346	arm	TRUE	.
Chr2	1622000	1623000	346	arm	TRUE	.
Chr2	1673000	1674000	346	arm	TRUE	.
Chr2	169000	170000	346	arm	TRUE	.
Chr2	1941000	1942000	346	arm	TRUE	.
Chr2	2775000	2776000	346	arm	TRUE	.
Chr2	3611000	3612000	346	arm	TRUE	.
Chr2	3854000	3855000	346	arm	TRUE	.
Chr2	4089000	4090000	346	arm	TRUE	.
Chr4	2146000	2147000	346	arm	TRUE	.
Chr4	512000	513000	346	arm	TRUE	.
Chr4	578000	579000	346	arm	TRUE	.
Chr4	823000	824000	346	arm	TRUE	.
Chr5	11153000	11154000	346	pericentromere	FALSE	.
Chr2	3316000	3317000	345	arm	TRUE	.
Chr2	343000	344000	345	arm	TRUE	.
Chr2	3680000	3681000	345	arm	TRUE	.
Chr2	3915000	3916000	345	arm	TRUE	.
Chr2	4878000	4879000	345	arm	TRUE	.
Chr2	540000	541000	345	arm	TRUE	.
Chr4	1307000	1308000	345	arm	TRUE	.
Chr4	1635000	1636000	345	arm	TRUE	.
Chr4	3230000	3231000	345	arm	TRUE	.
Chr4	3717000	3718000	345	arm	TRUE	.
Chr4	3837000	3838000	345	arm	TRUE	.
Chr4	648000	649000	345	arm	TRUE	.
Chr4	82000	83000	345	arm	TRUE	.
Chr2	1094000	1095000	344	arm	TRUE	.
Chr2	1840000	1841000	344	arm	TRUE	.
Chr2	2850000	2851000	344	arm	TRUE	.
Chr2	4121000	4122000	344	arm	TRUE	.
Chr2	4135000	4136000	344	arm	TRUE	.
Chr2	4282000	4283000	344	arm	TRUE	.
Chr2	4349000	4350000	344	arm	TRUE	.
Chr2	4677000	4678000	344	arm	TRUE	.
Chr4	1378000	1379000	344	arm	TRUE	.
Chr4	197000	198000	344	arm	TRUE	.
Chr4	2167000	2168000	344	arm	TRUE	.
Chr5	12505000	12506000	344	centromere	FALSE	.
Chr2	1765000	1766000	343	arm	TRUE	.
Chr2	2201000	2202000	343	arm	TRUE	.
Chr2	2506000	2507000	343	arm	TRUE	.
Chr2	3728000	3729000	343	arm	TRUE	.
Chr2	4325000	4326000	343	arm	TRUE	.
Chr2	458000	459000	343	arm	TRUE	.
Chr4	1118000	1119000	343	arm	TRUE	.
Chr4	1239000	1240000	343	arm	TRUE	.
Chr4	2463000	2464000	343	arm	TRUE	.
Chr4	2658000	2659000	343	arm	TRUE	.
Chr4	2860000	2861000	343	arm	TRUE	.
Chr4	430000	431000	343	arm	TRUE	.
Chr4	977000	978000	343	arm	TRUE	.
Chr2	2524000	2525000	342	arm	TRUE	.
Chr2	2791000	2792000	342	arm	TRUE	.
Chr2	3068000	3069000	342	arm	TRUE	.
Chr2	3180000	3181000	342	arm	TRUE	.
Chr2	3579000	3580000	342	arm	TRUE	.
Chr2	369000	370000	342	arm	TRUE	.
Chr2	5335000	5336000	342	arm	TRUE	.
Chr2	790000	791000	342	arm	TRUE	.
Chr4	1090000	1091000	342	arm	TRUE	.
Chr4	2115000	2116000	342	arm	TRUE	.
Chr4	2333000	2334000	342	arm	TRUE	.
Chr4	450000	451000	342	arm	TRUE	.
Chr4	894000	895000	342	arm	TRUE	.
Chr2	3209000	3210000	341	arm	TRUE	.
Chr2	3211000	3212000	341	arm	TRUE	.
Chr2	383000	384000	341	arm	TRUE	.
Chr2	3901000	3902000	341	arm	TRUE	.
Chr2	4438000	4439000	341	arm	TRUE	.
Chr4	1643000	1644000	341	arm	TRUE	.
Chr4	1979000	1980000	341	arm	TRUE	.
Chr4	2083000	2084000	341	arm	TRUE	.
Chr4	2164000	2165000	341	arm	TRUE	.
Chr4	2828000	2829000	341	arm	TRUE	.
Chr4	3569000	3570000	341	arm	TRUE	.
Chr4	3698000	3699000	341	arm	TRUE	.
Chr2	1348000	1349000	340	arm	TRUE	.
Chr2	1598000	1599000	340	arm	TRUE	.
Chr2	1716000	1717000	340	arm	TRUE	.
Chr2	1935000	1936000	340	arm	TRUE	.
Chr2	2922000	2923000	340	arm	TRUE	.
Chr2	303000	304000	340	arm	TRUE	.
Chr2	317000	318000	340	arm	TRUE	.
Chr2	344000	345000	340	arm	TRUE	.
Chr2	4202000	4203000	340	arm	TRUE	.
Chr2	4711000	4712000	340	arm	TRUE	.
Chr2	490000	491000	340	arm	TRUE	.
Chr2	4949000	4950000	340	arm	TRUE	.
Chr4	1158000	1159000	340	arm	TRUE	.
Chr4	1831000	1832000	340	arm	TRUE	.
Chr4	2656000	2657000	340	arm	TRUE	.
Chr4	2876000	2877000	340	arm	TRUE	.
Chr4	3126000	3127000	340	arm	TRUE	.
Chr4	3622000	3623000	340	arm	TRUE	.
Chr4	47000	48000	340	arm	TRUE	.
Chr4	845000	846000	340	arm	TRUE	.
Chr1	18201000	18202000	339	pericentromere	FALSE	.
Chr1	8796000	8797000	339	arm	FALSE	.
Chr2	1135000	1136000	339	arm	TRUE	.
Chr2	1359000	1360000	339	arm	TRUE	.
Chr2	2029000	2030000	339	arm	TRUE	.
Chr2	2307000	2308000	339	arm	TRUE	.
Chr2	3145000	3146000	339	arm	TRUE	.
Chr2	3445000	3446000	339	arm	TRUE	.
Chr2	3858000	3859000	339	arm	TRUE	.
Chr2	3947000	3948000	339	arm	TRUE	.
Chr2	4951000	4952000	339	arm	TRUE	.
Chr3	12974000	12975000	339	pericentromere	FALSE	.
Chr4	1085000	1086000	339	arm	TRUE	.
Chr4	1464000	1465000	339	arm	TRUE	.
Chr4	1809000	1810000	339	arm	TRUE	.
Chr4	787000	788000	339	arm	TRUE	.
Chr2	1594000	1595000	338	arm	TRUE	.
Chr2	1991000	1992000	338	arm	TRUE	.
Chr2	2345000	2346000	338	arm	TRUE	.
Chr2	240000	241000	338	arm	TRUE	.
Chr2	2430000	2431000	338	arm	TRUE	.
Chr2	2693000	2694000	338	arm	TRUE	.
Chr2	4496000	4497000	338	arm	TRUE	.
Chr2	5205000	5206000	338	arm	TRUE	.
Chr2	641000	642000	338	arm	TRUE	.
Chr2	8690000	8691000	338	pericentromere	FALSE	.
Chr4	1925000	1926000	338	arm	TRUE	.
Chr4	2000000	2001000	338	arm	TRUE	.
Chr4	2458000	2459000	338	arm	TRUE	.
Chr4	2631000	2632000	338	arm	TRUE	.
Chr4	2949000	2950000	338	arm	TRUE	.
Chr4	986000	987000	338	arm	TRUE	.
Chr2	1105000	1106000	337	arm	TRUE	.
Chr2	1160000	1161000	337	arm	TRUE	.
Chr2	2391000	2392000	337	arm	TRUE	.
Chr2	2806000	2807000	337	arm	TRUE	.
Chr2	2833000	2834000	337	arm	TRUE	.
Chr2	3203000	3204000	337	arm	TRUE	.
Chr2	3345000	3346000	337	arm	TRUE	.
Chr2	3372000	3373000	337	arm	TRUE	.
Chr2	4617000	4618000	337	arm	TRUE	.
Chr2	640000	641000	337	arm	TRUE	.
Chr2	796000	797000	337	arm	TRUE	.
Chr2	890000	891000	337	arm	TRUE	.
Chr2	9070000	9071000	337	pericentromere	FALSE	.
Chr4	1375000	1376000	337	arm	TRUE	.
Chr4	2457000	2458000	337	arm	TRUE	.
Chr4	3075000	3076000	337	arm	TRUE	.
Chr4	3501000	3502000	337	arm	TRUE	.
Chr4	3846000	3847000	337	arm	TRUE	.
Chr5	15050000	15051000	337	centromere	FALSE	AT5G69571
Chr2	2522000	2523000	336	arm	TRUE	.
Chr2	4146000	4147000	336	arm	TRUE	.
Chr2	4200000	4201000	336	arm	TRUE	.
Chr2	4210000	4211000	336	arm	TRUE	.
Chr2	5232000	5233000	336	arm	TRUE	.
Chr2	747000	748000	336	arm	TRUE	.
Chr4	1100000	1101000	336	arm	TRUE	.
Chr4	1255000	1256000	336	arm	TRUE	.
Chr4	1989000	1990000	336	arm	TRUE	.
Chr4	2021000	2022000	336	arm	TRUE	.
Chr4	636000	637000	336	arm	TRUE	.
Chr5	16414000	16415000	336	pericentromere	FALSE	AT5G69690
Chr1	8812000	8813000	335	arm	FALSE	.
Chr2	1331000	1332000	335	arm	TRUE	.
Chr2	1701000	1702000	335	arm	TRUE	.
Chr2	3416000	3417000	335	arm	TRUE	.
Chr2	3815000	3816000	335	arm	TRUE	.
Chr2	4213000	4214000	335	arm	TRUE	.
Chr2	4486000	4487000	335	arm	TRUE	.
Chr2	4774000	4775000	335	arm	TRUE	.
Chr4	1072000	1073000	335	arm	TRUE	.
Chr4	1349000	1350000	335	arm	TRUE	.
Chr4	2255000	2256000	335	arm	TRUE	.
Chr4	2723000	2724000	335	arm	TRUE	.
Chr4	2866000	2867000	335	arm	TRUE	.
Chr4	3209000	3210000	335	arm	TRUE	.
Chr4	3269000	3270000	335	arm	TRUE	.
Chr4	443000	444000	335	arm	TRUE	.
Chr4	94000	95000	335	arm	TRUE	.
Chr5	14490000	14491000	335	centromere	FALSE	.
Chr2	2185000	2186000	334	arm	TRUE	.
Chr2	2242000	2243000	334	arm	TRUE	.
Chr2	2315000	2316000	334	arm	TRUE	.
Chr2	2564000	2565000	334	arm	TRUE	.
Chr2	3436000	3437000	334	arm	TRUE	.
Chr2	3489000	3490000	334	arm	TRUE	.
Chr2	4581000	4582000	334	arm	TRUE	.
Chr2	578000	579000	334	arm	TRUE	.
Chr2	884000	885000	334	arm	TRUE	.
Chr2	988000	989000	334	arm	TRUE	.
Chr4	521000	522000	334	arm	TRUE	.
Chr4	827000	828000	334	arm	TRUE	.
Chr2	131000	132000	333	arm	TRUE	.
Chr2	1904000	1905000	333	arm	TRUE	.
Chr2	2301000	2302000	333	arm	TRUE	.
Chr2	2471000	2472000	333	arm	TRUE	.
Chr2	2482000	2483000	333	arm	TRUE	.
Chr2	255000	256000	333	arm	TRUE	.
Chr2	3141000	3142000	333	arm	TRUE	.
Chr2	3520000	3521000	333	arm	TRUE	.
Chr2	3799000	3800000	333	arm	TRUE	.
Chr2	384000	385000	333	arm	TRUE	.
Chr2	5292000	5293000	333	arm	TRUE	.
Chr2	558000	559000	333	arm	TRUE	.
Chr4	1257000	1258000	333	arm	TRUE	.
Chr4	3626000	3627000	333	arm	TRUE	.
Chr4	3686000	3687000	333	arm	TRUE	.
Chr2	1048000	1049000	332	arm	TRUE	.
Chr2	1669000	1670000	332	arm	TRUE	.
Chr2	1732000	1733000	332	arm	TRUE	.
Chr2	1801000	1802000	332	arm	TRUE	.
Chr2	1833000	1834000	332	arm	TRUE	.
Chr2	2003000	2004000	332	arm	TRUE	.
Chr2	2493000	2494000	332	arm	TRUE	.
Chr2	2797000	2798000	332	arm	TRUE	.
Chr2	313000	314000	332	arm	TRUE	.
Chr2	3923000	3924000	332	arm	TRUE	.
Chr2	983000	984000	332	arm	TRUE	.
Chr4	1285000	1286000	332	arm	TRUE	.
Chr4	2385000	2386000	332	arm	TRUE	.
Chr2	2880000	2881000	331	arm	TRUE	.
Chr2	2935000	2936000	331	arm	TRUE	.
Chr2	3093000	3094000	331	arm	TRUE	.
Chr2	4866000	4867000	331	arm	TRUE	.
Chr4	1073000	1074000	331	arm	TRUE	.
Chr4	3116000	3117000	331	arm	TRUE	.
Chr4	3241000	3242000	331	arm	TRUE	.
Chr4	3563000	3564000	331	arm	TRUE	.
Chr4	543000	544000	331	arm	TRUE	.
Chr2	1288000	1289000	330	arm	TRUE	.
Chr2	1332000	1333000	330	arm	TRUE	.
Chr2	1620000	1621000	330	arm	TRUE	.
Chr2	1877000	1878000	330	arm	TRUE	.
Chr2	2362000	2363000	330	arm	TRUE	.
Chr2	2903000	2904000	330	arm	TRUE	.
Chr2	3385000	3386000	330	arm	TRUE	.
Chr2	3488000	3489000	330	arm	TRUE	.
Chr2	3549000	3550000	330	arm	TRUE	.
Chr2	4700000	4701000	330	arm	TRUE	.
Chr2	4763000	4764000	330	arm	TRUE	.
Chr2	4869000	4870000	330	arm	TRUE	.
Chr2	61000	62000	330	arm	TRUE	.
Chr2	80000	81000	330	arm	TRUE	.
Chr4	2418000	2419000	330	arm	TRUE	.
Chr4	3272000	3273000	330	arm	TRUE	.
Chr2	1150000	1151000	329	arm	TRUE	.
Chr2	1914000	1915000	329	arm	TRUE	.
Chr2	2130000	2131000	329	arm	TRUE	.
Chr2	2521000	2522000	329	arm	TRUE	.
Chr2	3077000	3078000	329	arm	TRUE	.
Chr2	3565000	3566000	329	arm	TRUE	.
Chr2	363000	364000	329	arm	TRUE	.
Chr2	3945000	3946000	329	arm	TRUE	.
Chr2	4124000	4125000	329	arm	TRUE	.
Chr2	4754000	4755000	329	arm	TRUE	.
Chr2	4882000	4883000	329	arm	TRUE	.
Chr2	646000	647000	329	arm	TRUE	.
Chr4	1410000	1411000	329	arm	TRUE	.
Chr4	1544000	1545000	329	arm	TRUE	.
Chr4	1784000	1785000	329	arm	TRUE	.
Chr4	2380000	2381000	329	arm	TRUE	.
Chr4	2585000	2586000	329	arm	TRUE	.
Chr2	1829000	1830000	328	arm	TRUE	.
Chr2	3823000	3824000	328	arm	TRUE	.
Chr2	4702000	4703000	328	arm	TRUE	.
Chr2	4898000	4899000	328	arm	TRUE	.
Chr2	5264000	5265000	328	arm	TRUE	.
Chr2	9061000	9062000	328	pericentromere	FALSE	.
Chr4	1320000	1321000	328	arm	TRUE	.
Chr4	1752000	1753000	328	arm	TRUE	.
Chr4	2136000	2137000	328	arm	TRUE	.
Chr4	2177000	2178000	328	arm	TRUE	.
Chr4	752000	753000	328	arm	TRUE	.
Chr2	119000	120000	327	arm	TRUE	.
Chr2	1641000	1642000	327	arm	TRUE	.
Chr2	1910000	1911000	327	arm	TRUE	.
Chr2	2032000	2033000	327	arm	TRUE	.
Chr2	2686000	2687000	327	arm	TRUE	.
Chr2	3415000	3416000	327	arm	TRUE	.
Chr2	3544000	3545000	327	arm	TRUE	.
Chr2	4179000	4180000	327	arm	TRUE	.
Chr2	4928000	4929000	327	arm	TRUE	.
Chr2	5004000	5005000	327	arm	TRUE	.
Chr2	60000	61000	327	arm	TRUE	.
Chr2	842000	843000	327	arm	TRUE	.
Chr4	1372000	1373000	327	arm	TRUE	.
Chr4	1764000	1765000	327	arm	TRUE	.
Chr2	1410000	1411000	326	arm	TRUE	.
Chr2	1596000	1597000	326	arm	TRUE	.
Chr2	2069000	2070000	326	arm	TRUE	.
Chr2	2860000	2861000	326	arm	TRUE	.
Chr2	2933000	2934000	326	arm	TRUE	.
Chr2	3242000	3243000	326	arm	TRUE	.
Chr2	3354000	3355000	326	arm	TRUE	.
Chr2	3382000	3383000	326	arm	TRUE	.
Chr2	4419000	4420000	326	arm	TRUE	.
Chr2	4421000	4422000	326	arm	TRUE	.
Chr2	4551000	4552000	326	arm	TRUE	.
Chr2	8948000	8949000	326	pericentromere	FALSE	.
Chr4	2240000	2241000	326	arm	TRUE	.
Chr4	2532000	2533000	326	arm	TRUE	.
Chr4	2883000	2884000	326	arm	TRUE	.
Chr4	3797000	3798000	326	arm	TRUE	.
Chr4	501000	502000	326	arm	TRUE	.
Chr5	14887000	14888000	326	centromere	FALSE	AT5G69554
Chr2	1770000	1771000	325	arm	TRUE	.
Chr2	1807000	1808000	325	arm	TRUE	.
Chr2	2422000	2423000	325	arm	TRUE	.
Chr2	2688000	2689000	325	arm	TRUE	.
Chr2	3259000	3260000	325	arm	TRUE	.
Chr2	3791000	3792000	325	arm	TRUE	.
Chr2	3847000	3848000	325	arm	TRUE	.
Chr2	4279000	4280000	325	arm	TRUE	.
Chr2	4699000	4700000	325	arm	TRUE	.
Chr4	1524000	1525000	325	arm	TRUE	.
Chr4	2052000	2053000	325	arm	TRUE	.
Chr4	3334000	3335000	325	arm	TRUE	.
Chr2	2277000	2278000	324	arm	TRUE	.
Chr2	4014000	4015000	324	arm	TRUE	.
Chr2	4689000	4690000	324	arm	TRUE	.
Chr2	8766000	8767000	324	pericentromere	FALSE	.
Chr2	8850000	8851000	324	pericentromere	FALSE	.
Chr2	9005000	9006000	324	pericentromere	FALSE	.
Chr2	9184000	9185000	324	pericentromere	FALSE	.
Chr4	1080000	1081000	324	arm	TRUE	.
Chr4	1110000	1111000	324	arm	TRUE	.
Chr4	1622000	1623000	324	arm	TRUE	.
Chr4	3143000	3144000	324	arm	TRUE	.
Chr2	157000	158000	323	arm	TRUE	.
Chr2	1679000	1680000	323	arm	TRUE	.
Chr2	1782000	1783000	323	arm	TRUE	.
Chr2	1874000	1875000	323	arm	TRUE	.
Chr2	2059000	2060000	323	arm	TRUE	.
Chr2	2132000	2133000	323	arm	TRUE	.
Chr2	3649000	3650000	323	arm	TRUE	.
Chr2	3936000	3937000	323	arm	TRUE	.
Chr2	4017000	4018000	323	arm	TRUE	.
Chr2	4144000	4145000	323	arm	TRUE	.
Chr2	4507000	4508000	323	arm	TRUE	.
Chr2	5229000	5230000	323	arm	TRUE	.
Chr2	9157000	9158000	323	pericentromere	FALSE	.
Chr4	1841000	1842000	323	arm	TRUE	.
Chr4	399000	400000	323	arm	TRUE	.
Chr2	1077000	1078000	322	arm	TRUE	.
Chr2	1079000	1080000	322	arm	TRUE	.
Chr2	1140000	1141000	322	arm	TRUE	.
Chr2	1192000	1193000	322	arm	TRUE	.
Chr2	1342000	1343000	322	arm	TRUE	.
Chr2	1652000	1653000	322	arm	TRUE	.
Chr2	2279000	2280000	322	arm	TRUE	.
Chr2	2571000	2572000	322	arm	TRUE	.
Chr2	4063000	4064000	322	arm	TRUE	.
Chr2	4466000	4467000	322	arm	TRUE	.
Chr2	4891000	4892000	322	arm	TRUE	.
Chr2	4980000	4981000	322	arm	TRUE	.
Chr4	1768000	1769000	322	arm	TRUE	.
Chr4	2292000	2293000	322	arm	TRUE	.
Chr4	3439000	3440000	322	arm	TRUE	.
Chr4	3460000	3461000	322	arm	TRUE	.
Chr4	3511000	3512000	322	arm	TRUE	.
Chr2	1016000	1017000	321	arm	TRUE	.
Chr2	1584000	1585000	321	arm	TRUE	.
Chr2	1989000	1990000	321	arm	TRUE	.
Chr2	200000	201000	321	arm	TRUE	.
Chr2	2573000	2574000	321	arm	TRUE	.
Chr2	2629000	2630000	321	arm	TRUE	.
Chr2	2696000	2697000	321	arm	TRUE	.
Chr2	3046000	3047000	321	arm	TRUE	.
Chr2	3722000	3723000	321	arm	TRUE	.
Chr2	3731000	3732000	321	arm	TRUE	.
Chr2	4680000	4681000	321	arm	TRUE	.
Chr2	4859000	4860000	321	arm	TRUE	.
Chr2	4993000	4994000	321	arm	TRUE	.
Chr4	1694000	1695000	321	arm	TRUE	.
Chr4	2382000	2383000	321	arm	TRUE	.
Chr4	2887000	2888000	321	arm	TRUE	.
Chr4	3507000	3508000	321	arm	TRUE	.
Chr4	915000	916000	321	arm	TRUE	.
Chr2	107000	108000	320	arm	TRUE	.
Chr2	3424000	3425000	320	arm	TRUE	.
Chr2	3500000	3501000	320	arm	TRUE	.
Chr2	3553000	3554000	320	arm	TRUE	.
Chr2	3776000	3777000	320	arm	TRUE	.
Chr2	4182000	4183000	320	arm	TRUE	.
Chr2	4538000	4539000	320	arm	TRUE	.
Chr2	4833000	4834000	320	arm	TRUE	.
Chr2	5197000	5198000	320	arm	TRUE	.
Chr4	1306000	1307000	320	arm	TRUE	.
Chr4	3781000	3782000	320	arm	TRUE	.
Chr2	1234000	1235000	319	arm	TRUE	.
Chr2	1595000	1596000	319	arm	TRUE	.
Chr2	2222000	2223000	319	arm	TRUE	.
Chr2	2256000	2257000	319	arm	TRUE	.
Chr2	2808000	2809000	319	arm	TRUE	.
Chr2	2826000	2827000	319	arm	TRUE	.
Chr2	352000	353000	319	arm	TRUE	.
Chr2	3826000	3827000	319	arm	TRUE	.
Chr2	5316000	5317000	319	arm	TRUE	.
Chr2	706000	707000	319	arm	TRUE	.
Chr4	1182000	1183000	319	arm	TRUE	.
Chr4	1673000	1674000	319	arm	TRUE	.
Chr4	244000	245000	319	arm	TRUE	.
Chr4	328000	329000	319	arm	TRUE	.
Chr2	2038000	2039000	318	arm	TRUE	.
Chr2	2317000	2318000	318	arm	TRUE	.
Chr2	2451000	2452000	318	arm	TRUE	.
Chr2	2509000	2510000	318	arm	TRUE	.
Chr2	2542000	2543000	318	arm	TRUE	.
Chr2	2778000	2779000	318	arm	TRUE	.
Chr2	2954000	2955000	318	arm	TRUE	.
Chr2	3491000	3492000	318	arm	TRUE	.
Chr2	3613000	3614000	318	arm	TRUE	.
Chr2	468000	469000	318	arm	TRUE	.
Chr4	2962000	2963000	318	arm	TRUE	.
Chr4	341000	342000	318	arm	TRUE	.
Chr4	461000	462000	318	arm	TRUE	.
Chr2	1035000	1036000	317	arm	TRUE	.
Chr2	1148000	1149000	317	arm	TRUE	.
Chr2	3044000	3045000	317	arm	TRUE	.
Chr2	422000	423000	317	arm	TRUE	.
Chr2	5010000	5011000	317	arm	TRUE	.
Chr2	5142000	5143000	317	arm	TRUE	.
Chr2	9087000	9088000	317	pericentromere	FALSE	.
Chr4	3346000	3347000	317	arm	TRUE	.
Chr4	3811000	3812000	317	arm	TRUE	.
Chr5	12598000	12599000	317	centromere	FALSE	AT5G69526
Chr2	1256000	1257000	316	arm	TRUE	.
Chr2	145000	146000	316	arm	TRUE	.
Chr2	1662000	1663000	316	arm	TRUE	.
Chr2	3132000	3133000	316	arm	TRUE	.
Chr2	3735000	3736000	316	arm	TRUE	.
Chr2	4432000	4433000	316	arm	TRUE	.
Chr2	5270000	5271000	316	arm	TRUE	.
Chr2	667000	668000	316	arm	TRUE	.
Chr2	8714000	8715000	316	pericentromere	FALSE	.
Chr2	925000	926000	316	arm	TRUE	.
Chr4	2093000	2094000	316	arm	TRUE	.
Chr4	2721000	2722000	316	arm	TRUE	.
Chr4	3064000	3065000	316	arm	TRUE	.
Chr4	3742000	3743000	316	arm	TRUE	.
Chr2	1000000	1001000	315	arm	TRUE	.
Chr2	1213000	1214000	315	arm	TRUE	.
Chr2	1521000	1522000	315	arm	TRUE	.
Chr2	176000	177000	315	arm	TRUE	.
Chr2	2553000	2554000	315	arm	TRUE	.
Chr2	2992000	2993000	315	arm	TRUE	.
Chr2	4333000	4334000	315	arm	TRUE	.
Chr2	4960000	4961000	315	arm	TRUE	.
Chr2	576000	577000	315	arm	TRUE	.
Chr2	8804000	8805000	315	pericentromere	FALSE	.
Chr4	1354000	1355000	315	arm	TRUE	.
Chr4	2209000	2210000	315	arm	TRUE	.
Chr4	2242000	2243000	315	arm	TRUE	.
Chr4	2941000	2942000	315	arm	TRUE	.
Chr2	147000	148000	314	arm	TRUE	.
Chr2	2193000	2194000	314	arm	TRUE	.
Chr2	2217000	2218000	314	arm	TRUE	.
Chr2	2943000	2944000	314	arm	TRUE	.
Chr2	3227000	3228000	314	arm	TRUE	.
Chr2	4440000	4441000	314	arm	TRUE	.
Chr2	4734000	4735000	314	arm	TRUE	.
Chr2	4776000	4777000	314	arm	TRUE	.
Chr2	4972000	4973000	314	arm	TRUE	.
Chr2	5007000	5008000	314	arm	TRUE	.
Chr4	1120000	1121000	314	arm	TRUE	.
Chr4	1587000	1588000	314	arm	TRUE	.
Chr4	2836000	2837000	314	arm	TRUE	.
Chr4	3308000	3309000	314	arm	TRUE	.
Chr4	753000	754000	314	arm	TRUE	.
Chr2	1254000	1255000	313	arm	TRUE	.
Chr2	1267000	1268000	313	arm	TRUE	.
Chr2	134000	135000	313	arm	TRUE	.
Chr2	1787000	1788000	313	arm	TRUE	.
Chr2	1889000	1890000	313	arm	TRUE	.
Chr2	2002000	2003000	313	arm	TRUE	.
Chr2	2566000	2567000	313	arm	TRUE	.
Chr2	2764000	2765000	313	arm	TRUE	.
Chr2	3098000	3099000	313	arm	TRUE	.
Chr2	3221000	3222000	313	arm	TRUE	.
Chr2	334000	335000	313	arm	TRUE	.
Chr2	3522000	3523000	313	arm	TRUE	.
Chr2	3557000	3558000	313	arm	TRUE	.
Chr2	3972000	3973000	313	arm	TRUE	.
Chr2	4604000	4605000	313	arm	TRUE	.
Chr2	4981000	4982000	313	arm	TRUE	.
Chr2	5000	6000	313	arm	TRUE	.
Chr2	715000	716000	313	arm	TRUE	.
Chr4	730000	731000	313	arm	TRUE	.
Chr2	1320000	1321000	312	arm	TRUE	.
Chr2	1513000	1514000	312	arm	TRUE	.
Chr2	1530000	1531000	312	arm	TRUE	.
Chr2	2031000	2032000	312	arm	TRUE	.
Chr2	2080000	2081000	312	arm	TRUE	.
Chr2	2543000	2544000	312	arm	TRUE	.
Chr2	2746000	2747000	312	arm	TRUE	.
Chr2	4211000	4212000	312	arm	TRUE	.
Chr2	4336000	4337000	312	arm	TRUE	.
Chr2	5345000	5346000	312	arm	TRUE	.
Chr4	2392000	2393000	312	arm	TRUE	.
Chr4	2437000	2438000	312	arm	TRUE	.
Chr4	3580000	3581000	312	arm	TRUE	.
Chr4	630000	631000	312	arm	TRUE	.
Chr2	1588000	1589000	311	arm	TRUE	.
Chr2	2758000	2759000	311	arm	TRUE	.
Chr2	3006000	3007000	311	arm	TRUE	.
Chr2	3836000	3837000	311	arm	TRUE	.
Chr2	3925000	3926000	311	arm	TRUE	.
Chr2	4058000	4059000	311	arm	TRUE	.
Chr2	4133000	4134000	311	arm	TRUE	.
Chr2	4275000	4276000	311	arm	TRUE	.
Chr2	4527000	4528000	311	arm	TRUE	.
Chr2	4807000	4808000	311	arm	TRUE	.
Chr2	5052000	5053000	311	arm	TRUE	.
Chr2	587000	588000	311	arm	TRUE	.
Chr2	1211000	1212000	310	arm	TRUE	.
Chr2	1605000	1606000	310	arm	TRUE	.
Chr2	1809000	1810000	310	arm	TRUE	.
Chr2	2438000	2439000	310	arm	TRUE	.
Chr2	2440000	2441000	310	arm	TRUE	.
Chr2	2776000	2777000	310	arm	TRUE	.
Chr2	3273000	3274000	310	arm	TRUE	.
Chr2	3678000	3679000	310	arm	TRUE	.
Chr2	5203000	5204000	310	arm	TRUE	.
Chr4	2132000	2133000	310	arm	TRUE	.
Chr4	2281000	2282000	310	arm	TRUE	.
Chr4	812000	813000	310	arm	TRUE	.
Chr2	1617000	1618000	309	arm	TRUE	.
Chr2	3118000	3119000	309	arm	TRUE	.
Chr2	3624000	3625000	309	arm	TRUE	.
Chr2	4062000	4063000	309	arm	TRUE	.
Chr2	4187000	4188000	309	arm	TRUE	.
Chr2	4649000	4650000	309	arm	TRUE	.
Chr2	744000	745000	309	arm	TRUE	.
Chr2	9072000	9073000	309	pericentromere	FALSE	.
Chr4	226000	227000	309	arm	TRUE	.
Chr4	2541000	2542000	309	arm	TRUE	.
Chr4	2929000	2930000	309	arm	TRUE	.
Chr4	3147000	3148000	309	arm	TRUE	.
Chr4	3271000	3272000	309	arm	TRUE	.
Chr4	3725000	3726000	309	arm	TRUE	.
Chr2	1097000	1098000	308	arm	TRUE	.
Chr2	1203000	1204000	308	arm	TRUE	.
Chr2	1228000	1229000	308	arm	TRUE	.
Chr2	2291000	2292000	308	arm	TRUE	.
Chr2	2372000	2373000	308	arm	TRUE	.
Chr2	2676000	2677000	308	arm	TRUE	.
Chr2	301000	302000	308	arm	TRUE	.
Chr2	3097000	3098000	308	arm	TRUE	.
Chr2	3293000	3294000	308	arm	TRUE	.
Chr2	3324000	3325000	308	arm	TRUE	.
Chr2	4309000	4310000	308	arm	TRUE	.
Chr2	4635000	4636000	308	arm	TRUE	.
Chr2	4856000	4857000	308	arm	TRUE	.
Chr4	1817000	1818000	308	arm	TRUE	.
Chr4	2319000	2320000	308	arm	TRUE	.
Chr4	2625000	2626000	308	arm	TRUE	.
Chr4	3033000	3034000	308	arm	TRUE	.
Chr4	375000	376000	308	arm	TRUE	.
Chr4	3767000	3768000	308	arm	TRUE	.
Chr4	791000	792000	308	arm	TRUE	.
Chr2	1822000	1823000	307	arm	TRUE	.
Chr2	2416000	2417000	307	arm	TRUE	.
Chr2	2490000	2491000	307	arm	TRUE	.
Chr2	2580000	2581000	307	arm	TRUE	.
Chr2	3524000	3525000	307	arm	TRUE	.
Chr2	3977000	3978000	307	arm	TRUE	.
Chr2	4131000	4132000	307	arm	TRUE	.
Chr2	688000	689000	307	arm	TRUE	.
Chr4	1775000	1776000	307	arm	TRUE	.
Chr4	1778000	1779000	307	arm	TRUE	.
Chr4	1913000	1914000	307	arm	TRUE	.
Chr4	2041000	2042000	307	arm	TRUE	.
Chr4	515000	516000	307	arm	TRUE	.
Chr2	1286000	1287000	306	arm	TRUE	.
Chr2	1310000	1311000	306	arm	TRUE	.
Chr2	2152000	2153000	306	arm	TRUE	.
Chr2	2350000	2351000	306	arm	TRUE	.
Chr2	38000	39000	306	arm	TRUE	.
Chr2	4795000	4796000	306	arm	TRUE	.
Chr2	9018000	9019000	306	pericentromere	FALSE	.
Chr4	1403000	1404000	306	arm	TRUE	.
Chr4	1695000	1696000	306	arm	TRUE	.
Chr4	2089000	2090000	306	arm	TRUE	.
Chr4	2540000	2541000	306	arm	TRUE	.
Chr2	1515000	1516000	305	arm	TRUE	.
Chr2	1790000	1791000	305	arm	TRUE	.
Chr2	1863000	1864000	305	arm	TRUE	.
Chr2	2285000	2286000	305	arm	TRUE	.
Chr2	3001000	3002000	305	arm	TRUE	.
Chr2	3131000	3132000	305	arm	TRUE	.
Chr2	3914000	3915000	305	arm	TRUE	.
Chr2	4054000	4055000	305	arm	TRUE	.
Chr2	4302000	4303000	305	arm	TRUE	.
Chr2	4409000	4410000	305	arm	TRUE	.
Chr2	4602000	4603000	305	arm	TRUE	.
Chr2	5235000	5236000	305	arm	TRUE	.
Chr2	602000	603000	305	arm	TRUE	.
Chr2	648000	649000	305	arm	TRUE	.
Chr2	9236000	9237000	305	pericentromere	FALSE	.
Chr4	1070000	1071000	305	arm	TRUE	.
Chr4	575000	576000	305	arm	TRUE	.
Chr2	10621000	10622000	304	centromere	FALSE	.
Chr2	1417000	1418000	304	arm	TRUE	.
Chr2	1936000	1937000	304	arm	TRUE	.
Chr2	3206000	3207000	304	arm	TRUE	.
Chr2	3275000	3276000	304	arm	TRUE	.
Chr2	3627000	3628000	304	arm	TRUE	.
Chr2	4260000	4261000	304	arm	TRUE	.
Chr2	617000	618000	304	arm	TRUE	.
Chr4	3339000	3340000	304	arm	TRUE	.
Chr4	3628000	3629000	304	arm	TRUE	.
Chr2	1076000	1077000	303	arm	TRUE	.
Chr2	1294000	1295000	303	arm	TRUE	.
Chr2	1694000	1695000	303	arm	TRUE	.
Chr2	1831000	1832000	303	arm	TRUE	.
Chr2	1979000	1980000	303	arm	TRUE	.
Chr2	2296000	2297000	303	arm	TRUE	.
Chr2	263000	264000	303	arm	TRUE	.
Chr2	2706000	2707000	303	arm	TRUE	.
Chr2	3139000	3140000	303	arm	TRUE	.
Chr2	4487000	4488000	303	arm	TRUE	.
Chr2	4756000	4757000	303	arm	TRUE	.
Chr2	4803000	4804000	303	arm	TRUE	.
Chr2	5018000	5019000	303	arm	TRUE	.
Chr2	5380000	5381000	303	arm	TRUE	.
Chr2	8730000	8731000	303	pericentromere	FALSE	.
Chr4	2105000	2106000	303	arm	TRUE	.
Chr4	2490000	2491000	303	arm	TRUE	.
Chr4	684000	685000	303	arm	TRUE	.
Chr5	11329000	11330000	303	pericentromere	FALSE	.
Chr2	1684000	1685000	302	arm	TRUE	.
Chr2	1854000	1855000	302	arm	TRUE	.
Chr2	189000	190000	302	arm	TRUE	.
Chr2	2940000	2941000	302	arm	TRUE	.
Chr2	4246000	4247000	302	arm	TRUE	.
Chr2	4355000	4356000	302	arm	TRUE	.
Chr2	4584000	4585000	302	arm	TRUE	.
Chr2	4624000	4625000	302	arm	TRUE	.
Chr2	4979000	4980000	302	arm	TRUE	.
Chr4	176000	177000	302	arm	TRUE	.
Chr4	2121000	2122000	302	arm	TRUE	.
Chr4	2687000	2688000	302	arm	TRUE	.
Chr4	295000	296000	302	arm	TRUE	.
Chr4	824000	825000	302	arm	TRUE	.
Chr2	1002000	1003000	301	arm	TRUE	.
Chr2	1275000	1276000	301	arm	TRUE	.
Chr2	13295000	13296000	301	pericentromere	FALSE	.
Chr2	1981000	1982000	301	arm	TRUE	.
Chr2	2224000	2225000	301	arm	TRUE	.
Chr2	2756000	2757000	301	arm	TRUE	.
Chr2	4028000	4029000	301	arm	TRUE	.
Chr2	4463000	4464000	301	arm	TRUE	.
Chr2	4845000	4846000	301	arm	TRUE	.
Chr2	878000	879000	301	arm	TRUE	.
Chr4	2215000	2216000	301	arm	TRUE	.
Chr4	3472000	3473000	301	arm	TRUE	.
Chr4	353000	354000	301	arm	TRUE	.
Chr4	877000	878000	301	arm	TRUE	.
Chr2	1484000	1485000	300	arm	TRUE	.
Chr2	2308000	2309000	300	arm	TRUE	.
Chr2	2336000	2337000	300	arm	TRUE	.
Chr2	2399000	2400000	300	arm	TRUE	.
Chr2	2492000	2493000	300	arm	TRUE	.
Chr2	252000	253000	300	arm	TRUE	.
Chr2	3608000	3609000	300	arm	TRUE	.
Chr2	4464000	4465000	300	arm	TRUE	.
Chr2	4548000	4549000	300	arm	TRUE	.
Chr2	4983000	4984000	300	arm	TRUE	.
Chr2	5022000	5023000	300	arm	TRUE	.
Chr2	550000	551000	300	arm	TRUE	.
Chr2	979000	980000	300	arm	TRUE	.
Chr4	1183000	1184000	300	arm	TRUE	.
Chr4	1195000	1196000	300	arm	TRUE	.
Chr4	3262000	3263000	300	arm	TRUE	.
Chr4	3391000	3392000	300	arm	TRUE	.
Chr4	3445000	3446000	300	arm	TRUE	.
Chr4	3644000	3645000	300	arm	TRUE	.
Chr2	1185000	1186000	299	arm	TRUE	.
Chr2	2240000	2241000	299	arm	TRUE	.
Chr2	2364000	2365000	299	arm	TRUE	.
Chr2	2425000	2426000	299	arm	TRUE	.
Chr2	257000	258000	299	arm	TRUE	.
Chr2	2894000	2895000	299	arm	TRUE	.
Chr2	2962000	2963000	299	arm	TRUE	.
Chr2	2983000	2984000	299	arm	TRUE	.
Chr2	3313000	3314000	299	arm	TRUE	.
Chr2	4634000	4635000	299	arm	TRUE	.
Chr2	8902000	8903000	299	pericentromere	FALSE	.
Chr4	3315000	3316000	299	arm	TRUE	.
Chr4	3611000	3612000	299	arm	TRUE	.
Chr1	8823000	8824000	298	arm	FALSE	AT1G25025
Chr2	1537000	1538000	298	arm	TRUE	.
Chr2	1967000	1968000	298	arm	TRUE	.
Chr2	2062000	2063000	298	arm	TRUE	.
Chr2	244000	245000	298	arm	TRUE	.
Chr2	2984000	2985000	298	arm	TRUE	.
Chr2	3296000	3297000	298	arm	TRUE	.
Chr2	3604000	3605000	298	arm	TRUE	.
Chr2	3955000	3956000	298	arm	TRUE	.
Chr2	4456000	4457000	298	arm	TRUE	.
Chr4	1327000	1328000	298	arm	TRUE	.
Chr4	1594000	1595000	298	arm	TRUE	.
Chr4	2632000	2633000	298	arm	TRUE	.
Chr4	3397000	3398000	298	arm	TRUE	.
Chr4	808000	809000	298	arm	TRUE	.
Chr2	1024000	1025000	297	arm	TRUE	.
Chr2	1839000	1840000	297	arm	TRUE	.
Chr2	1855000	1856000	297	arm	TRUE	.
Chr2	2840000	2841000	297	arm	TRUE	.
Chr2	2892000	2893000	297	arm	TRUE	.
Chr2	2893000	2894000	297	arm	TRUE	.
Chr2	3965000	3966000	297	arm	TRUE	.
Chr2	4065000	4066000	297	arm	TRUE	.
Chr2	4114000	4115000	297	arm	TRUE	.
Chr2	5024000	5025000	297	arm	TRUE	.
Chr2	5224000	5225000	297	arm	TRUE	.
Chr2	912000	913000	297	arm	TRUE	.
Chr4	1406000	1407000	297	arm	TRUE	.
Chr4	1749000	1750000	297	arm	TRUE	.
Chr4	2080000	2081000	297	arm	TRUE	.
Chr4	3516000	3517000	297	arm	TRUE	.
Chr4	3827000	3828000	297	arm	TRUE	.
Chr2	1695000	1696000	296	arm	TRUE	.
Chr2	1983000	1984000	296	arm	TRUE	.
Chr2	2357000	2358000	296	arm	TRUE	.
Chr2	3028000	3029000	296	arm	TRUE	.
Chr2	4485000	4486000	296	arm	TRUE	.
Chr2	4924000	4925000	296	arm	TRUE	.
Chr2	5261000	5262000	296	arm	TRUE	.
Chr2	678000	679000	296	arm	TRUE	.
Chr4	263000	264000	296	arm	TRUE	.
Chr4	2928000	2929000	296	arm	TRUE	.
Chr4	2987000	2988000	296	arm	TRUE	.
Chr4	3195000	3196000	296	arm	TRUE	.
Chr2	1374000	1375000	295	arm	TRUE	.
Chr2	2129000	2130000	295	arm	TRUE	.
Chr2	2172000	2173000	295	arm	TRUE	.
Chr2	2674000	2675000	295	arm	TRUE	.
Chr2	4510000	4511000	295	arm	TRUE	.
Chr2	637000	638000	295	arm	TRUE	.
Chr4	264000	265000	295	arm	TRUE	.
Chr4	3783000	3784000	295	arm	TRUE	.
Chr4	743000	744000	295	arm	TRUE	.
Chr1	8784000	8785000	294	arm	FALSE	AT1G97850
Chr2	1219000	1220000	294	arm	TRUE	.
Chr2	1303000	1304000	294	arm	TRUE	.
Chr2	1812000	1813000	294	arm	TRUE	.
Chr2	2072000	2073000	294	arm	TRUE	.
Chr2	2119000	2120000	294	arm	TRUE	.
Chr2	235000	236000	294	arm	TRUE	.
Chr2	2376000	2377000	294	arm	TRUE	.
Chr2	2994000	2995000	294	arm	TRUE	.
Chr2	3169000	3170000	294	arm	TRUE	.
Chr2	347000	348000	294	arm	TRUE	.
Chr2	3502000	3503000	294	arm	TRUE	.
Chr2	4890000	4891000	294	arm	TRUE	.
Chr2	749000	750000	294	arm	TRUE	.
Chr2	77000	78000	294	arm	TRUE	.
Chr4	169000	170000	294	arm	TRUE	.
Chr4	2960000	2961000	294	arm	TRUE	.
Chr4	3419000	3420000	294	arm	TRUE	.
Chr4	3749000	3750000	294	arm	TRUE	.
Chr4	3765000	3766000	294	arm	TRUE	.
Chr5	14888000	14889000	294	centromere	FALSE	AT5G69554
Chr2	3498000	3499000	293	arm	TRUE	.
Chr2	3669000	3670000	293	arm	TRUE	.
Chr2	4191000	4192000	293	arm	TRUE	.
Chr2	471000	472000	293	arm	TRUE	.
Chr2	586000	587000	293	arm	TRUE	.
Chr2	620000	621000	293	arm	TRUE	.
Chr2	758000	759000	293	arm	TRUE	.
Chr2	8663000	8664000	293	pericentromere	FALSE	.
Chr2	8871000	8872000	293	pericentromere	FALSE	.
Chr2	964000	965000	293	arm	TRUE	.
Chr2	993000	994000	293	arm	TRUE	.
Chr4	1099000	1100000	293	arm	TRUE	.
Chr4	3455000	3456000	293	arm	TRUE	.
Chr2	1011000	1012000	292	arm	TRUE	.
Chr2	1169000	1170000	292	arm	TRUE	.
Chr2	2388000	2389000	292	arm	TRUE	.
Chr2	3346000	3347000	292	arm	TRUE	.
Chr2	3393000	3394000	292	arm	TRUE	.
Chr2	3780000	3781000	292	arm	TRUE	.
Chr2	3880000	3881000	292	arm	TRUE	.
Chr2	4020000	4021000	292	arm	TRUE	.
Chr2	4142000	4143000	292	arm	TRUE	.
Chr2	4691000	4692000	292	arm	TRUE	.
Chr2	607000	608000	292	arm	TRUE	.
Chr2	9084000	9085000	292	pericentromere	FALSE	.
Chr4	1801000	1802000	292	arm	TRUE	.
Chr4	257000	258000	292	arm	TRUE	.
Chr4	937000	938000	292	arm	TRUE	.
Chr2	1235000	1236000	291	arm	TRUE	.
Chr2	2533000	2534000	291	arm	TRUE	.
Chr2	2695000	2696000	291	arm	TRUE	.
Chr2	2799000	2800000	291	arm	TRUE	.
Chr2	3240000	3241000	291	arm	TRUE	.
Chr2	3413000	3414000	291	arm	TRUE	.
Chr2	41000	42000	291	arm	TRUE	.
Chr2	4157000	4158000	291	arm	TRUE	.
Chr2	4339000	4340000	291	arm	TRUE	.
Chr2	4342000	4343000	291	arm	TRUE	.
Chr2	4563000	4564000	291	arm	TRUE	.
Chr2	4725000	4726000	291	arm	TRUE	.
Chr2	721000	722000	291	arm	TRUE	.
Chr2	969000	970000	291	arm	TRUE	.
Chr4	1121000	1122000	291	arm	TRUE	.
Chr4	1946000	1947000	291	arm	TRUE	.
Chr4	3060000	3061000	291	arm	TRUE	.
Chr4	514000	515000	291	arm	TRUE	.
Chr4	87000	88000	291	arm	TRUE	.
Chr2	1224000	1225000	290	arm	TRUE	.
Chr2	1299000	1300000	290	arm	TRUE	.
Chr2	1748000	1749000	290	arm	TRUE	.
Chr2	1926000	1927000	290	arm	TRUE	.
Chr2	2060000	2061000	290	arm	TRUE	.
Chr2	2211000	2212000	290	arm	TRUE	.
Chr2	2220000	2221000	290	arm	TRUE	.
Chr2	2271000	2272000	290	arm	TRUE	.
Chr2	293000	294000	290	arm	TRUE	.
Chr2	2941000	2942000	290	arm	TRUE	.
Chr2	315000	316000	290	arm	TRUE	.
Chr2	3376000	3377000	290	arm	TRUE	.
Chr2	3667000	3668000	290	arm	TRUE	.
Chr2	3691000	3692000	290	arm	TRUE	.
Chr2	3814000	3815000	290	arm	TRUE	.
Chr2	4016000	4017000	290	arm	TRUE	.
Chr2	4291000	4292000	290	arm	TRUE	.
Chr2	4681000	4682000	290	arm	TRUE	.
Chr2	4805000	4806000	290	arm	TRUE	.
Chr2	810000	811000	290	arm	TRUE	.
Chr4	2693000	2694000	290	arm	TRUE	.
Chr4	3295000	3296000	290	arm	TRUE	.
Chr2	1793000	1794000	289	arm	TRUE	.
Chr2	3187000	3188000	289	arm	TRUE	.
Chr2	3699000	3700000	289	arm	TRUE	.
Chr2	4011000	4012000	289	arm	TRUE	.
Chr2	4153000	4154000	289	arm	TRUE	.
Chr2	4168000	4169000	289	arm	TRUE	.
Chr2	4271000	4272000	289	arm	TRUE	.
Chr2	548000	549000	289	arm	TRUE	.
Chr2	811000	812000	289	arm	TRUE	.
Chr4	1441000	1442000	289	arm	TRUE	.
Chr4	1790000	1791000	289	arm	TRUE	.
Chr4	1927000	1928000	289	arm	TRUE	.
Chr4	2263000	2264000	289	arm	TRUE	.
Chr4	2371000	2372000	289	arm	TRUE	.
Chr4	3184000	3185000	289	arm	TRUE	.
Chr4	3414000	3415000	289	arm	TRUE	.
Chr4	3524000	3525000	289	arm	TRUE	.
Chr4	3756000	3757000	289	arm	TRUE	.
Chr4	587000	588000	289	arm	TRUE	.
Chr1	8852000	8853000	288	arm	FALSE	.
Chr2	2150000	2151000	288	arm	TRUE	.
Chr2	2153000	2154000	288	arm	TRUE	.
Chr2	3057000	3058000	288	arm	TRUE	.
Chr2	3620000	3621000	288	arm	TRUE	.
Chr2	3729000	3730000	288	arm	TRUE	.
Chr2	4025000	4026000	288	arm	TRUE	.
Chr2	4335000	4336000	288	arm	TRUE	.
Chr2	4670000	4671000	288	arm	TRUE	.
Chr2	5015000	5016000	288	arm	TRUE	.
Chr2	5274000	5275000	288	arm	TRUE	.
Chr2	719000	720000	288	arm	TRUE	.
Chr2	888000	889000	288	arm	TRUE	.
Chr4	1048000	1049000	288	arm	TRUE	.
Chr4	1574000	1575000	288	arm	TRUE	.
Chr4	2400000	2401000	288	arm	TRUE	.
Chr4	2434000	2435000	288	arm	TRUE	.
Chr4	297000	298000	288	arm	TRUE	.
Chr4	483000	484000	288	arm	TRUE	.
Chr4	957000	958000	288	arm	TRUE	.
Chr2	2298000	2299000	287	arm	TRUE	.
Chr2	2472000	2473000	287	arm	TRUE	.
Chr2	2789000	2790000	287	arm	TRUE	.
Chr2	3512000	3513000	287	arm	TRUE	.
Chr2	354000	355000	287	arm	TRUE	.
Chr2	3934000	3935000	287	arm	TRUE	.
Chr2	437000	438000	287	arm	TRUE	.
Chr4	1761000	1762000	287	arm	TRUE	.
Chr4	2502000	2503000	287	arm	TRUE	.
Chr4	717000	718000	287	arm	TRUE	.
Chr2	1392000	1393000	286	arm	TRUE	.
Chr2	1414000	1415000	286	arm	TRUE	.
Chr2	1416000	1417000	286	arm	TRUE	.
Chr2	2053000	2054000	286	arm	TRUE	.
Chr2	2615000	2616000	286	arm	TRUE	.
Chr2	2768000	2769000	286	arm	TRUE	.
Chr2	3035000	3036000	286	arm	TRUE	.
Chr2	3366000	3367000	286	arm	TRUE	.
Chr2	4313000	4314000	286	arm	TRUE	.
Chr2	484000	485000	286	arm	TRUE	.
Chr4	1069000	1070000	286	arm	TRUE	.
Chr4	1919000	1920000	286	arm	TRUE	.
Chr4	3022000	3023000	286	arm	TRUE	.
Chr2	1086000	1087000	285	arm	TRUE	.
Chr2	1708000	1709000	285	arm	TRUE	.
Chr2	1871000	1872000	285	arm	TRUE	.
Chr2	233000	234000	285	arm	TRUE	.
Chr2	243000	244000	285	arm	TRUE	.
Chr2	3253000	3254000	285	arm	TRUE	.
Chr2	3260000	3261000	285	arm	TRUE	.
Chr2	3535000	3536000	285	arm	TRUE	.
Chr2	3546000	3547000	285	arm	TRUE	.
Chr2	4380000	4381000	285	arm	TRUE	.
Chr2	4596000	4597000	285	arm	TRUE	.
Chr2	4652000	4653000	285	arm	TRUE	.
Chr2	4918000	4919000	285	arm	TRUE	.
Chr4	138000	139000	285	arm	TRUE	.
Chr4	1629000	1630000	285	arm	TRUE	.
Chr4	2138000	2139000	285	arm	TRUE	.
Chr4	23000	24000	285	arm	TRUE	.
Chr4	2381000	2382000	285	arm	TRUE	.
Chr4	2451000	2452000	285	arm	TRUE	.
Chr4	2489000	2490000	285	arm	TRUE	.
Chr4	3268000	3269000	285	arm	TRUE	.
Chr4	976000	977000	285	arm	TRUE	.
Chr2	1061000	1062000	284	arm	TRUE	.
Chr2	152000	153000	284	arm	TRUE	.
Chr2	2247000	2248000	284	arm	TRUE	.
Chr2	2900000	2901000	284	arm	TRUE	.
Chr2	2902000	2903000	284	arm	TRUE	.
Chr2	4390000	4391000	284	arm	TRUE	.
Chr2	4509000	4510000	284	arm	TRUE	.
Chr2	469000	470000	284	arm	TRUE	.
Chr2	4927000	4928000	284	arm	TRUE	.
Chr2	4973000	4974000	284	arm	TRUE	.
Chr2	875000	876000	284	arm	TRUE	.
Chr4	2163000	2164000	284	arm	TRUE	.
Chr4	2388000	2389000	284	arm	TRUE	.
Chr4	275000	276000	284	arm	TRUE	.
Chr4	2831000	2832000	284	arm	TRUE	.
Chr4	3008000	3009000	284	arm	TRUE	.
Chr4	3149000	3150000	284	arm	TRUE	.
Chr4	3158000	3159000	284	arm	TRUE	.
Chr2	1628000	1629000	283	arm	TRUE	.
Chr2	1844000	1845000	283	arm	TRUE	.
Chr2	246000	247000	283	arm	TRUE	.
Chr2	2507000	2508000	283	arm	TRUE	.
Chr2	3222000	3223000	283	arm	TRUE	.
Chr2	3301000	3302000	283	arm	TRUE	.
Chr2	3716000	3717000	283	arm	TRUE	.
Chr2	3903000	3904000	283	arm	TRUE	.
Chr2	4166000	4167000	283	arm	TRUE	.
Chr2	459000	460000	283	arm	TRUE	.
Chr2	461000	462000	283	arm	TRUE	.
Chr2	4613000	4614000	283	arm	TRUE	.
Chr2	4868000	4869000	283	arm	TRUE	.
Chr2	4901000	4902000	283	arm	TRUE	.
Chr2	5317000	5318000	283	arm	TRUE	.
Chr4	1411000	1412000	283	arm	TRUE	.
Chr4	1468000	1469000	283	arm	TRUE	.
Chr4	3331000	3332000	283	arm	TRUE	.
Chr4	952000	953000	283	arm	TRUE	.
Chr2	1056000	1057000	282	arm	TRUE	.
Chr2	1420000	1421000	282	arm	TRUE	.
Chr2	1430000	1431000	282	arm	TRUE	.
Chr2	2013000	2014000	282	arm	TRUE	.
Chr2	2025000	2026000	282	arm	TRUE	.
Chr2	218000	219000	282	arm	TRUE	.
Chr2	2354000	2355000	282	arm	TRUE	.
Chr2	2831000	2832000	282	arm	TRUE	.
Chr2	3054000	3055000	282	arm	TRUE	.
Chr2	4070000	4071000	282	arm	TRUE	.
Chr2	4559000	4560000	282	arm	TRUE	.
Chr2	4965000	4966000	282	arm	TRUE	.
Chr2	529000	530000	282	arm	TRUE	.
Chr4	1534000	1535000	282	arm	TRUE	.
Chr4	2334000	2335000	282	arm	TRUE	.
Chr4	3004000	3005000	282	arm	TRUE	.
Chr2	1573000	1574000	281	arm	TRUE	.
Chr2	1756000	1757000	281	arm	TRUE	.
Chr2	2174000	2175000	281	arm	TRUE	.
Chr2	295000	296000	281	arm	TRUE	.
Chr2	3417000	3418000	281	arm	TRUE	.
Chr2	4531000	4532000	281	arm	TRUE	.
Chr2	5343000	5344000	281	arm	TRUE	.
Chr2	996000	997000	281	arm	TRUE	.
Chr4	1861000	1862000	281	arm	TRUE	.
Chr4	2981000	2982000	281	arm	TRUE	.
Chr4	3387000	3388000	281	arm	TRUE	.
Chr2	1526000	1527000	280	arm	TRUE	.
Chr2	1758000	1759000	280	arm	TRUE	.
Chr2	1820000	1821000	280	arm	TRUE	.
Chr2	2511000	2512000	280	arm	TRUE	.
Chr2	2748000	2749000	280	arm	TRUE	.
Chr2	2950000	2951000	280	arm	TRUE	.
Chr2	3590000	3591000	280	arm	TRUE	.
Chr2	4002000	4003000	280	arm	TRUE	.
Chr2	4280000	4281000	280	arm	TRUE	.
Chr2	4683000	4684000	280	arm	TRUE	.
Chr2	4867000	4868000	280	arm	TRUE	.
Chr2	512000	513000	280	arm	TRUE	.
Chr2	653000	654000	280	arm	TRUE	.
Chr2	858000	859000	280	arm	TRUE	.
Chr2	950000	951000	280	arm	TRUE	.
Chr4	1011000	1012000	280	arm	TRUE	.
Chr4	1054000	1055000	280	arm	TRUE	.
Chr4	1523000	1524000	280	arm	TRUE	.
Chr4	2449000	2450000	280	arm	TRUE	.
Chr4	2954000	2955000	280	arm	TRUE	.
Chr4	3096000	3097000	280	arm	TRUE	.
Chr4	881000	882000	280	arm	TRUE	.
Chr2	122000	123000	279	arm	TRUE	.
Chr2	150000	151000	279	arm	TRUE	.
Chr2	262000	263000	279	arm	TRUE	.
Chr2	2795000	2796000	279	arm	TRUE	.
Chr2	2861000	2862000	279	arm	TRUE	.
Chr2	4347000	4348000	279	arm	TRUE	.
Chr2	4553000	4554000	279	arm	TRUE	.
Chr2	4628000	4629000	279	arm	TRUE	.
Chr2	9023000	9024000	279	pericentromere	FALSE	.
Chr4	1765000	1766000	279	arm	TRUE	.
Chr4	2341000	2342000	279	arm	TRUE	.
Chr4	2465000	2466000	279	arm	TRUE	.
Chr4	344000	345000	279	arm	TRUE	.
Chr2	1003000	1004000	278	arm	TRUE	.
Chr2	1660000	1661000	278	arm	TRUE	.
Chr2	1791000	1792000	278	arm	TRUE	.
Chr2	215000	216000	278	arm	TRUE	.
Chr2	2159000	2160000	278	arm	TRUE	.
Chr2	2683000	2684000	278	arm	TRUE	.
Chr2	3190000	3191000	278	arm	TRUE	.
Chr2	326000	327000	278	arm	TRUE	.
Chr2	3399000	3400000	278	arm	TRUE	.
Chr2	4393000	4394000	278	arm	TRUE	.
Chr2	5002000	5003000	278	arm	TRUE	.
Chr2	5175000	5176000	278	arm	TRUE	.
Chr4	2023000	2024000	278	arm	TRUE	.
Chr4	2594000	2595000	278	arm	TRUE	.
Chr2	1161000	1162000	277	arm	TRUE	.
Chr2	1216000	1217000	277	arm	TRUE	.
Chr2	170000	171000	277	arm	TRUE	.
Chr2	1759000	1760000	277	arm	TRUE	.
Chr2	2070000	2071000	277	arm	TRUE	.
Chr2	3992000	3993000	277	arm	TRUE	.
Chr2	4423000	4424000	277	arm	TRUE	.
Chr2	4444000	4445000	277	arm	TRUE	.
Chr2	5225000	5226000	277	arm	TRUE	.
Chr2	953000	954000	277	arm	TRUE	.
Chr4	1155000	1156000	277	arm	TRUE	.
Chr4	1885000	1886000	277	arm	TRUE	.
Chr4	288000	289000	277	arm	TRUE	.
Chr4	496000	497000	277	arm	TRUE	.
Chr2	2163000	2164000	276	arm	TRUE	.
Chr2	2644000	2645000	276	arm	TRUE	.
Chr2	2871000	2872000	276	arm	TRUE	.
Chr2	695000	696000	276	arm	TRUE	.
Chr2	734000	735000	276	arm	TRUE	.
Chr2	97000	98000	276	arm	TRUE	.
Chr4	104000	105000	276	arm	TRUE	.
Chr4	1124000	1125000	276	arm	TRUE	.
Chr4	1254000	1255000	276	arm	TRUE	.
Chr4	3715000	3716000	276	arm	TRUE	.
Chr2	172000	173000	275	arm	TRUE	.
Chr2	2154000	2155000	275	arm	TRUE	.
Chr2	2251000	2252000	275	arm	TRUE	.
Chr2	2289000	2290000	275	arm	TRUE	.
Chr2	2352000	2353000	275	arm	TRUE	.
Chr2	3459000	3460000	275	arm	TRUE	.
Chr2	3470000	3471000	275	arm	TRUE	.
Chr2	3568000	3569000	275	arm	TRUE	.
Chr2	3665000	3666000	275	arm	TRUE	.
Chr2	3713000	3714000	275	arm	TRUE	.
Chr2	4003000	4004000	275	arm	TRUE	.
Chr2	4036000	4037000	275	arm	TRUE	.
Chr2	5386000	5387000	275	arm	TRUE	.
Chr4	1159000	1160000	275	arm	TRUE	.
Chr4	1894000	1895000	275	arm	TRUE	.
Chr4	3545000	3546000	275	arm	TRUE	.
Chr4	679000	680000	275	arm	TRUE	.
Chr5	14923000	14924000	275	centromere	FALSE	AT5G69566
Chr2	1630000	1631000	274	arm	TRUE	.
Chr2	1905000	1906000	274	arm	TRUE	.
Chr2	2554000	2555000	274	arm	TRUE	.
Chr2	2964000	2965000	274	arm	TRUE	.
Chr2	3170000	3171000	274	arm	TRUE	.
Chr2	3542000	3543000	274	arm	TRUE	.
Chr2	3598000	3599000	274	arm	TRUE	.
Chr2	3747000	3748000	274	arm	TRUE	.
Chr2	425000	426000	274	arm	TRUE	.
Chr2	4542000	4543000	274	arm	TRUE	.
Chr2	4769000	4770000	274	arm	TRUE	.
Chr1	8838000	8839000	273	arm	FALSE	.
Chr2	1615000	1616000	273	arm	TRUE	.
Chr2	2366000	2367000	273	arm	TRUE	.
Chr2	2477000	2478000	273	arm	TRUE	.
Chr2	2874000	2875000	273	arm	TRUE	.
Chr2	2993000	2994000	273	arm	TRUE	.
Chr2	3844000	3845000	273	arm	TRUE	.
Chr2	3869000	3870000	273	arm	TRUE	.
Chr2	3969000	3970000	273	arm	TRUE	.
Chr2	4205000	4206000	273	arm	TRUE	.
Chr2	4399000	4400000	273	arm	TRUE	.
Chr2	4857000	4858000	273	arm	TRUE	.
Chr2	5075000	5076000	273	arm	TRUE	.
Chr2	5226000	5227000	273	arm	TRUE	.
Chr2	5318000	5319000	273	arm	TRUE	.
Chr2	689000	690000	273	arm	TRUE	.
Chr4	190000	191000	273	arm	TRUE	.
Chr4	2387000	2388000	273	arm	TRUE	.
Chr4	3466000	3467000	273	arm	TRUE	.
Chr4	3539000	3540000	273	arm	TRUE	.
Chr4	7207000	7208000	273	pericentromere	FALSE	.
Chr2	1074000	1075000	272	arm	TRUE	.
Chr2	1154000	1155000	272	arm	TRUE	.
Chr2	1353000	1354000	272	arm	TRUE	.
Chr2	1692000	1693000	272	arm	TRUE	.
Chr2	2041000	2042000	272	arm	TRUE	.
Chr2	2170000	2171000	272	arm	TRUE	.
Chr2	2342000	2343000	272	arm	TRUE	.
Chr2	2374000	2375000	272	arm	TRUE	.
Chr2	2642000	2643000	272	arm	TRUE	.
Chr2	3631000	3632000	272	arm	TRUE	.
Chr2	3687000	3688000	272	arm	TRUE	.
Chr2	4244000	4245000	272	arm	TRUE	.
Chr2	904000	905000	272	arm	TRUE	.
Chr4	1061000	1062000	272	arm	TRUE	.
Chr4	1952000	1953000	272	arm	TRUE	.
Chr4	223000	224000	272	arm	TRUE	.
Chr4	2278000	2279000	272	arm	TRUE	.
Chr4	3522000	3523000	272	arm	TRUE	.
Chr2	1122000	1123000	271	arm	TRUE	.
Chr2	179000	180000	271	arm	TRUE	.
Chr2	1945000	1946000	271	arm	TRUE	.
Chr2	2136000	2137000	271	arm	TRUE	.
Chr2	216000	217000	271	arm	TRUE	.
Chr2	2196000	2197000	271	arm	TRUE	.
Chr2	2355000	2356000	271	arm	TRUE	.
Chr2	2645000	2646000	271	arm	TRUE	.
Chr2	2707000	2708000	271	arm	TRUE	.
Chr2	3513000	3514000	271	arm	TRUE	.
Chr2	3781000	3782000	271	arm	TRUE	.
Chr2	3892000	3893000	271	arm	TRUE	.
Chr4	1270000	1271000	271	arm	TRUE	.
Chr4	1518000	1519000	271	arm	TRUE	.
Chr4	1598000	1599000	271	arm	TRUE	.
Chr4	2606000	2607000	271	arm	TRUE	.
Chr4	2842000	2843000	271	arm	TRUE	.
Chr4	3229000	3230000	271	arm	TRUE	.
Chr4	3497000	3498000	271	arm	TRUE	.
Chr4	3813000	3814000	271	arm	TRUE	.
Chr2	1581000	1582000	270	arm	TRUE	.
Chr2	1631000	1632000	270	arm	TRUE	.
Chr2	2014000	2015000	270	arm	TRUE	.
Chr2	2018000	2019000	270	arm	TRUE	.
Chr2	2263000	2264000	270	arm	TRUE	.
Chr2	2323000	2324000	270	arm	TRUE	.
Chr2	2682000	2683000	270	arm	TRUE	.
Chr2	2836000	2837000	270	arm	TRUE	.
Chr2	3043000	3044000	270	arm	TRUE	.
Chr2	3219000	3220000	270	arm	TRUE	.
Chr2	3509000	3510000	270	arm	TRUE	.
Chr2	3543000	3544000	270	arm	TRUE	.
Chr2	3625000	3626000	270	arm	TRUE	.
Chr2	3677000	3678000	270	arm	TRUE	.
Chr2	3967000	3968000	270	arm	TRUE	.
Chr2	4258000	4259000	270	arm	TRUE	.
Chr2	4498000	4499000	270	arm	TRUE	.
Chr2	51000	52000	270	arm	TRUE	.
Chr2	580000	581000	270	arm	TRUE	.
Chr2	783000	784000	270	arm	TRUE	.
Chr4	1189000	1190000	270	arm	TRUE	.
Chr4	2397000	2398000	270	arm	TRUE	.
Chr4	2993000	2994000	270	arm	TRUE	.
Chr4	3802000	3803000	270	arm	TRUE	.
Chr2	116000	117000	269	arm	TRUE	.
Chr2	1439000	1440000	269	arm	TRUE	.
Chr2	2028000	2029000	269	arm	TRUE	.
Chr2	2711000	2712000	269	arm	TRUE	.
Chr2	2807000	2808000	269	arm	TRUE	.
Chr2	2985000	2986000	269	arm	TRUE	.
Chr2	3469000	3470000	269	arm	TRUE	.
Chr2	3831000	3832000	269	arm	TRUE	.
Chr2	3911000	3912000	269	arm	TRUE	.
Chr2	4091000	4092000	269	arm	TRUE	.
Chr2	4143000	4144000	269	arm	TRUE	.
Chr2	4155000	4156000	269	arm	TRUE	.
Chr2	5025000	5026000	269	arm	TRUE	.
Chr2	5260000	5261000	269	arm	TRUE	.
Chr2	571000	572000	269	arm	TRUE	.
Chr2	797000	798000	269	arm	TRUE	.
Chr2	8785000	8786000	269	pericentromere	FALSE	.
Chr4	1246000	1247000	269	arm	TRUE	.
Chr4	2095000	2096000	269	arm	TRUE	.
Chr4	2351000	2352000	269	arm	TRUE	.
Chr4	3587000	3588000	269	arm	TRUE	.
Chr4	3649000	3650000	269	arm	TRUE	.
Chr2	1711000	1712000	268	arm	TRUE	.
Chr2	2175000	2176000	268	arm	TRUE	.
Chr2	2327000	2328000	268	arm	TRUE	.
Chr2	3159000	3160000	268	arm	TRUE	.
Chr2	4648000	4649000	268	arm	TRUE	.
Chr2	4941000	4942000	268	arm	TRUE	.
Chr2	5059000	5060000	268	arm	TRUE	.
Chr2	511000	512000	268	arm	TRUE	.
Chr2	5115000	5116000	268	arm	TRUE	.
Chr4	2301000	2302000	268	arm	TRUE	.
Chr4	2645000	2646000	268	arm	TRUE	.
Chr4	3758000	3759000	268	arm	TRUE	.
Chr2	1172000	1173000	267	arm	TRUE	.
Chr2	142000	143000	267	arm	TRUE	.
Chr2	1961000	1962000	267	arm	TRUE	.
Chr2	2143000	2144000	267	arm	TRUE	.
Chr2	2265000	2266000	267	arm	TRUE	.
Chr2	2650000	2651000	267	arm	TRUE	.
Chr2	3586000	3587000	267	arm	TRUE	.
Chr2	3636000	3637000	267	arm	TRUE	.
Chr2	3702000	3703000	267	arm	TRUE	.
Chr2	3736000	3737000	267	arm	TRUE	.
Chr2	4269000	4270000	267	arm	TRUE	.
Chr2	4462000	4463000	267	arm	TRUE	.
Chr2	537000	538000	267	arm	TRUE	.
Chr4	1937000	1938000	267	arm	TRUE	.
Chr4	2173000	2174000	267	arm	TRUE	.
Chr4	2221000	2222000	267	arm	TRUE	.
Chr4	2257000	2258000	267	arm	TRUE	.
Chr4	2544000	2545000	267	arm	TRUE	.
Chr4	2846000	2847000	267	arm	TRUE	.
Chr4	3003000	3004000	267	arm	TRUE	.
Chr4	3044000	3045000	267	arm	TRUE	.
Chr4	3108000	3109000	267	arm	TRUE	.
Chr2	1253000	1254000	266	arm	TRUE	.
Chr2	2051000	2052000	266	arm	TRUE	.
Chr2	2208000	2209000	266	arm	TRUE	.
Chr2	2261000	2262000	266	arm	TRUE	.
Chr2	2326000	2327000	266	arm	TRUE	.
Chr2	2655000	2656000	266	arm	TRUE	.
Chr2	3294000	3295000	266	arm	TRUE	.
Chr2	3595000	3596000	266	arm	TRUE	.
Chr2	3792000	3793000	266	arm	TRUE	.
Chr2	4034000	4035000	266	arm	TRUE	.
Chr2	4081000	4082000	266	arm	TRUE	.
Chr2	4299000	4300000	266	arm	TRUE	.
Chr2	4585000	4586000	266	arm	TRUE	.
Chr2	5269000	5270000	266	arm	TRUE	.
Chr2	54000	55000	266	arm	TRUE	.
Chr4	1548000	1549000	266	arm	TRUE	.
Chr4	1969000	1970000	266	arm	TRUE	.
Chr4	2159000	2160000	266	arm	TRUE	.
Chr4	3446000	3447000	266	arm	TRUE	.
Chr4	3491000	3492000	266	arm	TRUE	.
Chr4	3578000	3579000	266	arm	TRUE	.
Chr4	844000	845000	266	arm	TRUE	.
Chr2	1490000	1491000	265	arm	TRUE	.
Chr2	1726000	1727000	265	arm	TRUE	.
Chr2	1876000	1877000	265	arm	TRUE	.
Chr2	2623000	2624000	265	arm	TRUE	.
Chr2	2666000	2667000	265	arm	TRUE	.
Chr2	3100000	3101000	265	arm	TRUE	.
Chr2	3197000	3198000	265	arm	TRUE	.
Chr2	3591000	3592000	265	arm	TRUE	.
Chr2	3738000	3739000	265	arm	TRUE	.
Chr2	3895000	3896000	265	arm	TRUE	.
Chr2	4340000	4341000	265	arm	TRUE	.
Chr2	4358000	4359000	265	arm	TRUE	.
Chr2	4713000	4714000	265	arm	TRUE	.
Chr2	942000	943000	265	arm	TRUE	.
Chr4	2017000	2018000	265	arm	TRUE	.
Chr4	2637000	2638000	265	arm	TRUE	.
Chr4	2821000	2822000	265	arm	TRUE	.
Chr4	3428000	3429000	265	arm	TRUE	.
Chr4	500000	501000	265	arm	TRUE	.
Chr5	12691000	12692000	265	centromere	FALSE	.
Chr2	1045000	1046000	264	arm	TRUE	.
Chr2	1246000	1247000	264	arm	TRUE	.
Chr2	3647000	3648000	264	arm	TRUE	.
Chr2	3769000	3770000	264	arm	TRUE	.
Chr2	3825000	3826000	264	arm	TRUE	.
Chr2	3987000	3988000	264	arm	TRUE	.
Chr2	4050000	4051000	264	arm	TRUE	.
Chr2	432000	433000	264	arm	TRUE	.
Chr2	4879000	4880000	264	arm	TRUE	.
Chr2	5114000	5115000	264	arm	TRUE	.
Chr2	814000	815000	264	arm	TRUE	.
Chr2	99000	100000	264	arm	TRUE	.
Chr4	1452000	1453000	264	arm	TRUE	.
Chr4	238000	239000	264	arm	TRUE	.
Chr4	572000	573000	264	arm	TRUE	.
Chr2	1483000	1484000	263	arm	TRUE	.
Chr2	1556000	1557000	263	arm	TRUE	.
Chr2	1727000	1728000	263	arm	TRUE	.
Chr2	1897000	1898000	263	arm	TRUE	.
Chr2	2207000	2208000	263	arm	TRUE	.
Chr2	2295000	2296000	263	arm	TRUE	.
Chr2	2389000	2390000	263	arm	TRUE	.
Chr2	3005000	3006000	263	arm	TRUE	.
Chr2	3407000	3408000	263	arm	TRUE	.
Chr2	345000	346000	263	arm	TRUE	.
Chr2	3848000	3849000	263	arm	TRUE	.
Chr2	3883000	3884000	263	arm	TRUE	.
Chr2	4369000	4370000	263	arm	TRUE	.
Chr2	4388000	4389000	263	arm	TRUE	.
Chr2	5424000	5425000	263	arm	FALSE	.
Chr2	845000	846000	263	arm	TRUE	.
Chr2	90000	91000	263	arm	TRUE	.
Chr4	1401000	1402000	263	arm	TRUE	.
Chr4	1461000	1462000	263	arm	TRUE	.
Chr4	1854000	1855000	263	arm	TRUE	.
Chr4	2054000	2055000	263	arm	TRUE	.
Chr4	22000	23000	263	arm	TRUE	.
Chr4	3112000	3113000	263	arm	TRUE	.
Chr4	3512000	3513000	263	arm	TRUE	.
Chr4	3570000	3571000	263	arm	TRUE	.
Chr4	3803000	3804000	263	arm	TRUE	.
Chr2	1164000	1165000	262	arm	TRUE	.
Chr2	1339000	1340000	262	arm	TRUE	.
Chr2	1775000	1776000	262	arm	TRUE	.
Chr2	2971000	2972000	262	arm	TRUE	.
Chr2	3676000	3677000	262	arm	TRUE	.
Chr2	3788000	3789000	262	arm	TRUE	.
Chr2	8925000	8926000	262	pericentromere	FALSE	.
Chr2	8999000	9000000	262	pericentromere	FALSE	.
Chr2	901000	902000	262	arm	TRUE	.
Chr2	975000	976000	262	arm	TRUE	.
Chr4	1308000	1309000	262	arm	TRUE	.
Chr4	204000	205000	262	arm	TRUE	.
Chr4	2184000	2185000	262	arm	TRUE	.
Chr4	2302000	2303000	262	arm	TRUE	.
Chr4	2673000	2674000	262	arm	TRUE	.
Chr4	3744000	3745000	262	arm	TRUE	.
Chr4	599000	600000	262	arm	TRUE	.
Chr4	980000	981000	262	arm	TRUE	.
Chr2	129000	130000	261	arm	TRUE	.
Chr2	2210000	2211000	261	arm	TRUE	.
Chr2	2252000	2253000	261	arm	TRUE	.
Chr2	2497000	2498000	261	arm	TRUE	.
Chr2	3332000	3333000	261	arm	TRUE	.
Chr2	349000	350000	261	arm	TRUE	.
Chr2	3616000	3617000	261	arm	TRUE	.
Chr2	3803000	3804000	261	arm	TRUE	.
Chr2	4000	5000	261	arm	TRUE	.
Chr2	4007000	4008000	261	arm	TRUE	.
Chr2	4656000	4657000	261	arm	TRUE	.
Chr4	1060000	1061000	261	arm	TRUE	.
Chr4	1776000	1777000	261	arm	TRUE	.
Chr4	1880000	1881000	261	arm	TRUE	.
Chr4	2222000	2223000	261	arm	TRUE	.
Chr4	2460000	2461000	261	arm	TRUE	.
Chr4	3441000	3442000	261	arm	TRUE	.
Chr4	3660000	3661000	261	arm	TRUE	.
Chr2	1245000	1246000	260	arm	TRUE	.
Chr2	1604000	1605000	260	arm	TRUE	.
Chr2	2204000	2205000	260	arm	TRUE	.
Chr2	2508000	2509000	260	arm	TRUE	.
Chr2	305000	306000	260	arm	TRUE	.
Chr2	3530000	3531000	260	arm	TRUE	.
Chr2	3566000	3567000	260	arm	TRUE	.
Chr2	3926000	3927000	260	arm	TRUE	.
Chr2	736000	737000	260	arm	TRUE	.
Chr4	1497000	1498000	260	arm	TRUE	.
Chr4	1593000	1594000	260	arm	TRUE	.
Chr4	1985000	1986000	260	arm	TRUE	.
Chr4	2069000	2070000	260	arm	TRUE	.
Chr4	3055000	3056000	260	arm	TRUE	.
Chr4	3773000	3774000	260	arm	TRUE	.
Chr2	2624000	2625000	259	arm	TRUE	.
Chr2	2685000	2686000	259	arm	TRUE	.
Chr2	3056000	3057000	259	arm	TRUE	.
Chr2	3365000	3366000	259	arm	TRUE	.
Chr2	337000	338000	259	arm	TRUE	.
Chr2	3714000	3715000	259	arm	TRUE	.
Chr2	817000	818000	259	arm	TRUE	.
Chr2	916000	917000	259	arm	TRUE	.
Chr4	1252000	1253000	259	arm	TRUE	.
Chr4	1277000	1278000	259	arm	TRUE	.
Chr4	2197000	2198000	259	arm	TRUE	.
Chr2	230000	231000	258	arm	TRUE	.
Chr2	268000	269000	258	arm	TRUE	.
Chr2	3689000	3690000	258	arm	TRUE	.
Chr2	4445000	4446000	258	arm	TRUE	.
Chr2	4566000	4567000	258	arm	TRUE	.
Chr2	4571000	4572000	258	arm	TRUE	.
Chr2	4870000	4871000	258	arm	TRUE	.
Chr2	4912000	4913000	258	arm	TRUE	.
Chr2	539000	540000	258	arm	TRUE	.
Chr2	651000	652000	258	arm	TRUE	.
Chr2	822000	823000	258	arm	TRUE	.
Chr4	1565000	1566000	258	arm	TRUE	.
Chr4	26000	27000	258	arm	TRUE	.
Chr4	3367000	3368000	258	arm	TRUE	.
Chr4	671000	672000	258	arm	TRUE	.
Chr4	736000	737000	258	arm	TRUE	.
Chr4	939000	940000	258	arm	TRUE	.
Chr4	97000	98000	258	arm	TRUE	.
Chr2	1142000	1143000	257	arm	TRUE	.
Chr2	1802000	1803000	257	arm	TRUE	.
Chr2	1865000	1866000	257	arm	TRUE	.
Chr2	195000	196000	257	arm	TRUE	.
Chr2	2044000	2045000	257	arm	TRUE	.
Chr2	2603000	2604000	257	arm	TRUE	.
Chr2	3036000	3037000	257	arm	TRUE	.
Chr2	3202000	3203000	257	arm	TRUE	.
Chr2	3480000	3481000	257	arm	TRUE	.
Chr2	4009000	4010000	257	arm	TRUE	.
Chr2	4434000	4435000	257	arm	TRUE	.
Chr2	448000	449000	257	arm	TRUE	.
Chr2	4735000	4736000	257	arm	TRUE	.
Chr2	4775000	4776000	257	arm	TRUE	.
Chr2	593000	594000	257	arm	TRUE	.
Chr4	1484000	1485000	257	arm	TRUE	.
Chr4	211000	212000	257	arm	TRUE	.
Chr4	2483000	2484000	257	arm	TRUE	.
Chr4	3293000	3294000	257	arm	TRUE	.
Chr4	3450000	3451000	257	arm	TRUE	.
Chr4	3659000	3660000	257	arm	TRUE	.
Chr2	1278000	1279000	256	arm	TRUE	.
Chr2	1823000	1824000	256	arm	TRUE	.
Chr2	2164000	2165000	256	arm	TRUE	.
Chr2	2215000	2216000	256	arm	TRUE	.
Chr2	331000	332000	256	arm	TRUE	.
Chr2	4048000	4049000	256	arm	TRUE	.
Chr2	660000	661000	256	arm	TRUE	.
Chr4	143000	144000	256	arm	TRUE	.
Chr4	2376000	2377000	256	arm	TRUE	.
Chr4	3014000	3015000	256	arm	TRUE	.
Chr4	3601000	3602000	256	arm	TRUE	.
Chr4	3757000	3758000	256	arm	TRUE	.
Chr4	51000	52000	256	arm	TRUE	.
Chr4	574000	575000	256	arm	TRUE	.
Chr4	760000	761000	256	arm	TRUE	.
Chr4	967000	968000	256	arm	TRUE	.
Chr2	1613000	1614000	255	arm	TRUE	.
Chr2	2738000	2739000	255	arm	TRUE	.
Chr2	2796000	2797000	255	arm	TRUE	.
Chr2	2817000	2818000	255	arm	TRUE	.
Chr2	2918000	2919000	255	arm	TRUE	.
Chr2	2923000	2924000	255	arm	TRUE	.
Chr2	2970000	2971000	255	arm	TRUE	.
Chr2	300000	301000	255	arm	TRUE	.
Chr2	3084000	3085000	255	arm	TRUE	.
Chr2	4059000	4060000	255	arm	TRUE	.
Chr2	4377000	4378000	255	arm	TRUE	.
Chr2	711000	712000	255	arm	TRUE	.
Chr2	922000	923000	255	arm	TRUE	.
Chr4	1142000	1143000	255	arm	TRUE	.
Chr4	1642000	1643000	255	arm	TRUE	.
Chr4	2145000	2146000	255	arm	TRUE	.
Chr4	2229000	2230000	255	arm	TRUE	.
Chr2	1548000	1549000	254	arm	TRUE	.
Chr2	1638000	1639000	254	arm	TRUE	.
Chr2	2306000	2307000	254	arm	TRUE	.
Chr2	3146000	3147000	254	arm	TRUE	.
Chr2	3310000	3311000	254	arm	TRUE	.
Chr2	493000	494000	254	arm	TRUE	.
Chr2	5288000	5289000	254	arm	TRUE	.
Chr2	628000	629000	254	arm	TRUE	.
Chr2	725000	726000	254	arm	TRUE	.
Chr4	1191000	1192000	254	arm	TRUE	.
Chr4	1332000	1333000	254	arm	TRUE	.
Chr4	2230000	2231000	254	arm	TRUE	.
Chr4	2933000	2934000	254	arm	TRUE	.
Chr4	2980000	2981000	254	arm	TRUE	.
Chr4	3015000	3016000	254	arm	TRUE	.
Chr4	858000	859000	254	arm	TRUE	.
Chr2	1000	2000	253	arm	TRUE	.
Chr2	1435000	1436000	253	arm	TRUE	.
Chr2	2113000	2114000	253	arm	TRUE	.
Chr2	2446000	2447000	253	arm	TRUE	.
Chr2	2606000	2607000	253	arm	TRUE	.
Chr2	2820000	2821000	253	arm	TRUE	.
Chr2	3371000	3372000	253	arm	TRUE	.
Chr2	3881000	3882000	253	arm	TRUE	.
Chr2	4534000	4535000	253	arm	TRUE	.
Chr2	4605000	4606000	253	arm	TRUE	.
Chr2	4792000	4793000	253	arm	TRUE	.
Chr2	4797000	4798000	253	arm	TRUE	.
Chr2	4988000	4989000	253	arm	TRUE	.
Chr2	541000	542000	253	arm	TRUE	.
Chr2	830000	831000	253	arm	TRUE	.
Chr4	1442000	1443000	253	arm	TRUE	.
Chr4	2117000	2118000	253	arm	TRUE	.
Chr4	3202000	3203000	253	arm	TRUE	.
Chr4	3617000	3618000	253	arm	TRUE	.
Chr4	3672000	3673000	253	arm	TRUE	.
Chr4	3708000	3709000	253	arm	TRUE	.
Chr4	916000	917000	253	arm	TRUE	.
Chr4	991000	992000	253	arm	TRUE	.
Chr2	1636000	1637000	252	arm	TRUE	.
Chr2	2382000	2383000	252	arm	TRUE	.
Chr2	308000	309000	252	arm	TRUE	.
Chr2	3243000	3244000	252	arm	TRUE	.
Chr2	5150000	5151000	252	arm	TRUE	.
Chr4	1032000	1033000	252	arm	TRUE	.
Chr4	1376000	1377000	252	arm	TRUE	.
Chr4	265000	266000	252	arm	TRUE	.
Chr4	2914000	2915000	252	arm	TRUE	.
Chr4	3050000	3051000	252	arm	TRUE	.
Chr4	3313000	3314000	252	arm	TRUE	.
Chr4	3377000	3378000	252	arm	TRUE	.
Chr4	3431000	3432000	252	arm	TRUE	.
Chr4	449000	450000	252	arm	TRUE	.
Chr2	1887000	1888000	251	arm	TRUE	.
Chr2	2601000	2602000	251	arm	TRUE	.
Chr2	3705000	3706000	251	arm	TRUE	.
Chr2	3962000	3963000	251	arm	TRUE	.
Chr2	3991000	3992000	251	arm	TRUE	.
Chr2	414000	415000	251	arm	TRUE	.
Chr2	423000	424000	251	arm	TRUE	.
Chr2	4401000	4402000	251	arm	TRUE	.
Chr2	4659000	4660000	251	arm	TRUE	.
Chr2	5200000	5201000	251	arm	TRUE	.
Chr2	5411000	5412000	251	arm	TRUE	.
Chr2	769000	770000	251	arm	TRUE	.
Chr4	1341000	1342000	251	arm	TRUE	.
Chr4	1566000	1567000	251	arm	TRUE	.
Chr4	2232000	2233000	251	arm	TRUE	.
Chr4	3583000	3584000	251	arm	TRUE	.
Chr2	1702000	1703000	250	arm	TRUE	.
Chr2	2192000	2193000	250	arm	TRUE	.
Chr2	2559000	2560000	250	arm	TRUE	.
Chr2	3580000	3581000	250	arm	TRUE	.
Chr2	3817000	3818000	250	arm	TRUE	.
Chr2	4319000	4320000	250	arm	TRUE	.
Chr2	650000	651000	250	arm	TRUE	.
Chr4	1081000	1082000	250	arm	TRUE	.
Chr4	1221000	1222000	250	arm	TRUE	.
Chr4	1414000	1415000	250	arm	TRUE	.
Chr4	1421000	1422000	250	arm	TRUE	.
Chr4	2610000	2611000	250	arm	TRUE	.
Chr4	3366000	3367000	250	arm	TRUE	.
Chr4	834000	835000	250	arm	TRUE	.
Chr4	842000	843000	250	arm	TRUE	.
Chr2	1098000	1099000	249	arm	TRUE	.
Chr2	1109000	1110000	249	arm	TRUE	.
Chr2	1335000	1336000	249	arm	TRUE	.
Chr2	2991000	2992000	249	arm	TRUE	.
Chr2	3337000	3338000	249	arm	TRUE	.
Chr2	3477000	3478000	249	arm	TRUE	.
Chr2	4221000	4222000	249	arm	TRUE	.
Chr2	4818000	4819000	249	arm	TRUE	.
Chr2	4907000	4908000	249	arm	TRUE	.
Chr2	5159000	5160000	249	arm	TRUE	.
Chr2	804000	805000	249	arm	TRUE	.
Chr2	956000	957000	249	arm	TRUE	.
Chr4	1295000	1296000	249	arm	TRUE	.
Chr4	2439000	2440000	249	arm	TRUE	.
Chr4	3019000	3020000	249	arm	TRUE	.
Chr4	3118000	3119000	249	arm	TRUE	.
Chr4	3180000	3181000	249	arm	TRUE	.
Chr4	319000	320000	249	arm	TRUE	.
Chr4	3430000	3431000	249	arm	TRUE	.
Chr4	3544000	3545000	249	arm	TRUE	.
Chr4	3693000	3694000	249	arm	TRUE	.
Chr4	912000	913000	249	arm	TRUE	.
Chr2	1183000	1184000	248	arm	TRUE	.
Chr2	1599000	1600000	248	arm	TRUE	.
Chr2	202000	203000	248	arm	TRUE	.
Chr2	2822000	2823000	248	arm	TRUE	.
Chr2	2928000	2929000	248	arm	TRUE	.
Chr2	3770000	3771000	248	arm	TRUE	.
Chr2	3984000	3985000	248	arm	TRUE	.
Chr2	3989000	3990000	248	arm	TRUE	.
Chr2	4402000	4403000	248	arm	TRUE	.
Chr2	608000	609000	248	arm	TRUE	.
Chr4	1096000	1097000	248	arm	TRUE	.
Chr4	1453000	1454000	248	arm	TRUE	.
Chr4	2061000	2062000	248	arm	TRUE	.
Chr4	2997000	2998000	248	arm	TRUE	.
Chr4	685000	686000	248	arm	TRUE	.
Chr2	1488000	1489000	247	arm	TRUE	.
Chr2	1895000	1896000	247	arm	TRUE	.
Chr2	1898000	1899000	247	arm	TRUE	.
Chr2	1998000	1999000	247	arm	TRUE	.
Chr2	2020000	2021000	247	arm	TRUE	.
Chr2	2128000	2129000	247	arm	TRUE	.
Chr2	2637000	2638000	247	arm	TRUE	.
Chr2	3655000	3656000	247	arm	TRUE	.
Chr2	3725000	3726000	247	arm	TRUE	.
Chr2	4506000	4507000	247	arm	TRUE	.
Chr2	4710000	4711000	247	arm	TRUE	.
Chr2	4849000	4850000	247	arm	TRUE	.
Chr2	4911000	4912000	247	arm	TRUE	.
Chr2	5171000	5172000	247	arm	TRUE	.
Chr2	677000	678000	247	arm	TRUE	.
Chr2	835000	836000	247	arm	TRUE	.
Chr4	2530000	2531000	247	arm	TRUE	.
Chr4	3233000	3234000	247	arm	TRUE	.
Chr4	393000	394000	247	arm	TRUE	.
Chr4	495000	496000	247	arm	TRUE	.
Chr4	970000	971000	247	arm	TRUE	.
Chr2	1004000	1005000	246	arm	TRUE	.
Chr2	1030000	1031000	246	arm	TRUE	.
Chr2	1495000	1496000	246	arm	TRUE	.
Chr2	1542000	1543000	246	arm	TRUE	.
Chr2	1913000	1914000	246	arm	TRUE	.
Chr2	2697000	2698000	246	arm	TRUE	.
Chr2	2868000	2869000	246	arm	TRUE	.
Chr2	4537000	4538000	246	arm	TRUE	.
Chr2	5023000	5024000	246	arm	TRUE	.
Chr4	1359000	1360000	246	arm	TRUE	.
Chr4	1968000	1969000	246	arm	TRUE	.
Chr4	3122000	3123000	246	arm	TRUE	.
Chr4	3232000	3233000	246	arm	TRUE	.
Chr4	618000	619000	246	arm	TRUE	.
Chr2	282000	283000	245	arm	TRUE	.
Chr2	3167000	3168000	245	arm	TRUE	.
Chr2	3394000	3395000	245	arm	TRUE	.
Chr2	3739000	3740000	245	arm	TRUE	.
Chr2	3755000	3756000	245	arm	TRUE	.
Chr2	4254000	4255000	245	arm	TRUE	.
Chr2	4644000	4645000	245	arm	TRUE	.
Chr2	4719000	4720000	245	arm	TRUE	.
Chr2	5289000	5290000	245	arm	TRUE	.
Chr4	3133000	3134000	245	arm	TRUE	.
Chr4	451000	452000	245	arm	TRUE	.
Chr2	1965000	1966000	244	arm	TRUE	.
Chr2	1976000	1977000	244	arm	TRUE	.
Chr2	391000	392000	244	arm	TRUE	.
Chr2	401000	402000	244	arm	TRUE	.
Chr2	4061000	4062000	244	arm	TRUE	.
Chr2	4777000	4778000	244	arm	TRUE	.
Chr2	5126000	5127000	244	arm	TRUE	.
Chr2	5135000	5136000	244	arm	TRUE	.
Chr2	5402000	5403000	244	arm	TRUE	.
Chr2	63000	64000	244	arm	TRUE	.
Chr2	818000	819000	244	arm	TRUE	.
Chr4	1422000	1423000	244	arm	TRUE	.
Chr4	185000	186000	244	arm	TRUE	.
Chr4	2573000	2574000	244	arm	TRUE	.
Chr4	638000	639000	244	arm	TRUE	.
Chr4	949000	950000	244	arm	TRUE	.
Chr2	1040000	1041000	243	arm	TRUE	.
Chr2	1830000	1831000	243	arm	TRUE	.
Chr2	2441000	2442000	243	arm	TRUE	.
Chr2	3785000	3786000	243	arm	TRUE	.
Chr2	3887000	3888000	243	arm	TRUE	.
Chr2	531000	532000	243	arm	TRUE	.
Chr2	598000	599000	243	arm	TRUE	.
Chr2	973000	974000	243	arm	TRUE	.
Chr4	1053000	1054000	243	arm	TRUE	.
Chr4	1480000	1481000	243	arm	TRUE	.
Chr4	1981000	1982000	243	arm	TRUE	.
Chr4	3559000	3560000	243	arm	TRUE	.
Chr2	1387000	1388000	242	arm	TRUE	.
Chr2	1947000	1948000	242	arm	TRUE	.
Chr2	2377000	2378000	242	arm	TRUE	.
Chr2	248000	249000	242	arm	TRUE	.
Chr2	3633000	3634000	242	arm	TRUE	.
Chr2	3767000	3768000	242	arm	TRUE	.
Chr2	3981000	3982000	242	arm	TRUE	.
Chr2	5254000	5255000	242	arm	TRUE	.
Chr2	863000	864000	242	arm	TRUE	.
Chr4	1310000	1311000	242	arm	TRUE	.
Chr4	1992000	1993000	242	arm	TRUE	.
Chr4	2423000	2424000	242	arm	TRUE	.
Chr4	3139000	3140000	242	arm	TRUE	.
Chr4	537000	538000	242	arm	TRUE	.
Chr2	1498000	1499000	241	arm	TRUE	.
Chr2	1663000	1664000	241	arm	TRUE	.
Chr2	2333000	2334000	241	arm	TRUE	.
Chr2	2687000	2688000	241	arm	TRUE	.
Chr2	2908000	2909000	241	arm	TRUE	.
Chr2	3074000	3075000	241	arm	TRUE	.
Chr2	3175000	3176000	241	arm	TRUE	.
Chr2	47000	48000	241	arm	TRUE	.
Chr2	477000	478000	241	arm	TRUE	.
Chr2	4922000	4923000	241	arm	TRUE	.
Chr2	499000	500000	241	arm	TRUE	.
Chr2	500000	501000	241	arm	TRUE	.
Chr2	5085000	5086000	241	arm	TRUE	.
Chr2	517000	518000	241	arm	TRUE	.
Chr2	879000	880000	241	arm	TRUE	.
Chr4	1463000	1464000	241	arm	TRUE	.
Chr4	1483000	1484000	241	arm	TRUE	.
Chr4	1953000	1954000	241	arm	TRUE	.
Chr4	2486000	2487000	241	arm	TRUE	.
Chr4	3023000	3024000	241	arm	TRUE	.
Chr2	1248000	1249000	240	arm	TRUE	.
Chr2	2043000	2044000	240	arm	TRUE	.
Chr2	3314000	3315000	240	arm	TRUE	.
Chr2	4018000	4019000	240	arm	TRUE	.
Chr2	4032000	4033000	240	arm	TRUE	.
Chr2	4391000	4392000	240	arm	TRUE	.
Chr2	4660000	4661000	240	arm	TRUE	.
Chr2	4823000	4824000	240	arm	TRUE	.
Chr2	4932000	4933000	240	arm	TRUE	.
Chr2	553000	554000	240	arm	TRUE	.
Chr2	854000	855000	240	arm	TRUE	.
Chr4	1304000	1305000	240	arm	TRUE	.
Chr4	268000	269000	240	arm	TRUE	.
Chr4	3487000	3488000	240	arm	TRUE	.
Chr4	3688000	3689000	240	arm	TRUE	.
Chr2	1931000	1932000	239	arm	TRUE	.
Chr2	2305000	2306000	239	arm	TRUE	.
Chr2	2309000	2310000	239	arm	TRUE	.
Chr2	2715000	2716000	239	arm	TRUE	.
Chr2	3031000	3032000	239	arm	TRUE	.
Chr2	321000	322000	239	arm	TRUE	.
Chr2	3264000	3265000	239	arm	TRUE	.
Chr2	3575000	3576000	239	arm	TRUE	.
Chr2	3711000	3712000	239	arm	TRUE	.
Chr2	88000	89000	239	arm	TRUE	.
Chr4	1186000	1187000	239	arm	TRUE	.
Chr4	1248000	1249000	239	arm	TRUE	.
Chr4	128000	129000	239	arm	TRUE	.
Chr4	1407000	1408000	239	arm	TRUE	.
Chr4	160000	161000	239	arm	TRUE	.
Chr4	992000	993000	239	arm	TRUE	.
Chr2	1104000	1105000	238	arm	TRUE	.
Chr2	120000	121000	238	arm	TRUE	.
Chr2	2626000	2627000	238	arm	TRUE	.
Chr2	3472000	3473000	238	arm	TRUE	.
Chr2	3878000	3879000	238	arm	TRUE	.
Chr2	4603000	4604000	238	arm	TRUE	.
Chr2	485000	486000	238	arm	TRUE	.
Chr2	4987000	4988000	238	arm	TRUE	.
Chr4	1424000	1425000	238	arm	TRUE	.
Chr4	1975000	1976000	238	arm	TRUE	.
Chr4	3751000	3752000	238	arm	TRUE	.
Chr4	696000	697000	238	arm	TRUE	.
Chr4	813000	814000	238	arm	TRUE	.
Chr4	840000	841000	238	arm	TRUE	.
Chr2	100000	101000	237	arm	TRUE	.
Chr2	1681000	1682000	237	arm	TRUE	.
Chr2	211000	212000	237	arm	TRUE	.
Chr2	2118000	2119000	237	arm	TRUE	.
Chr2	2239000	2240000	237	arm	TRUE	.
Chr2	3414000	3415000	237	arm	TRUE	.
Chr2	3628000	3629000	237	arm	TRUE	.
Chr2	3778000	3779000	237	arm	TRUE	.
Chr2	3828000	3829000	237	arm	TRUE	.
Chr2	3884000	3885000	237	arm	TRUE	.
Chr2	3995000	3996000	237	arm	TRUE	.
Chr2	400000	401000	237	arm	TRUE	.
Chr2	4099000	4100000	237	arm	TRUE	.
Chr2	4110000	4111000	237	arm	TRUE	.
Chr2	4247000	4248000	237	arm	TRUE	.
Chr2	4448000	4449000	237	arm	TRUE	.
Chr2	4564000	4565000	237	arm	TRUE	.
Chr2	4705000	4706000	237	arm	TRUE	.
Chr2	4728000	4729000	237	arm	TRUE	.
Chr2	56000	57000	237	arm	TRUE	.
Chr2	929000	930000	237	arm	TRUE	.
Chr4	1911000	1912000	237	arm	TRUE	.
Chr4	247000	248000	237	arm	TRUE	.
Chr4	3066000	3067000	237	arm	TRUE	.
Chr2	1502000	1503000	236	arm	TRUE	.
Chr2	1567000	1568000	236	arm	TRUE	.
Chr2	2010000	2011000	236	arm	TRUE	.
Chr2	2714000	2715000	236	arm	TRUE	.
Chr2	3085000	3086000	236	arm	TRUE	.
Chr2	3733000	3734000	236	arm	TRUE	.
Chr2	4216000	4217000	236	arm	TRUE	.
Chr2	4495000	4496000	236	arm	TRUE	.
Chr2	5008000	5009000	236	arm	TRUE	.
Chr2	621000	622000	236	arm	TRUE	.
Chr2	848000	849000	236	arm	TRUE	.
Chr4	1012000	1013000	236	arm	TRUE	.
Chr4	1455000	1456000	236	arm	TRUE	.
Chr4	2478000	2479000	236	arm	TRUE	.
Chr4	2543000	2544000	236	arm	TRUE	.
Chr4	2663000	2664000	236	arm	TRUE	.
Chr4	984000	985000	236	arm	TRUE	.
Chr2	1572000	1573000	235	arm	TRUE	.
Chr2	2005000	2006000	235	arm	TRUE	.
Chr2	2079000	2080000	235	arm	TRUE	.
Chr2	3353000	3354000	235	arm	TRUE	.
Chr2	3451000	3452000	235	arm	TRUE	.
Chr2	4785000	4786000	235	arm	TRUE	.
Chr2	4887000	4888000	235	arm	TRUE	.
Chr2	5005000	5006000	235	arm	TRUE	.
Chr2	563000	564000	235	arm	TRUE	.
Chr2	924000	925000	235	arm	TRUE	.
Chr4	1571000	1572000	235	arm	TRUE	.
Chr4	1948000	1949000	235	arm	TRUE	.
Chr4	2920000	2921000	235	arm	TRUE	.
Chr4	472000	473000	235	arm	TRUE	.
Chr4	723000	724000	235	arm	TRUE	.
Chr4	950000	951000	235	arm	TRUE	.
Chr2	112000	113000	234	arm	TRUE	.
Chr2	1252000	1253000	234	arm	TRUE	.
Chr2	2737000	2738000	234	arm	TRUE	.
Chr2	3196000	3197000	234	arm	TRUE	.
Chr2	3683000	3684000	234	arm	TRUE	.
Chr2	4169000	4170000	234	arm	TRUE	.
Chr2	5311000	5312000	234	arm	TRUE	.
Chr4	1734000	1735000	234	arm	TRUE	.
Chr4	1837000	1838000	234	arm	TRUE	.
Chr4	1991000	1992000	234	arm	TRUE	.
Chr4	241000	242000	234	arm	TRUE	.
Chr4	867000	868000	234	arm	TRUE	.
Chr2	124000	125000	233	arm	TRUE	.
Chr2	1772000	1773000	233	arm	TRUE	.
Chr2	3867000	3868000	233	arm	TRUE	.
Chr2	4350000	4351000	233	arm	TRUE	.
Chr2	945000	946000	233	arm	TRUE	.
Chr4	2096000	2097000	233	arm	TRUE	.
Chr4	2127000	2128000	233	arm	TRUE	.
Chr4	2428000	2429000	233	arm	TRUE	.
Chr4	2564000	2565000	233	arm	TRUE	.
Chr4	3684000	3685000	233	arm	TRUE	.
Chr4	402000	403000	233	arm	TRUE	.
Chr4	464000	465000	233	arm	TRUE	.
Chr4	73000	74000	233	arm	TRUE	.
Chr2	1852000	1853000	232	arm	TRUE	.
Chr2	2076000	2077000	232	arm	TRUE	.
Chr2	3700000	3701000	232	arm	TRUE	.
Chr2	3727000	3728000	232	arm	TRUE	.
Chr2	4116000	4117000	232	arm	TRUE	.
Chr2	4431000	4432000	232	arm	TRUE	.
Chr2	4561000	4562000	232	arm	TRUE	.
Chr2	5209000	5210000	232	arm	TRUE	.
Chr2	883000	884000	232	arm	TRUE	.
Chr4	1063000	1064000	232	arm	TRUE	.
Chr4	1428000	1429000	232	arm	TRUE	.
Chr4	1573000	1574000	232	arm	TRUE	.
Chr4	1955000	1956000	232	arm	TRUE	.
Chr4	207000	208000	232	arm	TRUE	.
Chr4	2717000	2718000	232	arm	TRUE	.
Chr4	2859000	2860000	232	arm	TRUE	.
Chr4	3024000	3025000	232	arm	TRUE	.
Chr4	3067000	3068000	232	arm	TRUE	.
Chr4	3264000	3265000	232	arm	TRUE	.
Chr4	3531000	3532000	232	arm	TRUE	.
Chr4	3565000	3566000	232	arm	TRUE	.
Chr4	830000	831000	232	arm	TRUE	.
