chr,start,end,b,fold,padj,cat
Chr1,7071000,7072000,283,5.25332936409738,3.20415073017747e-105,Arm
Chr1,8784000,8785000,294,4.72216124589207,2.07067344059664e-98,Arm
Chr1,8796000,8797000,339,5.61964622413041,5.80197891028767e-134,Arm
Chr1,8812000,8813000,335,5.03643296461688,1.82930804361065e-119,Arm
Chr1,8823000,8824000,298,5.96214327936082,3.42290790359534e-124,Arm
Chr1,8838000,8839000,273,4.24489437326973,1.23518721079295e-81,Arm
Chr1,8852000,8853000,288,5.25119918362188,5.04499063380774e-107,Arm
Chr1,13669000,13670000,441,6.40054141468266,9.71489512936002e-195,Pericentromere
Chr1,13893000,13894000,257,5.86012596822609,1.27637901173048e-105,Pericentromere
Chr1,14802000,14803000,469,6.85963788739399,5.12603806643519e-219,Pericentromere
Chr1,14803000,14804000,352,4.32112659313889,4.18910238047079e-107,Pericentromere
Chr1,17627000,17628000,454,6.76529169106923,1.03214970262104e-209,Pericentromere
Chr1,18201000,18202000,339,6.57067164767383,3.58749967813648e-153,Pericentromere
Chr1,18569000,18570000,600,9.39400808049976,0,Pericentromere
Chr1,18812000,18813000,304,5.66468713125256,4.34154339620571e-121,Pericentromere
Chr1,19728000,19729000,349,5.42556974200798,1.5671020798636e-133,Pericentromere
Chr1,23386000,23387000,229,4.4472064092064,3.60012108989324e-72,Arm
Chr1,24042000,24043000,360,4.67609866964317,4.1392259428701e-119,Arm
Chr2,0,1000,628,9.92789296066541,0,45S rDNA
Chr2,1000,2000,253,4.03996794620321,1.35760811292811e-71,45S rDNA
Chr2,3000,4000,2712,57.8928122397594,0,45S rDNA
Chr2,4000,5000,261,5.12784238238738,6.79414944648209e-95,45S rDNA
Chr2,5000,6000,313,9.3179503729454,8.03188863963916e-183,45S rDNA
Chr2,8000,9000,203,6.637432579086,8.31172894736876e-93,45S rDNA
Chr2,9000,10000,219,5.8548749661151,4.72351733555783e-90,45S rDNA
Chr2,10000,11000,396,7.33836068632677,5.12210695761476e-195,45S rDNA
Chr2,12000,13000,3289,14.6917963705121,0,45S rDNA
Chr2,13000,14000,4290,85.6126840586379,0,45S rDNA
Chr2,14000,15000,5377,116.875955338365,0,45S rDNA
Chr2,15000,16000,8329,190.275825727705,0,45S rDNA
Chr2,16000,17000,4584,133.042305788008,0,45S rDNA
Chr2,17000,18000,3369,67.4615356213085,0,45S rDNA
Chr2,18000,19000,6509,151.975580548274,0,45S rDNA
Chr2,19000,20000,6204,112.017768299434,0,45S rDNA
Chr2,20000,21000,17087,351.541572518457,0,45S rDNA
Chr2,21000,22000,6632,53.3625166321513,0,45S rDNA
Chr2,22000,23000,11888,166.328954224121,0,45S rDNA
Chr2,23000,24000,6405,98.0721690744257,0,45S rDNA
Chr2,24000,25000,5204,126.422891157449,0,45S rDNA
Chr2,25000,26000,6642,190.794386580333,0,45S rDNA
Chr2,26000,27000,6738,169.830148090606,0,45S rDNA
Chr2,27000,28000,3585,74.5842313643322,0,45S rDNA
Chr2,28000,29000,6367,168.264264514665,0,45S rDNA
Chr2,29000,30000,4874,100.461690136888,0,45S rDNA
Chr2,30000,31000,38613,772.88528536222,0,45S rDNA
Chr2,31000,32000,2782,31.6806619499943,0,45S rDNA
Chr2,32000,33000,2347,19.5268262872874,0,45S rDNA
Chr2,33000,34000,2753,18.9994836193762,0,45S rDNA
Chr2,34000,35000,618,9.40051033431683,0,45S rDNA
Chr2,35000,36000,1540,31.8125194312954,0,45S rDNA
Chr2,37000,38000,184,4.60608468560268,2.50312163317648e-60,45S rDNA
Chr2,38000,39000,306,6.7398429480091,3.27110989096133e-141,45S rDNA
Chr2,39000,40000,711,17.9500125940152,0,45S rDNA
Chr2,40000,41000,204,5.54267512392198,6.16436509802511e-80,45S rDNA
Chr2,41000,42000,291,6.74564614633184,2.0174876933029e-134,45S rDNA
Chr2,42000,43000,804,12.6289579048268,0,45S rDNA
Chr2,43000,44000,399,3.46598627072322,5.4208659938189e-93,45S rDNA
Chr2,44000,45000,611,11.7005502877213,0,45S rDNA
Chr2,45000,46000,2230,39.2587399395491,0,45S rDNA
Chr2,46000,47000,174,3.27783040078585,4.8930646022851e-38,45S rDNA
Chr2,47000,48000,241,5.08818080664548,4.96108885485218e-87,45S rDNA
Chr2,49000,50000,476,13.4031135280982,0,45S rDNA
Chr2,50000,51000,222,5.11330385301192,1.30086717078706e-80,45S rDNA
Chr2,51000,52000,270,6.51651978256874,2.39909732134991e-121,45S rDNA
Chr2,52000,53000,553,7.81448306251618,4.50720439701848e-285,45S rDNA
Chr2,53000,54000,190,3.08352578521084,5.22426104166466e-38,45S rDNA
Chr2,55000,56000,1161,22.1439990343975,0,45S rDNA
Chr2,56000,57000,237,4.40596774292074,6.37814804326333e-74,45S rDNA
Chr2,57000,58000,405,8.95535646063746,4.26489049417996e-230,45S rDNA
Chr2,58000,59000,219,5.31348617630163,1.75093387575026e-82,45S rDNA
Chr2,59000,60000,496,11.8893889562128,0,45S rDNA
Chr2,60000,61000,327,7.22423789696711,2.81362811563624e-159,45S rDNA
Chr2,61000,62000,330,8.45598998194583,2.23349869056094e-180,45S rDNA
Chr2,62000,63000,863,13.6666903290325,0,45S rDNA
Chr2,63000,64000,244,4.13101737045603,7.37915001757755e-71,45S rDNA
Chr2,65000,66000,4926,106.592617669815,0,45S rDNA
Chr2,66000,67000,840,13.5555097416968,0,45S rDNA
Chr2,67000,68000,509,11.19073162285,0,45S rDNA
Chr2,68000,69000,222,4.09064308240954,7.97017930014528e-64,45S rDNA
Chr2,69000,70000,413,9.33748313332763,2.72247949928934e-241,45S rDNA
Chr2,70000,71000,475,9.97335450612506,1.5057999001932e-289,45S rDNA
Chr2,71000,72000,430,10.002538385697,1.08485376526721e-262,45S rDNA
Chr2,72000,73000,347,7.71033109876001,1.88368349619077e-177,45S rDNA
Chr2,73000,74000,837,7.33087094010254,0,45S rDNA
Chr2,74000,75000,875,16.5495250605702,0,45S rDNA
Chr2,75000,76000,1382,23.5071470676344,0,45S rDNA
Chr2,77000,78000,294,6.46770824124188,3.0257037522799e-131,45S rDNA
Chr2,78000,79000,579,7.76324816521871,5.40376010759772e-297,45S rDNA
Chr2,79000,80000,925,22.2513452940721,0,45S rDNA
Chr2,80000,81000,330,7.63246877644902,1.54969195562102e-167,45S rDNA
Chr2,81000,82000,131,3.02287435715785,1.14528922568558e-25,45S rDNA
Chr2,82000,83000,875,10.3876140160185,0,45S rDNA
Chr2,84000,85000,2414,31.9412810459443,0,45S rDNA
Chr2,85000,86000,615,12.1412297464238,0,45S rDNA
Chr2,86000,87000,205,4.44050891203622,1.3815014631125e-64,45S rDNA
Chr2,87000,88000,203,4.51667033582391,3.97414595596847e-65,45S rDNA
Chr2,88000,89000,239,5.87780487209196,1.5415943702605e-98,45S rDNA
Chr2,89000,90000,359,9.07481146797155,6.79544482637638e-206,45S rDNA
Chr2,90000,91000,263,5.78478552123474,7.6234865671206e-107,45S rDNA
Chr2,91000,92000,167,4.04350593242094,1.42972866167216e-47,45S rDNA
Chr2,92000,93000,760,8.87839511862546,0,45S rDNA
Chr2,93000,94000,1876,34.3041415363379,0,45S rDNA
Chr2,94000,95000,1312,21.4534228909026,0,45S rDNA
Chr2,95000,96000,203,4.59765820258426,2.38226245356304e-66,45S rDNA
Chr2,96000,97000,348,6.59350638041956,1.17084196664234e-157,45S rDNA
Chr2,97000,98000,276,5.90686230259888,3.69598813757851e-114,45S rDNA
Chr2,98000,99000,447,10.9797288617123,2.15946195262138e-289,45S rDNA
Chr2,99000,100000,264,5.12541890837415,6.23381979688716e-96,45S rDNA
Chr2,100000,101000,237,5.59427773666373,1.59443990700323e-93,45S rDNA
Chr2,101000,102000,714,11.0266676265798,0,45S rDNA
Chr2,103000,104000,1169,12.5163035332009,0,45S rDNA
Chr2,104000,105000,1208,23.3586688947414,0,45S rDNA
Chr2,106000,107000,189,4.97837933260777,5.46898719931694e-67,45S rDNA
Chr2,107000,108000,320,7.29084215775428,5.51980359626307e-157,45S rDNA
Chr2,108000,109000,544,12.1239976698561,0,45S rDNA
Chr2,109000,110000,445,9.94195694114885,9.03023195775435e-271,45S rDNA
Chr2,110000,111000,556,12.9840539711682,0,45S rDNA
Chr2,111000,112000,743,11.0250565427334,0,45S rDNA
Chr2,113000,114000,370,4.1638408366479,5.47470593083196e-108,45S rDNA
Chr2,114000,115000,2598,53.6653647481188,0,45S rDNA
Chr2,115000,116000,189,3.66773344811568,8.19061231997518e-48,45S rDNA
Chr2,116000,117000,269,5.91286008207423,2.20803160482043e-111,45S rDNA
Chr2,118000,119000,400,8.98622987715128,8.50481464796637e-228,45S rDNA
Chr2,119000,120000,327,7.75342498043655,5.83034231508061e-168,45S rDNA
Chr2,120000,121000,238,6.58304346399406,5.98510827553184e-108,45S rDNA
Chr2,121000,122000,584,9.47855288393523,0,45S rDNA
Chr2,123000,124000,2595,45.3931069665479,0,45S rDNA
Chr2,124000,125000,233,4.30343269966429,7.44808252972818e-71,45S rDNA
Chr2,125000,126000,373,9.73348988407102,5.07478786428739e-224,45S rDNA
Chr2,126000,127000,176,3.90032615918782,4.93531524529611e-48,45S rDNA
Chr2,127000,128000,346,9.35005483309065,1.81588735993659e-202,45S rDNA
Chr2,128000,129000,417,10.329648728176,5.04853378180317e-260,45S rDNA
Chr2,129000,130000,261,5.89028450868306,9.82573629738415e-108,45S rDNA
Chr2,130000,131000,401,6.64330253788814,1.21571399622934e-182,45S rDNA
Chr2,131000,132000,333,5.81485003363013,1.12022602612885e-135,45S rDNA
Chr2,133000,134000,3216,66.4413117902975,0,45S rDNA
Chr2,134000,135000,313,5.39734851490593,2.85625509273984e-119,45S rDNA
Chr2,135000,136000,408,9.29053722716541,1.38715714673848e-237,45S rDNA
Chr2,136000,137000,210,3.8372120169646,4.6221977360441e-56,45S rDNA
Chr2,137000,138000,426,10.612336059354,3.93356599031933e-270,45S rDNA
Chr2,138000,139000,536,11.8428711309252,0,45S rDNA
Chr2,139000,140000,678,16.7545435904025,0,45S rDNA
Chr2,140000,141000,590,10.6620175688581,0,45S rDNA
Chr2,141000,142000,463,9.43013496000767,3.62264486946677e-272,45S rDNA
Chr2,142000,143000,267,3.82045711251695,1.10067859372576e-70,45S rDNA
Chr2,144000,145000,4235,74.9849949755106,0,45S rDNA
Chr2,145000,146000,316,5.85207179729749,1.60898253888346e-129,45S rDNA
Chr2,146000,147000,498,11.8331945285195,0,45S rDNA
Chr2,147000,148000,314,6.00242702443745,1.40680421835506e-131,45S rDNA
Chr2,148000,149000,812,19.6927920929103,0,45S rDNA
Chr2,149000,150000,382,8.15973882213637,1.8292629689585e-203,45S rDNA
Chr2,150000,151000,279,6.22875375704354,9.35628036308232e-121,45S rDNA
Chr2,151000,152000,359,5.0429769033353,4.02260050769597e-128,45S rDNA
Chr2,153000,154000,350,6.6436606718929,1.55244820004917e-159,45S rDNA
Chr2,154000,155000,1231,28.9513801686748,0,45S rDNA
Chr2,155000,156000,228,4.70311152476772,3.48967548017464e-76,45S rDNA
Chr2,156000,157000,454,8.82615011356721,2.75242855795179e-255,45S rDNA
Chr2,157000,158000,323,7.03265208774482,4.2091213407304e-154,45S rDNA
Chr2,158000,159000,569,12.5803335494431,0,45S rDNA
Chr2,159000,160000,444,10.351656478486,3.56392710977192e-277,45S rDNA
Chr2,160000,161000,613,14.6939423995131,0,45S rDNA
Chr2,161000,162000,610,10.7427164861107,0,45S rDNA
Chr2,163000,164000,536,7.4223244210488,6.14961396539557e-266,45S rDNA
Chr2,164000,165000,2418,40.5807997938773,0,45S rDNA
Chr2,166000,167000,732,12.8703149534034,0,45S rDNA
Chr2,168000,169000,401,8.60045953389139,1.34067479470507e-221,45S rDNA
Chr2,169000,170000,346,7.78750772691985,3.03327800183053e-178,45S rDNA
Chr2,170000,171000,277,6.78111339918522,1.56167696934932e-128,45S rDNA
Chr2,171000,172000,646,11.4985971899202,0,45S rDNA
Chr2,173000,174000,2043,39.7562813387265,0,45S rDNA
Chr2,174000,175000,165,3.22717124506363,2.46829511930125e-35,45S rDNA
Chr2,175000,176000,205,5.55213793553771,1.89434022622581e-80,45S rDNA
Chr2,176000,177000,315,6.97490684021556,2.42206334322212e-149,45S rDNA
Chr2,177000,178000,370,9.27092972264907,3.10477344557676e-215,45S rDNA
Chr2,178000,179000,392,9.49478819178863,1.31970783178385e-231,45S rDNA
Chr2,179000,180000,271,5.98871169107382,1.88201120244211e-113,45S rDNA
Chr2,180000,181000,425,7.34099795281681,2.70915995581562e-209,45S rDNA
Chr2,181000,182000,356,6.00108625602727,4.89905835845501e-149,45S rDNA
Chr2,183000,184000,1378,27.6528154273097,0,45S rDNA
Chr2,185000,186000,138,3.53094404816034,1.82181371442007e-33,45S rDNA
Chr2,186000,187000,179,3.80123600410814,2.33368991358029e-47,45S rDNA
Chr2,187000,188000,380,9.47111710833762,3.57188729680448e-224,45S rDNA
Chr2,188000,189000,403,9.38810722095187,2.57460814219544e-236,45S rDNA
Chr2,189000,190000,302,6.43818492177898,2.75313445246937e-134,45S rDNA
Chr2,190000,191000,487,8.67153100390532,1.79541608802799e-270,45S rDNA
Chr2,191000,192000,366,5.85441999108851,6.2287980882679e-150,45S rDNA
Chr2,193000,194000,3167,55.1602623366806,0,45S rDNA
Chr2,194000,195000,1177,21.07294914743,0,45S rDNA
Chr2,195000,196000,257,5.02337378579693,1.3106554295548e-91,45S rDNA
Chr2,196000,197000,434,8.99085828766592,3.60219474279538e-247,45S rDNA
Chr2,197000,198000,644,14.7728522435836,0,45S rDNA
Chr2,198000,199000,928,24.0766444782663,0,45S rDNA
Chr2,199000,200000,412,9.23405666686153,6.22177112348594e-239,45S rDNA
Chr2,200000,201000,321,6.98568748400049,2.35595845705536e-152,45S rDNA
Chr2,201000,202000,1143,12.4310544559318,0,45S rDNA
Chr2,203000,204000,5004,97.2442877357234,0,45S rDNA
Chr2,204000,205000,409,7.39246199341975,1.61276876936241e-202,45S rDNA
Chr2,205000,206000,836,18.5481072732297,0,45S rDNA
Chr2,206000,207000,517,5.91978140116543,1.76087170270839e-213,45S rDNA
Chr2,207000,208000,662,16.299803639852,0,45S rDNA
Chr2,208000,209000,211,4.59833619253777,6.05480906869411e-69,45S rDNA
Chr2,209000,210000,180,4.20543288570488,1.53583998412904e-53,45S rDNA
Chr2,210000,211000,680,9.585448958662,0,45S rDNA
Chr2,212000,213000,1105,19.8620197169618,0,45S rDNA
Chr2,213000,214000,1926,40.4350872540242,0,45S rDNA
Chr2,214000,215000,209,4.1156948305707,1.48733642966111e-60,45S rDNA
Chr2,215000,216000,278,5.73036266125224,5.98279571527866e-112,45S rDNA
Chr2,216000,217000,271,6.24586813622095,1.37717825319242e-117,45S rDNA
Chr2,217000,218000,786,19.058771578297,0,45S rDNA
Chr2,218000,219000,282,7.19334334241125,5.04599450193502e-137,45S rDNA
Chr2,219000,220000,229,5.26333171144122,1.89096388139282e-85,45S rDNA
Chr2,220000,221000,757,9.41234608196858,0,45S rDNA
Chr2,222000,223000,1353,24.0380941463962,0,45S rDNA
Chr2,226000,227000,133,3.59749535370569,4.68939036918696e-33,45S rDNA
Chr2,228000,229000,227,4.60724320100949,2.92499696931648e-74,45S rDNA
Chr2,229000,230000,538,8.0611203274381,1.05677811659423e-283,45S rDNA
Chr2,230000,231000,258,3.95468248755078,3.35014075135537e-71,45S rDNA
Chr2,232000,233000,3409,65.6712544524288,0,45S rDNA
Chr2,233000,234000,285,5.28530972437974,1.44544009367382e-106,45S rDNA
Chr2,234000,235000,449,9.59294424258441,5.9952418283185e-267,45S rDNA
Chr2,235000,236000,294,6.20519517678791,8.53903890063958e-127,45S rDNA
Chr2,236000,237000,974,22.3095609730357,0,45S rDNA
Chr2,237000,238000,817,17.8906216649004,0,45S rDNA
Chr2,238000,239000,572,13.8370621310819,0,45S rDNA
Chr2,239000,240000,626,9.8565814011888,0,45S rDNA
Chr2,240000,241000,338,3.7701348569489,7.88519037343945e-88,45S rDNA
Chr2,242000,243000,2773,56.0994401467254,0,45S rDNA
Chr2,243000,244000,285,5.37062887138003,3.56132675578777e-108,45S rDNA
Chr2,244000,245000,298,6.8019822967648,1.49163530252762e-138,45S rDNA
Chr2,246000,247000,283,5.99419775621988,1.56173898384349e-118,45S rDNA
Chr2,247000,248000,381,8.8293726289614,1.95967073910506e-214,45S rDNA
Chr2,248000,249000,242,4.74105846637551,1.77465153116461e-81,45S rDNA
Chr2,249000,250000,412,8.94757402795906,6.38606295051345e-234,45S rDNA
Chr2,250000,251000,418,4.30685895833839,1.4551666153253e-126,45S rDNA
Chr2,251000,252000,1635,30.6130670200215,0,45S rDNA
Chr2,252000,253000,300,4.83307239580552,8.59998876640527e-103,45S rDNA
Chr2,253000,254000,170,4.22944385595244,6.27600635130936e-51,45S rDNA
Chr2,255000,256000,333,8.53286261814533,3.67715377423806e-183,45S rDNA
Chr2,256000,257000,411,9.32861053317442,5.62591867581412e-240,45S rDNA
Chr2,257000,258000,299,7.22689710175053,9.39018260105179e-146,45S rDNA
Chr2,258000,259000,173,3.69537910007746,3.05442202717748e-44,45S rDNA
Chr2,259000,260000,579,8.92149157076604,0,45S rDNA
Chr2,261000,262000,1337,26.7549635050883,0,45S rDNA
Chr2,262000,263000,279,4.9773970162438,1.7233702021944e-98,45S rDNA
Chr2,263000,264000,303,7.38644707084346,3.59668659610236e-150,45S rDNA
Chr2,265000,266000,645,14.6033666864294,0,45S rDNA
Chr2,266000,267000,848,18.6265038791481,0,45S rDNA
Chr2,267000,268000,398,8.69446053930738,1.31513537373158e-221,45S rDNA
Chr2,268000,269000,258,5.64288064345886,1.55401163157168e-102,45S rDNA
Chr2,269000,270000,893,8.23531061798777,0,45S rDNA
Chr2,270000,271000,533,7.60540603760994,2.43677563995709e-269,45S rDNA
Chr2,271000,272000,966,17.8326511695541,0,45S rDNA
Chr2,272000,273000,372,8.79800737409536,7.03328251964989e-209,45S rDNA
Chr2,273000,274000,784,13.1192196254144,0,45S rDNA
Chr2,278000,279000,850,11.8648543520479,0,45S rDNA
Chr2,280000,281000,417,7.29565857040274,2.10560497355389e-204,45S rDNA
Chr2,281000,282000,3890,71.4646165566434,0,45S rDNA
Chr2,282000,283000,245,4.40122772439482,2.66163822946913e-76,45S rDNA
Chr2,283000,284000,458,8.82804618928585,1.44785582866884e-257,45S rDNA
Chr2,284000,285000,386,8.40937591664132,5.05584383524086e-210,45S rDNA
Chr2,285000,286000,1062,22.1542660149912,0,45S rDNA
Chr2,286000,287000,566,13.0313742031603,0,45S rDNA
Chr2,287000,288000,369,8.60256495081112,5.09961182005043e-204,45S rDNA
Chr2,288000,289000,1001,14.1662015936422,0,45S rDNA
Chr2,290000,291000,4956,94.418894965732,0,45S rDNA
Chr2,291000,292000,553,8.89536307152482,1.11263690335434e-308,45S rDNA
Chr2,292000,293000,835,19.6715278902227,0,45S rDNA
Chr2,293000,294000,290,3.31810664231572,6.0468928103374e-64,45S rDNA
Chr2,294000,295000,384,8.401918693795,8.27455746838137e-209,45S rDNA
Chr2,295000,296000,281,7.49890072701134,6.36848371860066e-141,45S rDNA
Chr2,296000,297000,230,5.64260190446472,1.72035279748555e-91,45S rDNA
Chr2,297000,298000,657,10.4823632093767,0,45S rDNA
Chr2,299000,300000,2705,56.0984436534371,0,45S rDNA
Chr2,300000,301000,255,4.81890712320879,3.0777492631019e-87,45S rDNA
Chr2,301000,302000,308,6.86088527551376,3.70515881767821e-144,45S rDNA
Chr2,302000,303000,190,4.33461045938818,2.21080793440174e-58,45S rDNA
Chr2,303000,304000,340,8.37150035883638,1.64673465027755e-184,45S rDNA
Chr2,304000,305000,363,9.05191688383097,7.97083608305908e-208,45S rDNA
Chr2,305000,306000,260,5.81917405339875,3.45309573807279e-106,45S rDNA
Chr2,306000,307000,369,7.0246304868626,9.16859079140354e-176,45S rDNA
Chr2,307000,308000,760,13.1791681546508,0,45S rDNA
Chr2,309000,310000,4627,82.2896428877434,0,45S rDNA
Chr2,310000,311000,486,7.95406964018261,6.670842999124e-254,45S rDNA
Chr2,311000,312000,877,18.7923714763874,0,45S rDNA
Chr2,312000,313000,202,4.10212483774083,2.47446578763589e-58,45S rDNA
Chr2,313000,314000,332,8.31305780335112,2.65053282442991e-179,45S rDNA
Chr2,314000,315000,401,8.98852259073047,2.10148675306655e-228,45S rDNA
Chr2,315000,316000,290,6.70112776707287,2.97117774039017e-133,45S rDNA
Chr2,316000,317000,592,11.0404811899717,0,45S rDNA
Chr2,317000,318000,340,6.41249829653307,1.40112216182366e-150,45S rDNA
Chr2,319000,320000,3212,48.6439520426927,0,45S rDNA
Chr2,320000,321000,1187,22.2425811545599,0,45S rDNA
Chr2,321000,322000,239,5.24968682442971,6.26163461582879e-89,45S rDNA
Chr2,322000,323000,448,8.48779048511987,3.31886676075919e-245,45S rDNA
Chr2,323000,324000,604,13.9094713522577,0,45S rDNA
Chr2,324000,325000,920,22.3445118725631,0,45S rDNA
Chr2,325000,326000,428,9.30615722821069,1.82793372188681e-249,45S rDNA
Chr2,326000,327000,278,6.42717793722644,1.64927545012938e-123,45S rDNA
Chr2,327000,328000,1072,11.1645690388923,0,45S rDNA
Chr2,329000,330000,2261,41.7926924224629,0,45S rDNA
Chr2,330000,331000,159,3.13694141918875,9.87736662101482e-33,45S rDNA
Chr2,331000,332000,256,6.14934357575733,1.13316129823327e-109,45S rDNA
Chr2,333000,334000,402,8.10730245673262,4.36815170994954e-213,45S rDNA
Chr2,334000,335000,313,7.78763639570718,2.48843174714798e-161,45S rDNA
Chr2,335000,336000,220,5.09184198296283,1.43110562795541e-79,45S rDNA
Chr2,336000,337000,625,11.2382100365763,0,45S rDNA
Chr2,337000,338000,259,3.01143014425044,9.63764394484697e-50,45S rDNA
Chr2,339000,340000,2783,61.4121884134197,0,45S rDNA
Chr2,340000,341000,207,3.76042897847157,6.21339597239052e-54,45S rDNA
Chr2,341000,342000,203,4.07489844906438,3.56197383166194e-58,45S rDNA
Chr2,343000,344000,345,8.19283307776247,2.26223002109224e-184,45S rDNA
Chr2,344000,345000,340,7.18971950543423,5.78183019791622e-165,45S rDNA
Chr2,345000,346000,263,5.41559452962495,1.15818463164562e-100,45S rDNA
Chr2,346000,347000,505,9.33838214401422,7.31518954294175e-295,45S rDNA
Chr2,347000,348000,294,3.31294170767578,1.12080725922489e-64,45S rDNA
Chr2,348000,349000,2743,53.7358971207718,0,45S rDNA
Chr2,349000,350000,261,4.07142853954554,1.71036784584035e-74,45S rDNA
Chr2,350000,351000,374,7.81011122973489,5.27176214117402e-193,45S rDNA
Chr2,351000,352000,168,3.54209159824107,9.51252050525289e-41,45S rDNA
Chr2,352000,353000,319,7.50772092768016,5.27339751119948e-160,45S rDNA
Chr2,353000,354000,358,8.25432510163067,2.6329526415599e-192,45S rDNA
Chr2,354000,355000,287,6.61044236853343,1.91967808492883e-130,45S rDNA
Chr2,355000,356000,414,9.82848513156549,4.09321598360398e-250,45S rDNA
Chr2,356000,357000,443,5.31408803210903,5.18708360668355e-166,45S rDNA
Chr2,357000,358000,2919,60.3147432292115,0,45S rDNA
Chr2,358000,359000,526,9.15268659585043,5.32925979398396e-303,45S rDNA
Chr2,359000,360000,363,7.51300679229164,4.78701724089089e-182,45S rDNA
Chr2,360000,361000,184,3.79803714538689,1.30692196378056e-48,45S rDNA
Chr2,361000,362000,350,8.23053845145409,1.21210153286099e-187,45S rDNA
Chr2,362000,363000,421,9.73830489851194,8.11362024280831e-253,45S rDNA
Chr2,363000,364000,329,7.64999393264427,2.57391364052187e-167,45S rDNA
Chr2,364000,365000,181,3.90164806099389,2.1396198797123e-49,45S rDNA
Chr2,365000,366000,681,8.97459374020161,0,45S rDNA
Chr2,367000,368000,4495,64.6392651986604,0,45S rDNA
Chr2,368000,369000,1049,17.3836491474619,0,45S rDNA
Chr2,369000,370000,342,8.13268480288036,8.09320883037568e-182,45S rDNA
Chr2,370000,371000,191,4.22432347052989,4.76583136016582e-57,45S rDNA
Chr2,371000,372000,376,11.0157225868471,4.74249332846012e-244,45S rDNA
Chr2,372000,373000,401,9.86737825947753,6.60897513121777e-243,45S rDNA
Chr2,373000,374000,389,10.1689059075018,3.09013932688606e-240,45S rDNA
Chr2,374000,375000,195,4.38595482875395,1.14949500686029e-60,45S rDNA
Chr2,375000,376000,792,11.8187208817429,0,45S rDNA
Chr2,376000,377000,184,3.45289049754956,4.21577595970583e-43,45S rDNA
Chr2,377000,378000,586,8.36792822832327,1.11253693065816e-308,45S rDNA
Chr2,378000,379000,4975,90.6819133387381,0,45S rDNA
Chr2,379000,380000,467,8.99632614528725,5.25008415322248e-266,45S rDNA
Chr2,380000,381000,824,18.4629459824825,0,45S rDNA
Chr2,381000,382000,212,4.50560694284754,8.35182109660073e-68,45S rDNA
Chr2,382000,383000,523,11.8794678604414,0,45S rDNA
Chr2,383000,384000,341,8.24005689638795,5.42971744103472e-183,45S rDNA
Chr2,384000,385000,333,7.53259766516801,2.12054023758134e-167,45S rDNA
Chr2,385000,386000,953,13.8874314036053,0,45S rDNA
Chr2,386000,387000,171,3.44411837804073,5.63227785856415e-40,45S rDNA
Chr2,388000,389000,973,19.693324138497,0,45S rDNA
Chr2,389000,390000,538,10.1087432430844,0,45S rDNA
Chr2,390000,391000,871,21.5212483666317,0,45S rDNA
Chr2,391000,392000,244,4.48199655065992,1.74598802384867e-77,45S rDNA
Chr2,392000,393000,715,17.3466320584152,0,45S rDNA
Chr2,393000,394000,934,24.4333776205142,0,45S rDNA
Chr2,394000,395000,383,9.40711005758173,6.26212817432717e-225,45S rDNA
Chr2,395000,396000,440,8.32873505462648,1.15922646338814e-237,45S rDNA
Chr2,396000,397000,751,6.40393894818824,0,45S rDNA
Chr2,397000,398000,520,7.78792024053142,1.90698258928516e-267,45S rDNA
Chr2,398000,399000,878,16.1835224115235,0,45S rDNA
Chr2,400000,401000,237,4.54917225537041,1.77941521705261e-76,45S rDNA
Chr2,401000,402000,244,3.61953767083895,1.75006221070759e-60,45S rDNA
Chr2,402000,403000,639,13.177015822372,0,45S rDNA
Chr2,403000,404000,453,10.2372154758595,8.40997649979637e-281,45S rDNA
Chr2,404000,405000,191,4.28011820631705,7.01947853470957e-58,45S rDNA
Chr2,405000,406000,685,10.1426187914929,0,45S rDNA
Chr2,407000,408000,737,12.5168689397103,0,45S rDNA
Chr2,408000,409000,2171,40.9167780116633,0,45S rDNA
Chr2,410000,411000,125,3.0531624607391,6.91038792827902e-25,45S rDNA
Chr2,412000,413000,165,3.53108763917385,7.11986224310687e-40,45S rDNA
Chr2,414000,415000,251,6.33638411043082,2.75428824052986e-110,45S rDNA
Chr2,415000,416000,767,10.8966016269921,0,45S rDNA
Chr2,417000,418000,1745,30.4592559124543,0,45S rDNA
Chr2,419000,420000,144,3.42388165297911,1.61828698422231e-33,45S rDNA
Chr2,420000,421000,160,3.60683650716062,9.47705889766e-40,45S rDNA
Chr2,421000,422000,367,8.50739565533947,2.36079096571713e-201,45S rDNA
Chr2,422000,423000,317,7.44751794092121,4.77352705906102e-158,45S rDNA
Chr2,423000,424000,251,5.65281446512983,6.23183665533381e-100,45S rDNA
Chr2,424000,425000,613,10.0182699527129,0,45S rDNA
Chr2,425000,426000,274,3.6043984146074,1.85269301053857e-67,45S rDNA
Chr2,426000,427000,5486,102.544979342837,0,45S rDNA
Chr2,427000,428000,654,11.9327489309302,0,45S rDNA
Chr2,428000,429000,351,9.84875838476944,1.80976272105667e-212,45S rDNA
Chr2,429000,430000,193,4.16547865383654,9.6353991486056e-57,45S rDNA
Chr2,430000,431000,372,9.07016592640571,3.02359756403096e-213,45S rDNA
Chr2,431000,432000,396,9.28173970318226,1.77558805417664e-230,45S rDNA
Chr2,432000,433000,264,5.56907642201719,1.1616642255061e-103,45S rDNA
Chr2,433000,434000,434,8.18536547263339,1.46458749692578e-231,45S rDNA
Chr2,434000,435000,347,5.30225028238648,5.89524034561601e-130,45S rDNA
Chr2,436000,437000,3421,61.9390400654192,0,45S rDNA
Chr2,437000,438000,287,5.19440989624306,1.46612703631509e-105,45S rDNA
Chr2,438000,439000,428,9.43475475432173,9.7043658593106e-252,45S rDNA
Chr2,439000,440000,204,4.30292384245052,3.98469724622079e-62,45S rDNA
Chr2,440000,441000,477,11.4627702741152,1.1125369328155e-308,45S rDNA
Chr2,441000,442000,554,12.4950026200725,0,45S rDNA
Chr2,442000,443000,579,14.1924628073417,0,45S rDNA
Chr2,443000,444000,489,9.19668978676943,1.18297755784719e-282,45S rDNA
Chr2,444000,445000,413,4.86230009677249,4.79144408196922e-142,45S rDNA
Chr2,446000,447000,2456,50.7662005635676,0,45S rDNA
Chr2,447000,448000,494,8.55238435009845,1.0017185437347e-271,45S rDNA
Chr2,448000,449000,257,5.29803902600269,2.14568100398984e-96,45S rDNA
Chr2,450000,451000,171,4.32418045695653,1.75164547693522e-52,45S rDNA
Chr2,451000,452000,151,3.36567549545905,2.55663202364192e-34,45S rDNA
Chr2,454000,455000,729,8.19882227460821,0,45S rDNA
Chr2,455000,456000,2079,46.146670357818,0,45S rDNA
Chr2,456000,457000,902,17.909568176711,0,45S rDNA
Chr2,457000,458000,219,4.4287102205811,9.52641833718112e-69,45S rDNA
Chr2,458000,459000,343,7.20181178021241,1.25657911263585e-166,45S rDNA
Chr2,459000,460000,283,7.30635852624802,3.70948447212754e-139,45S rDNA
Chr2,460000,461000,416,9.02269855936763,1.59596134984194e-237,45S rDNA
Chr2,461000,462000,283,6.17449402700417,1.42248053257323e-121,45S rDNA
Chr2,462000,463000,193,4.54308994626546,2.44229912638351e-62,45S rDNA
Chr2,463000,464000,660,9.49199378311738,0,45S rDNA
Chr2,465000,466000,1962,27.7545495802082,0,45S rDNA
Chr2,466000,467000,1019,16.620971670541,0,45S rDNA
Chr2,467000,468000,186,4.61174886505154,4.71328933397898e-61,45S rDNA
Chr2,468000,469000,318,5.7706073965498,9.84645333929613e-129,45S rDNA
Chr2,469000,470000,284,6.80722647837963,3.662866160463e-132,45S rDNA
Chr2,470000,471000,379,9.03023459730394,1.34876017379702e-216,45S rDNA
Chr2,471000,472000,293,7.10116541136083,6.30495519666057e-141,45S rDNA
Chr2,472000,473000,192,3.84945951871335,1.61132420938431e-51,45S rDNA
Chr2,473000,474000,595,8.07676519517052,1.11253901352035e-308,45S rDNA
Chr2,475000,476000,2426,30.8933610973614,0,45S rDNA
Chr2,476000,477000,1316,21.5990974782971,0,45S rDNA
Chr2,477000,478000,241,4.9902957541517,2.11231594609286e-85,45S rDNA
Chr2,478000,479000,377,7.47288537288071,2.84112228245398e-188,45S rDNA
Chr2,479000,480000,367,9.64860440936826,3.50998151933155e-219,45S rDNA
Chr2,480000,481000,512,12.0464693929133,0,45S rDNA
Chr2,481000,482000,471,10.3308822065626,1.32179754826023e-293,45S rDNA
Chr2,482000,483000,498,10.6262276045874,1.11253696299057e-308,45S rDNA
Chr2,483000,484000,948,13.5541129436925,0,45S rDNA
Chr2,484000,485000,286,5.41751945296783,1.97915394988652e-109,45S rDNA
Chr2,485000,486000,238,3.49633611625983,1.91573555957261e-56,45S rDNA
Chr2,486000,487000,2556,35.4251458944959,0,45S rDNA
Chr2,487000,488000,1095,19.2730366977682,0,45S rDNA
Chr2,488000,489000,226,5.18426181218928,3.86144258593325e-83,45S rDNA
Chr2,489000,490000,368,6.76562969339409,3.6655762015472e-170,45S rDNA
Chr2,490000,491000,340,8.36686981964213,1.94254967686993e-184,45S rDNA
Chr2,491000,492000,399,9.0629209872201,1.54474933147873e-228,45S rDNA
Chr2,492000,493000,380,8.45344165483881,1.57029818221839e-207,45S rDNA
Chr2,493000,494000,254,5.21953298377196,6.01572024906738e-94,45S rDNA
Chr2,494000,495000,1045,13.2086026564168,0,45S rDNA
Chr2,496000,497000,1641,28.207386530852,0,45S rDNA
Chr2,497000,498000,1452,26.9697322268728,0,45S rDNA
Chr2,498000,499000,173,3.80708333228646,6.98788173807144e-46,45S rDNA
Chr2,499000,500000,241,4.56144405568572,5.66854706064719e-78,45S rDNA
Chr2,500000,501000,241,5.45336812647819,6.64588948596014e-93,45S rDNA
Chr2,501000,502000,520,12.5284341795901,0,45S rDNA
Chr2,502000,503000,435,11.0524597323281,8.88128342401721e-283,45S rDNA
Chr2,503000,504000,523,11.5645714294158,0,45S rDNA
Chr2,504000,505000,773,10.1369745482479,0,45S rDNA
Chr2,505000,506000,497,8.5935465328985,2.76599126954275e-274,45S rDNA
Chr2,506000,507000,2643,45.5266770262997,0,45S rDNA
Chr2,507000,508000,179,4.01076132386453,1.84333287884495e-50,45S rDNA
Chr2,508000,509000,358,7.22284640304939,2.89387553188002e-174,45S rDNA
Chr2,509000,510000,211,4.23803515753682,3.6458142313477e-63,45S rDNA
Chr2,510000,511000,459,9.9872517893591,4.49499654069626e-280,45S rDNA
Chr2,511000,512000,268,7.26922201038565,2.58763832293678e-131,45S rDNA
Chr2,512000,513000,280,5.70637260499451,2.50019643651796e-112,45S rDNA
Chr2,513000,514000,613,8.78795609887096,0,45S rDNA
Chr2,514000,515000,183,3.58992311050236,4.36832606759675e-45,45S rDNA
Chr2,516000,517000,2072,43.4160321848564,0,45S rDNA
Chr2,517000,518000,241,4.0984221277567,2.27331568211209e-69,45S rDNA
Chr2,518000,519000,182,4.29906888506357,1.85990048295719e-55,45S rDNA
Chr2,521000,522000,970,24.3796258626974,0,45S rDNA
Chr2,522000,523000,360,8.28231542119171,7.70838043480863e-194,45S rDNA
Chr2,523000,524000,560,11.0865861627023,0,45S rDNA
Chr2,524000,525000,681,5.92244046846388,5.13812275938704e-281,45S rDNA
Chr2,525000,526000,2966,68.0260098161281,0,45S rDNA
Chr2,526000,527000,2307,38.7033093556771,0,45S rDNA
Chr2,527000,528000,377,7.31747949644628,2.66387782288093e-185,45S rDNA
Chr2,528000,529000,736,10.3174490839499,0,45S rDNA
Chr2,529000,530000,282,3.85384861073174,2.13808555912017e-75,45S rDNA
Chr2,530000,531000,350,8.29975589060757,9.23953261271873e-189,45S rDNA
Chr2,531000,532000,243,5.75626556667656,2.37928061364892e-98,45S rDNA
Chr2,532000,533000,177,4.04033390239762,2.49216383993636e-50,45S rDNA
Chr2,533000,534000,596,6.74335943088802,2.62982794838981e-274,45S rDNA
Chr2,535000,536000,2426,50.9482824391238,0,45S rDNA
Chr2,536000,537000,581,10.3688129717164,0,45S rDNA
Chr2,537000,538000,267,6.31320723866552,6.578509159567e-117,45S rDNA
Chr2,539000,540000,258,6.52585065949472,3.98966587858257e-116,45S rDNA
Chr2,540000,541000,345,7.97617405878821,7.36506469429186e-181,45S rDNA
Chr2,541000,542000,253,5.6341599694686,2.01011307554303e-100,45S rDNA
Chr2,542000,543000,154,3.43464637741212,6.06129336656179e-36,45S rDNA
Chr2,543000,544000,735,8.56909195921001,0,45S rDNA
Chr2,544000,545000,2408,41.1722897815703,0,45S rDNA
Chr2,545000,546000,1076,18.4748986715376,0,45S rDNA
Chr2,546000,547000,183,4.65733938908433,1.07883923889354e-60,45S rDNA
Chr2,547000,548000,359,7.76496400457375,1.63634072330435e-184,45S rDNA
Chr2,548000,549000,289,6.15842139489556,7.38396824079582e-124,45S rDNA
Chr2,549000,550000,415,9.68286429501397,2.63799819262149e-248,45S rDNA
Chr2,550000,551000,300,7.11323392700601,1.83335849744699e-144,45S rDNA
Chr2,551000,552000,207,4.88815847573082,5.52872687267548e-72,45S rDNA
Chr2,552000,553000,789,12.1371818696712,0,45S rDNA
Chr2,554000,555000,2243,25.4507490471512,0,45S rDNA
Chr2,555000,556000,1351,23.5265393772813,0,45S rDNA
Chr2,556000,557000,222,4.86879959362213,7.74457913248386e-77,45S rDNA
Chr2,557000,558000,394,7.35611076536232,2.15319350517531e-194,45S rDNA
Chr2,558000,559000,333,8.55860525522427,1.51820179581391e-183,45S rDNA
Chr2,559000,560000,494,11.470630088673,0,45S rDNA
Chr2,560000,561000,442,10.6108603924705,3.22240082393168e-280,45S rDNA
Chr2,561000,562000,485,10.7480578818528,1.15042644289198e-308,45S rDNA
Chr2,562000,563000,766,10.1862974532512,0,45S rDNA
Chr2,564000,565000,614,7.4117581483032,3.54035436053875e-304,45S rDNA
Chr2,565000,566000,2470,53.2434845892536,0,45S rDNA
Chr2,566000,567000,399,7.7659523217342,5.40296565894773e-205,45S rDNA
Chr2,567000,568000,770,13.5330977117198,0,45S rDNA
Chr2,568000,569000,163,3.60564840911775,1.82837569917734e-40,45S rDNA
Chr2,569000,570000,1100,26.713023503535,0,45S rDNA
Chr2,571000,572000,269,5.49449876320279,2.54969209237275e-104,45S rDNA
Chr2,572000,573000,702,10.9824007306916,0,45S rDNA
Chr2,574000,575000,2508,46.9873234081943,0,45S rDNA
Chr2,575000,576000,197,3.36473897269889,1.57140961128806e-44,45S rDNA
Chr2,576000,577000,315,6.7181868750196,5.77278884005e-145,45S rDNA
Chr2,578000,579000,334,6.51158414689308,8.12391413757169e-150,45S rDNA
Chr2,579000,580000,392,9.19067476276249,1.15835029914939e-226,45S rDNA
Chr2,580000,581000,270,5.82923882200018,2.07955234878793e-110,45S rDNA
Chr2,581000,582000,460,7.56907254728106,9.59944910188604e-232,45S rDNA
Chr2,582000,583000,352,6.0177697830328,1.00454540279982e-147,45S rDNA
Chr2,584000,585000,2737,37.6082902410757,0,45S rDNA
Chr2,585000,586000,1034,17.654584948817,0,45S rDNA
Chr2,586000,587000,293,6.24698369334889,4.40479784146959e-127,45S rDNA
Chr2,587000,588000,311,5.68480368137929,2.99810447896048e-124,45S rDNA
Chr2,588000,589000,399,9.57973083664424,4.16623149835811e-237,45S rDNA
Chr2,589000,590000,486,10.9842127877098,1.11253753218433e-308,45S rDNA
Chr2,590000,591000,618,14.75373441034,0,45S rDNA
Chr2,591000,592000,393,9.66755222314978,5.98995286833259e-235,45S rDNA
Chr2,592000,593000,963,13.3454121086206,0,45S rDNA
Chr2,593000,594000,257,4.86772999063624,8.27313872879396e-89,45S rDNA
Chr2,595000,596000,4704,68.8665492936561,0,45S rDNA
Chr2,596000,597000,1090,18.1434334711608,0,45S rDNA
Chr2,597000,598000,540,11.2842819469564,0,45S rDNA
Chr2,598000,599000,243,4.34366771756847,1.29477410766896e-74,45S rDNA
Chr2,599000,600000,427,10.3997859744373,2.25925325519147e-267,45S rDNA
Chr2,600000,601000,461,10.6151138825285,2.66978671400582e-292,45S rDNA
Chr2,601000,602000,462,11.4125867876513,3.93871693802302e-306,45S rDNA
Chr2,602000,603000,305,7.52731761674718,2.54773836938231e-153,45S rDNA
Chr2,603000,604000,979,12.6421599980131,0,45S rDNA
Chr2,605000,606000,2357,49.3310376498616,0,45S rDNA
Chr2,606000,607000,729,11.6176903729593,0,45S rDNA
Chr2,607000,608000,292,9.21775069562764,2.16076855870458e-169,45S rDNA
Chr2,608000,609000,248,4.81946110280963,7.11259962732419e-85,45S rDNA
Chr2,609000,610000,186,3.9363177812747,2.84646739187862e-51,45S rDNA
Chr2,610000,611000,388,8.25619003281358,2.20134315828213e-208,45S rDNA
Chr2,611000,612000,210,4.84778477530962,2.04953122733281e-72,45S rDNA
Chr2,612000,613000,222,5.48261729357672,4.61360612226754e-86,45S rDNA
Chr2,613000,614000,751,9.39815468343315,0,45S rDNA
Chr2,614000,615000,386,5.4436432788092,4.71858194415645e-148,45S rDNA
Chr2,615000,616000,2316,41.8567149551661,0,45S rDNA
Chr2,617000,618000,304,5.86757276820222,6.35624864487868e-125,45S rDNA
Chr2,619000,620000,262,5.9416533581109,5.79537738483034e-109,45S rDNA
Chr2,620000,621000,293,7.13181481830348,2.13300818806246e-141,45S rDNA
Chr2,621000,622000,236,6.16850507926599,1.95919727059275e-101,45S rDNA
Chr2,622000,623000,608,8.70754682569247,0,45S rDNA
Chr2,625000,626000,4021,66.0685392793076,0,45S rDNA
Chr2,626000,627000,412,7.73328437809306,5.46316581379732e-211,45S rDNA
Chr2,627000,628000,450,10.9068869242146,3.79485371070099e-290,45S rDNA
Chr2,628000,629000,254,4.76671354465676,5.99586744732333e-86,45S rDNA
Chr2,629000,630000,725,17.403648373477,0,45S rDNA
Chr2,630000,631000,942,25.1403392229288,0,45S rDNA
Chr2,631000,632000,406,11.0078547350335,2.45002063326523e-263,45S rDNA
Chr2,632000,633000,473,10.595304198954,1.5363854683805e-299,45S rDNA
Chr2,633000,634000,659,5.97185006174086,6.05275819367434e-274,45S rDNA
Chr2,634000,635000,1223,19.0113368999798,0,45S rDNA
Chr2,635000,636000,1353,21.7682536174441,0,45S rDNA
Chr2,636000,637000,176,3.75205478885132,7.58304269796273e-46,45S rDNA
Chr2,637000,638000,295,6.32261865092573,3.07018690654429e-129,45S rDNA
Chr2,638000,639000,171,4.02333255114877,2.05646336732089e-48,45S rDNA
Chr2,639000,640000,435,9.77526730956101,7.75664677323433e-262,45S rDNA
Chr2,640000,641000,337,7.60032257644157,1.5544729650385e-170,45S rDNA
Chr2,641000,642000,338,8.64273139791141,1.48640190384042e-187,45S rDNA
Chr2,642000,643000,1079,14.7643991809688,0,45S rDNA
Chr2,644000,645000,667,10.6695468211429,0,45S rDNA
Chr2,645000,646000,2262,45.8682116475814,0,45S rDNA
Chr2,646000,647000,329,7.06797379118652,1.45978306931443e-157,45S rDNA
Chr2,647000,648000,802,15.5267361994216,0,45S rDNA
Chr2,648000,649000,305,6.79670531022408,1.06095549817926e-141,45S rDNA
Chr2,649000,650000,443,10.3349615116103,2.85049704938216e-276,45S rDNA
Chr2,650000,651000,250,6.24070975297955,1.83694017892806e-108,45S rDNA
Chr2,651000,652000,258,6.58491942502558,5.572111070515e-117,45S rDNA
Chr2,652000,653000,730,10.7079486594993,0,45S rDNA
Chr2,654000,655000,2978,54.4153208881932,0,45S rDNA
Chr2,655000,656000,221,3.99391903967359,8.16943087469844e-62,45S rDNA
Chr2,656000,657000,365,8.04555118520101,1.72158859364723e-192,45S rDNA
Chr2,657000,658000,175,3.60371781045332,2.33317819359398e-43,45S rDNA
Chr2,658000,659000,404,9.55934232664412,9.86694690344672e-240,45S rDNA
Chr2,659000,660000,352,8.43056502502758,6.16670779062527e-192,45S rDNA
Chr2,660000,661000,256,5.64197534479849,9.88381496396909e-102,45S rDNA
Chr2,661000,662000,553,8.89500572756984,1.11263885529964e-308,45S rDNA
Chr2,662000,663000,365,6.57670044456738,5.6847789079485e-165,45S rDNA
Chr2,664000,665000,3439,63.7199973126454,0,45S rDNA
Chr2,665000,666000,909,14.9830059038289,0,45S rDNA
Chr2,666000,667000,441,10.2221915334181,3.91055935907615e-273,45S rDNA
Chr2,667000,668000,316,6.26064543935522,3.04107892214556e-137,45S rDNA
Chr2,668000,669000,688,17.274591407337,0,45S rDNA
Chr2,669000,670000,909,20.3572447796751,0,45S rDNA
Chr2,670000,671000,383,8.18240892960716,2.12551169968698e-204,45S rDNA
Chr2,671000,672000,223,4.95505427960657,1.55709708249138e-78,45S rDNA
Chr2,672000,673000,1052,10.4441978258468,0,45S rDNA
Chr2,673000,674000,670,10.1868478562097,0,45S rDNA
Chr2,674000,675000,4696,99.93074466834,0,45S rDNA
Chr2,675000,676000,371,7.94851842825637,6.23883283488972e-194,45S rDNA
Chr2,676000,677000,814,14.218418415105,0,45S rDNA
Chr2,677000,678000,247,3.1756662050714,2.49920752065919e-51,45S rDNA
Chr2,678000,679000,296,7.20396095151627,5.99392524909911e-144,45S rDNA
Chr2,679000,680000,226,5.13338381732267,2.32531860253685e-82,45S rDNA
Chr2,680000,681000,135,3.45109695437705,8.50738435694506e-32,45S rDNA
Chr2,681000,682000,656,8.45043860517859,0,45S rDNA
Chr2,683000,684000,2257,41.7457357494635,0,45S rDNA
Chr2,684000,685000,910,13.2022023752151,0,45S rDNA
Chr2,688000,689000,307,6.9759950564445,1.37553264952999e-145,45S rDNA
Chr2,689000,690000,273,5.25378616774338,1.53646348555435e-101,45S rDNA
Chr2,690000,691000,197,4.78144970218707,4.7730692669525e-67,45S rDNA
Chr2,691000,692000,733,8.89031855243711,0,45S rDNA
Chr2,692000,693000,1353,16.2467094850002,0,45S rDNA
Chr2,693000,694000,1526,26.6342534766698,0,45S rDNA
Chr2,694000,695000,160,3.46407645940234,9.75462075848324e-38,45S rDNA
Chr2,695000,696000,276,5.7360887999233,3.00328833006336e-111,45S rDNA
Chr2,698000,699000,413,10.4299480473814,4.21074195281715e-259,45S rDNA
Chr2,699000,700000,523,12.0240732340297,0,45S rDNA
Chr2,700000,701000,735,10.5196201832681,0,45S rDNA
Chr2,702000,703000,950,10.152771602616,0,45S rDNA
Chr2,703000,704000,2809,52.2330683668337,0,45S rDNA
Chr2,704000,705000,226,5.37104047553205,5.92351043403524e-86,45S rDNA
Chr2,705000,706000,401,9.28640711614912,1.86621322467914e-233,45S rDNA
Chr2,706000,707000,319,8.25868719401413,1.61945094077218e-171,45S rDNA
Chr2,707000,708000,562,12.0020808051713,0,45S rDNA
Chr2,708000,709000,434,10.3641264975253,3.70863417671218e-271,45S rDNA
Chr2,709000,710000,527,12.4432642525572,0,45S rDNA
Chr2,710000,711000,739,11.1206595759964,0,45S rDNA
Chr2,713000,714000,2740,65.1682084608376,0,45S rDNA
Chr2,714000,715000,207,3.78446715284653,2.35811961306941e-54,45S rDNA
Chr2,715000,716000,313,7.05507951565614,9.91991334609225e-150,45S rDNA
Chr2,717000,718000,608,16.5767121171667,0,45S rDNA
Chr2,718000,719000,572,15.8455135183111,0,45S rDNA
Chr2,719000,720000,288,8.00196614199822,1.77659621822589e-151,45S rDNA
Chr2,720000,721000,582,10.2455525069765,0,45S rDNA
Chr2,721000,722000,291,3.50218051955485,5.54450616950956e-69,45S rDNA
Chr2,722000,723000,3986,74.5590066278686,0,45S rDNA
Chr2,723000,724000,398,7.43287160564202,6.57696350127859e-198,45S rDNA
Chr2,724000,725000,460,10.3696549580868,1.91658536608888e-287,45S rDNA
Chr2,725000,726000,254,5.03902294945234,7.99402855276656e-91,45S rDNA
Chr2,726000,727000,686,19.5792359610308,0,45S rDNA
Chr2,727000,728000,827,19.5751984228078,0,45S rDNA
Chr2,728000,729000,660,15.2852448907265,0,45S rDNA
Chr2,729000,730000,413,7.66083694483612,4.95722192909248e-210,45S rDNA
Chr2,730000,731000,408,6.62119752776219,2.59880078217684e-185,45S rDNA
Chr2,733000,734000,3974,79.3262499936757,0,45S rDNA
Chr2,734000,735000,276,4.77227131404424,1.96051907607747e-93,45S rDNA
Chr2,735000,736000,448,9.41484092334663,4.27230877010136e-263,45S rDNA
Chr2,736000,737000,260,5.25676751238657,8.53001681088305e-97,45S rDNA
Chr2,737000,738000,690,17.7386014156216,0,45S rDNA
Chr2,738000,739000,769,22.4293872472792,0,45S rDNA
Chr2,739000,740000,378,8.78272433528356,5.55090027000657e-212,45S rDNA
Chr2,740000,741000,944,18.1251231052605,0,45S rDNA
Chr2,741000,742000,352,3.86016066193063,4.2947539380849e-94,45S rDNA
Chr2,743000,744000,2795,48.4639271615501,0,45S rDNA
Chr2,744000,745000,309,5.76134187497606,6.17515734234253e-125,45S rDNA
Chr2,745000,746000,356,8.56993938792856,2.4224151394654e-196,45S rDNA
Chr2,746000,747000,163,3.28778609911039,7.91458351333444e-36,45S rDNA
Chr2,747000,748000,336,8.17250170601339,2.86588104130703e-179,45S rDNA
Chr2,748000,749000,399,9.10008949434473,3.61654210772612e-229,45S rDNA
Chr2,749000,750000,294,6.60117522003271,1.88425259081384e-133,45S rDNA
Chr2,750000,751000,375,7.65649261418021,1.05260594267061e-190,45S rDNA
Chr2,751000,752000,463,5.58849133870288,1.01249106225807e-181,45S rDNA
Chr2,752000,753000,2715,44.8416735137739,0,45S rDNA
Chr2,753000,754000,411,6.94781805352234,5.50156029291421e-194,45S rDNA
Chr2,754000,755000,365,7.24326893389386,4.84421466479726e-178,45S rDNA
Chr2,755000,756000,203,3.92970408835269,8.89565048182161e-56,45S rDNA
Chr2,756000,757000,347,8.17487446455962,3.81312173627603e-185,45S rDNA
Chr2,757000,758000,406,9.82200463579084,3.40184562276608e-245,45S rDNA
Chr2,758000,759000,293,7.07803039282608,1.43230544580081e-140,45S rDNA
Chr2,759000,760000,209,4.44893264167964,5.78241556399444e-66,45S rDNA
Chr2,760000,761000,616,9.32086862877785,0,45S rDNA
Chr2,761000,762000,845,6.19128472038752,0,45S rDNA
Chr2,762000,763000,2987,50.7901546654807,0,45S rDNA
Chr2,763000,764000,711,12.3653389975711,0,45S rDNA
Chr2,764000,765000,388,9.05183987924332,4.4572457646191e-222,45S rDNA
Chr2,765000,766000,227,4.33519478534366,1.31657755568508e-69,45S rDNA
Chr2,766000,767000,417,10.7937450411945,3.19051829486644e-267,45S rDNA
Chr2,767000,768000,500,11.9587819649713,0,45S rDNA
Chr2,768000,769000,625,14.9208479068972,0,45S rDNA
Chr2,769000,770000,251,4.85185808513774,1.80143508538823e-86,45S rDNA
Chr2,770000,771000,717,8.56012950586163,0,45S rDNA
Chr2,772000,773000,1936,34.316792398347,0,45S rDNA
Chr2,773000,774000,1023,17.9128538207655,0,45S rDNA
Chr2,776000,777000,202,4.74518013644681,3.33666652362491e-68,45S rDNA
Chr2,777000,778000,366,8.28796749332245,3.75988520627154e-197,45S rDNA
Chr2,778000,779000,228,4.45262146062851,5.9437356940926e-72,45S rDNA
Chr2,779000,780000,178,3.90616578536161,1.17622629105093e-48,45S rDNA
Chr2,780000,781000,802,10.3913522336484,0,45S rDNA
Chr2,781000,782000,921,17.1913676131101,0,45S rDNA
Chr2,782000,783000,3306,64.1873354121787,0,45S rDNA
Chr2,783000,784000,270,5.95773521397638,1.57158709840338e-112,45S rDNA
Chr2,784000,785000,447,9.61744009536658,3.31422321535995e-266,45S rDNA
Chr2,785000,786000,470,10.5795958366904,2.2664821196899e-297,45S rDNA
Chr2,786000,787000,679,15.6690838414525,0,45S rDNA
Chr2,788000,789000,181,3.69327384869599,3.21339248093616e-46,45S rDNA
Chr2,789000,790000,759,10.5942476731903,0,45S rDNA
Chr2,790000,791000,342,3.90738305971864,8.74755787437469e-93,45S rDNA
Chr2,791000,792000,3124,50.6996555420983,0,45S rDNA
Chr2,792000,793000,194,3.67795283729766,3.14648959992122e-49,45S rDNA
Chr2,793000,794000,362,8.15679377973679,8.32891874284197e-193,45S rDNA
Chr2,794000,795000,187,4.82041694196024,3.31963127216585e-64,45S rDNA
Chr2,795000,796000,469,11.2200183309612,1.33651517442561e-307,45S rDNA
Chr2,796000,797000,337,8.54566985574057,1.52397455934087e-185,45S rDNA
Chr2,797000,798000,269,6.75840241294247,1.64264277202369e-124,45S rDNA
Chr2,798000,799000,634,10.1970715619297,0,45S rDNA
Chr2,799000,800000,391,6.34582869201519,1.55039543264751e-171,45S rDNA
Chr2,801000,802000,1587,27.5870907880135,0,45S rDNA
Chr2,803000,804000,364,7.77856825219753,2.60071492428425e-187,45S rDNA
Chr2,804000,805000,249,5.6978272088262,7.56088903781713e-100,45S rDNA
Chr2,805000,806000,514,12.492875076126,0,45S rDNA
Chr2,806000,807000,543,12.8210483664869,0,45S rDNA
Chr2,807000,808000,676,16.1441644947984,0,45S rDNA
Chr2,808000,809000,858,14.0763164218021,0,45S rDNA
Chr2,809000,810000,494,8.67389691497443,2.13273913648885e-274,45S rDNA
Chr2,810000,811000,290,4.34553878776388,6.22318342435343e-89,45S rDNA
Chr2,811000,812000,289,6.16366986311322,6.01283844358262e-124,45S rDNA
Chr2,812000,813000,2021,37.882887420772,0,45S rDNA
Chr2,814000,815000,264,5.80423015409117,1.44813686053232e-107,45S rDNA
Chr2,816000,817000,410,10.6538785435771,1.20402364235513e-260,45S rDNA
Chr2,817000,818000,259,5.72068732775554,3.38177808101513e-104,45S rDNA
Chr2,818000,819000,244,4.78891038729891,5.52041607478629e-83,45S rDNA
Chr2,819000,820000,705,11.3536088209216,0,45S rDNA
Chr2,820000,821000,366,4.22121269743721,1.74504506390162e-108,45S rDNA
Chr2,821000,822000,3236,63.7870891824339,0,45S rDNA
Chr2,822000,823000,258,4.22304864441997,9.41979636636047e-77,45S rDNA
Chr2,823000,824000,411,9.6463082306993,2.57383886160603e-245,45S rDNA
Chr2,824000,825000,219,4.4704798555955,1.93840271263958e-69,45S rDNA
Chr2,825000,826000,487,13.0712372760973,0,45S rDNA
Chr2,826000,827000,575,13.7386480610408,0,45S rDNA
Chr2,827000,828000,645,14.2693264738109,0,45S rDNA
Chr2,828000,829000,765,13.0261115194405,0,45S rDNA
Chr2,829000,830000,516,9.16630132562567,1.49303936738815e-297,45S rDNA
Chr2,830000,831000,253,3.71342361624067,9.95145612326199e-65,45S rDNA
Chr2,832000,833000,1268,23.2767372578618,0,45S rDNA
Chr2,833000,834000,187,3.75127937672687,1.19006042248112e-48,45S rDNA
Chr2,834000,835000,413,8.85356174597025,8.3122969171669e-233,45S rDNA
Chr2,835000,836000,247,6.04115647330881,2.95994585209616e-104,45S rDNA
Chr2,836000,837000,515,10.7310589062163,0,45S rDNA
Chr2,837000,838000,542,14.0656513229071,0,45S rDNA
Chr2,838000,839000,483,10.3270733130675,5.38547989027637e-301,45S rDNA
Chr2,839000,840000,520,9.2246709330826,3.95561640697503e-301,45S rDNA
Chr2,840000,841000,372,7.06494639488851,5.59208887521104e-178,45S rDNA
Chr2,842000,843000,327,5.12675075941235,1.17297442869208e-118,45S rDNA
Chr2,843000,844000,2009,34.8305482113919,0,45S rDNA
Chr2,844000,845000,154,3.1994088317169,1.25291155418857e-32,45S rDNA
Chr2,845000,846000,263,4.95069510735542,2.12499499406916e-92,45S rDNA
Chr2,847000,848000,394,9.08541531179222,4.62564602165977e-226,45S rDNA
Chr2,848000,849000,236,5.86162950867041,4.45287410362124e-97,45S rDNA
Chr2,849000,850000,207,4.69249929878796,4.41748879229127e-69,45S rDNA
Chr2,850000,851000,705,11.2316387265577,0,45S rDNA
Chr2,852000,853000,2027,39.5660694106965,0,45S rDNA
Chr2,853000,854000,177,3.3733874521375,3.17397006681758e-40,45S rDNA
Chr2,854000,855000,240,4.92779575715503,5.29717179109424e-84,45S rDNA
Chr2,856000,857000,378,9.64705771368102,1.06034818822305e-225,45S rDNA
Chr2,857000,858000,367,9.35499396197343,8.84635482458e-215,45S rDNA
Chr2,858000,859000,280,6.3704246019846,1.75290048380514e-123,45S rDNA
Chr2,859000,860000,519,8.23987484904267,4.77047233651806e-278,45S rDNA
Chr2,860000,861000,432,6.67159721944323,2.28805922354593e-197,45S rDNA
Chr2,862000,863000,3266,51.9554732099847,0,45S rDNA
Chr2,863000,864000,242,4.22046922495678,5.3921965392348e-72,45S rDNA
Chr2,864000,865000,430,9.82446181072766,1.11907949374495e-259,45S rDNA
Chr2,865000,866000,230,4.61202452337583,2.59705173545623e-75,45S rDNA
Chr2,866000,867000,442,10.562729960371,1.98275872510421e-279,45S rDNA
Chr2,867000,868000,538,12.5315484880819,0,45S rDNA
Chr2,868000,869000,626,12.8843870171806,0,45S rDNA
Chr2,869000,870000,645,10.7215435008927,0,45S rDNA
Chr2,870000,871000,413,7.45567296173275,8.22582454829835e-206,45S rDNA
Chr2,871000,872000,228,3.22826471258766,1.47194007476113e-48,45S rDNA
Chr2,873000,874000,2156,44.9948342432773,0,45S rDNA
Chr2,874000,875000,157,3.23887980972401,7.934519650927e-34,45S rDNA
Chr2,875000,876000,284,6.56779013060712,2.0628290167318e-128,45S rDNA
Chr2,877000,878000,365,8.78342672511427,9.87611051805375e-205,45S rDNA
Chr2,878000,879000,301,7.67849039647691,1.41563851052181e-153,45S rDNA
Chr2,879000,880000,241,5.70753823848297,8.18328104161141e-97,45S rDNA
Chr2,880000,881000,612,10.5765121456996,0,45S rDNA
Chr2,881000,882000,219,3.04770131959912,6.05798772250807e-43,45S rDNA
Chr2,882000,883000,2936,59.018322267053,0,45S rDNA
Chr2,883000,884000,232,4.30961324789009,1.15309944997686e-70,45S rDNA
Chr2,884000,885000,334,7.49467132979658,2.88642493406674e-167,45S rDNA
Chr2,885000,886000,194,3.76458097914736,1.15672094401939e-50,45S rDNA
Chr2,886000,887000,347,9.16129278647338,2.60613206841672e-200,45S rDNA
Chr2,887000,888000,390,8.72534702592365,1.05764699906424e-217,45S rDNA
Chr2,888000,889000,288,6.85142499390033,1.05683133092779e-134,45S rDNA
Chr2,889000,890000,403,7.24672326374099,1.48630197106863e-196,45S rDNA
Chr2,890000,891000,337,5.16482151964111,3.94396198023924e-123,45S rDNA
Chr2,892000,893000,2040,39.3025084449975,0,45S rDNA
Chr2,893000,894000,167,3.24615066772392,4.77579215193578e-36,45S rDNA
Chr2,894000,895000,158,3.7742406732302,1.56585268523344e-41,45S rDNA
Chr2,895000,896000,189,3.80627422970379,4.83611710119796e-50,45S rDNA
Chr2,896000,897000,425,10.4547320479355,5.29238552727672e-267,45S rDNA
Chr2,897000,898000,612,12.401174590269,0,45S rDNA
Chr2,898000,899000,723,16.7987028952646,0,45S rDNA
Chr2,899000,900000,610,11.2302359661691,0,45S rDNA
Chr2,900000,901000,469,7.76374428664205,9.40166623260074e-241,45S rDNA
Chr2,901000,902000,262,3.80203797081785,5.69271306730764e-69,45S rDNA
Chr2,903000,904000,3746,66.4236814497088,0,45S rDNA
Chr2,904000,905000,272,5.00045321709448,1.78028186597474e-96,45S rDNA
Chr2,905000,906000,383,8.60962879848963,7.56058409837078e-212,45S rDNA
Chr2,906000,907000,194,4.18210207406733,2.74765639234676e-57,45S rDNA
Chr2,907000,908000,467,12.7498049181642,0,45S rDNA
Chr2,908000,909000,574,13.4554101205533,0,45S rDNA
Chr2,909000,910000,510,11.4838605473566,0,45S rDNA
Chr2,910000,911000,488,7.78443574449504,5.85099734038873e-251,45S rDNA
Chr2,911000,912000,466,8.81713613987545,7.9323758383941e-262,45S rDNA
Chr2,912000,913000,297,4.40362782862792,2.2223111771534e-92,45S rDNA
Chr2,914000,915000,2287,45.134003925128,0,45S rDNA
Chr2,915000,916000,156,3.08505034272644,2.3233403336174e-31,45S rDNA
Chr2,916000,917000,259,5.15558637223726,1.16026355157283e-94,45S rDNA
Chr2,918000,919000,641,14.279454996022,0,45S rDNA
Chr2,919000,920000,542,14.2316830127309,0,45S rDNA
Chr2,920000,921000,212,5.53650109595928,5.88360258086546e-83,45S rDNA
Chr2,921000,922000,606,10.3099548025157,0,45S rDNA
Chr2,922000,923000,255,3.2598896627358,5.80428524180919e-55,45S rDNA
Chr2,923000,924000,2905,64.302804973583,0,45S rDNA
Chr2,924000,925000,235,4.432794336059,8.76149908234558e-74,45S rDNA
Chr2,925000,926000,316,7.23139077152478,4.57609542101234e-154,45S rDNA
Chr2,926000,927000,174,3.58903179315389,6.82644092756453e-43,45S rDNA
Chr2,927000,928000,349,9.16574670570363,1.58493694607166e-201,45S rDNA
Chr2,928000,929000,412,10.3466145480106,3.4943574542655e-257,45S rDNA
Chr2,929000,930000,237,5.54200392729234,9.87647524971133e-93,45S rDNA
Chr2,930000,931000,415,6.76247900727392,1.04255891864176e-191,45S rDNA
Chr2,931000,932000,379,6.41445145015186,8.64796077325498e-168,45S rDNA
Chr2,933000,934000,1623,29.0867241504854,0,45S rDNA
Chr2,934000,935000,166,3.04796871035419,9.77588049856652e-33,45S rDNA
Chr2,937000,938000,184,5.34530396475476,8.1664786253428e-70,45S rDNA
Chr2,938000,939000,563,14.764698516761,0,45S rDNA
Chr2,939000,940000,739,18.2754931751043,0,45S rDNA
Chr2,940000,941000,567,10.6441480006054,0,45S rDNA
Chr2,941000,942000,403,6.4773116134281,8.44665332779089e-180,45S rDNA
Chr2,942000,943000,265,3.91741281488812,2.68214178514804e-72,45S rDNA
Chr2,944000,945000,3022,57.5816455641015,0,45S rDNA
Chr2,945000,946000,233,4.07237843188363,1.31859785442261e-66,45S rDNA
Chr2,946000,947000,364,8.39266574579207,8.00047978826366e-198,45S rDNA
Chr2,947000,948000,168,3.24934120095625,2.61666830910998e-36,45S rDNA
Chr2,948000,949000,385,9.03819864178,3.83266728296706e-220,45S rDNA
Chr2,949000,950000,390,8.99058873412145,3.39042070607057e-222,45S rDNA
Chr2,950000,951000,280,5.65513758236202,1.99960833101562e-111,45S rDNA
Chr2,951000,952000,436,7.87158972222514,3.76109957418376e-226,45S rDNA
Chr2,952000,953000,391,6.71605420877297,1.11084445530078e-179,45S rDNA
Chr2,953000,954000,277,3.58520464045363,1.00296043359796e-67,45S rDNA
Chr2,954000,955000,200,3.3304548783628,1.42447281074794e-44,45S rDNA
Chr2,955000,956000,3648,72.2640659435146,0,45S rDNA
Chr2,956000,957000,249,4.51972349154725,9.23591647118962e-80,45S rDNA
Chr2,957000,958000,419,8.71211766722436,1.39292397247823e-233,45S rDNA
Chr2,958000,959000,196,4.18667227523227,6.10597135815976e-58,45S rDNA
Chr2,959000,960000,484,10.6125352320007,8.56418796005705e-307,45S rDNA
Chr2,960000,961000,504,11.8075937409507,0,45S rDNA
Chr2,961000,962000,603,12.4596746033623,0,45S rDNA
Chr2,962000,963000,410,6.04951227025754,1.0721949942731e-172,45S rDNA
Chr2,963000,964000,562,7.21888274785565,6.07088611232602e-273,45S rDNA
Chr2,964000,965000,293,3.67711499016117,6.37922888510536e-74,45S rDNA
Chr2,966000,967000,1861,42.9284323167948,0,45S rDNA
Chr2,967000,968000,957,16.134171302226,0,45S rDNA
Chr2,968000,969000,207,4.23134649349049,7.1123121644119e-62,45S rDNA
Chr2,969000,970000,291,5.16867967376081,1.63021528584969e-106,45S rDNA
Chr2,970000,971000,175,4.16740151697719,1.50489022048026e-51,45S rDNA
Chr2,971000,972000,153,3.95671397506483,1.44814348590288e-42,45S rDNA
Chr2,973000,974000,243,6.02988081764587,2.04555383313487e-102,45S rDNA
Chr2,974000,975000,1032,14.6905881598125,0,45S rDNA
Chr2,975000,976000,262,4.5214133131112,6.45218833906309e-84,45S rDNA
Chr2,977000,978000,2487,41.9657209822224,0,45S rDNA
Chr2,978000,979000,210,3.8006159341776,2.04183063854966e-55,45S rDNA
Chr2,979000,980000,300,7.45677455617049,9.26867403655393e-150,45S rDNA
Chr2,981000,982000,126,3.13671326514842,4.4100571257783e-26,45S rDNA
Chr2,982000,983000,395,9.33094722192987,1.04842623122992e-230,45S rDNA
Chr2,983000,984000,332,7.00648855391281,6.53212398880822e-158,45S rDNA
Chr2,984000,985000,687,11.9833371916817,0,45S rDNA
Chr2,985000,986000,372,7.31080125863525,9.93801327182569e-183,45S rDNA
Chr2,987000,988000,726,12.4217271518395,0,45S rDNA
Chr2,988000,989000,334,4.54602336014991,2.29643558502955e-107,45S rDNA
Chr2,989000,990000,382,8.05404161028625,1.43525844525959e-201,45S rDNA
Chr2,990000,991000,170,3.39647070593776,5.10660574005428e-39,45S rDNA
Chr2,991000,992000,368,8.94811739190076,4.8687333658364e-209,45S rDNA
Chr2,992000,993000,415,9.13460690268455,6.27146094040132e-239,45S rDNA
Chr2,993000,994000,293,7.1179683145912,3.47815520774028e-141,45S rDNA
Chr2,994000,995000,532,10.0133923228328,0,45S rDNA
Chr2,995000,996000,492,7.72786510958633,1.18603498385701e-251,45S rDNA
Chr2,996000,997000,281,3.508700736211,8.40775993773947e-67,45S rDNA
Chr2,997000,998000,3915,64.4061554006254,0,45S rDNA
Chr2,998000,999000,2062,35.3121303469872,0,45S rDNA
Chr2,999000,1000000,147,3.1819320385675,6.14883519913409e-31,45S rDNA
Chr2,1000000,1001000,315,6.71282348137836,7.14906143753686e-145,45S rDNA
Chr2,1002000,1003000,301,7.60004951841982,2.0700895530143e-152,45S rDNA
Chr2,1003000,1004000,278,6.17338443207946,2.01549088803168e-119,45S rDNA
Chr2,1004000,1005000,246,5.66870215738877,3.32759958443875e-98,45S rDNA
Chr2,1005000,1006000,833,10.5522804399748,0,45S rDNA
Chr2,1008000,1009000,903,13.8903094809568,0,45S rDNA
Chr2,1009000,1010000,213,4.21665374967857,2.12672472157548e-63,45S rDNA
Chr2,1010000,1011000,409,7.87711450409946,2.60963628393411e-212,45S rDNA
Chr2,1011000,1012000,292,6.03385198035511,5.67908921328544e-123,45S rDNA
Chr2,1012000,1013000,552,12.0245347717015,0,45S rDNA
Chr2,1013000,1014000,385,9.4568134491258,6.91676201940995e-227,45S rDNA
Chr2,1014000,1015000,512,11.343891994721,0,45S rDNA
Chr2,1015000,1016000,760,12.0503303643483,0,45S rDNA
Chr2,1016000,1017000,321,5.61289418831062,9.28209959941602e-127,45S rDNA
Chr2,1018000,1019000,737,18.0841832407532,0,45S rDNA
Chr2,1019000,1020000,208,3.04623332305205,8.5071338208873e-41,45S rDNA
Chr2,1020000,1021000,143,3.54998841207868,6.82127165605195e-35,45S rDNA
Chr2,1021000,1022000,189,4.2362485577122,1.23195250627453e-56,45S rDNA
Chr2,1022000,1023000,386,7.84627474728149,7.62394146176372e-200,45S rDNA
Chr2,1023000,1024000,433,10.4606555476201,4.15241246872922e-272,45S rDNA
Chr2,1024000,1025000,297,6.59603802274651,1.01706896560408e-134,45S rDNA
Chr2,1025000,1026000,468,8.11770242884884,3.75681659532941e-248,45S rDNA
Chr2,1026000,1027000,537,9.33314153018392,1.1125481444936e-308,45S rDNA
Chr2,1027000,1028000,222,3.44053546140112,1.34176309326694e-51,45S rDNA
Chr2,1028000,1029000,629,8.78336042566383,0,45S rDNA
Chr2,1029000,1030000,3698,70.583171026972,0,45S rDNA
Chr2,1030000,1031000,246,4.91636479594646,6.93382083676179e-86,45S rDNA
Chr2,1031000,1032000,439,9.27486960071564,2.78594612594827e-255,45S rDNA
Chr2,1032000,1033000,407,8.61425111876125,3.75322174828078e-225,45S rDNA
Chr2,1033000,1034000,1188,29.3285577439045,0,45S rDNA
Chr2,1034000,1035000,357,7.65881942655202,1.23095911316843e-181,45S rDNA
Chr2,1035000,1036000,317,6.93368558216542,1.37816604807555e-149,45S rDNA
Chr2,1036000,1037000,947,13.5306354928046,0,45S rDNA
Chr2,1037000,1038000,423,7.35691363342646,1.17401085226486e-208,45S rDNA
Chr2,1039000,1040000,841,14.4121425914287,0,45S rDNA
Chr2,1040000,1041000,243,3.42177446363755,5.36925957335848e-56,45S rDNA
Chr2,1041000,1042000,352,7.16206037341385,3.0126486659628e-170,45S rDNA
Chr2,1042000,1043000,184,4.04093486980117,2.67828927817418e-52,45S rDNA
Chr2,1043000,1044000,384,8.97525609108917,1.54114902007152e-218,45S rDNA
Chr2,1044000,1045000,410,9.21191933550187,2.1367242529344e-237,45S rDNA
Chr2,1045000,1046000,264,6.24854522470346,1.30184284604522e-114,45S rDNA
Chr2,1046000,1047000,546,8.83958232298794,3.70066378853369e-307,45S rDNA
Chr2,1047000,1048000,609,10.6683290935145,0,45S rDNA
Chr2,1048000,1049000,332,4.63281896331595,7.38407029815567e-109,45S rDNA
Chr2,1050000,1051000,841,14.3678675448535,0,45S rDNA
Chr2,1051000,1052000,199,3.10523708544359,3.48971270519117e-40,45S rDNA
Chr2,1052000,1053000,346,6.58239950880905,1.52890381823319e-156,45S rDNA
Chr2,1053000,1054000,183,3.90253092290497,6.01465357719183e-50,45S rDNA
Chr2,1054000,1055000,347,8.23935043584506,3.48894030371666e-186,45S rDNA
Chr2,1055000,1056000,367,8.83527207519713,1.11426666268114e-206,45S rDNA
Chr2,1056000,1057000,282,7.29889531000836,1.46624080844584e-138,45S rDNA
Chr2,1057000,1058000,484,8.6039560411812,2.33099321210858e-267,45S rDNA
Chr2,1058000,1059000,439,7.91682784636143,1.17946364615249e-228,45S rDNA
Chr2,1059000,1060000,192,3.02120396322504,2.95783057404722e-37,45S rDNA
Chr2,1060000,1061000,582,11.905338294226,0,45S rDNA
Chr2,1061000,1062000,284,3.75333261779489,1.59068660850209e-73,45S rDNA
Chr2,1062000,1063000,205,4.64453161540143,1.05562321489812e-67,45S rDNA
Chr2,1063000,1064000,187,4.49783963233426,8.5840879997681e-60,45S rDNA
Chr2,1064000,1065000,488,12.9154023149296,0,45S rDNA
Chr2,1065000,1066000,621,14.1544284933953,0,45S rDNA
Chr2,1066000,1067000,447,9.90155787645342,2.84097388570341e-271,45S rDNA
Chr2,1067000,1068000,150,3.11323816414447,1.38876553926536e-30,45S rDNA
Chr2,1068000,1069000,589,5.70193949216503,3.74050870258251e-235,45S rDNA
Chr2,1069000,1070000,225,3.29677191034555,2.36244578282083e-49,45S rDNA
Chr2,1070000,1071000,1606,24.9263014198146,0,45S rDNA
Chr2,1071000,1072000,2117,47.0292463503785,0,45S rDNA
Chr2,1072000,1073000,215,4.9181242354034,3.44840050071989e-75,45S rDNA
Chr2,1073000,1074000,379,6.64912993067049,8.58176394411304e-173,45S rDNA
Chr2,1074000,1075000,272,5.86325012480849,8.63766902796887e-112,45S rDNA
Chr2,1075000,1076000,501,11.3791124177965,0,45S rDNA
Chr2,1076000,1077000,303,6.8999825478362,1.80342879485561e-142,45S rDNA
Chr2,1077000,1078000,322,8.55882023074058,1.6251226495175e-177,45S rDNA
Chr2,1078000,1079000,1046,16.4469868010101,0,45S rDNA
Chr2,1079000,1080000,322,5.62595749687464,2.03574359686127e-127,45S rDNA
Chr2,1081000,1082000,743,11.1611377133415,0,45S rDNA
Chr2,1083000,1084000,399,8.70775446463814,2.13857508965293e-222,45S rDNA
Chr2,1084000,1085000,194,4.50204960726363,4.61255487888749e-62,45S rDNA
Chr2,1085000,1086000,501,12.2355823612891,0,45S rDNA
Chr2,1086000,1087000,285,6.36589993635406,1.34536641342342e-125,45S rDNA
Chr2,1087000,1088000,230,5.2138881097644,4.66909380692073e-85,45S rDNA
Chr2,1088000,1089000,684,9.73505468388721,0,45S rDNA
Chr2,1089000,1090000,509,8.3998518037895,1.9178668565071e-276,45S rDNA
Chr2,1090000,1091000,511,9.0996847761106,3.08554627464755e-293,45S rDNA
Chr2,1092000,1093000,877,13.8445928642081,0,45S rDNA
Chr2,1093000,1094000,206,3.66429192255622,5.52462340539255e-52,45S rDNA
Chr2,1094000,1095000,344,6.52884081084523,1.31121907263803e-154,45S rDNA
Chr2,1095000,1096000,200,4.18067280345777,5.17992109020715e-59,45S rDNA
Chr2,1096000,1097000,475,13.6759811916161,0,45S rDNA
Chr2,1097000,1098000,308,7.90287810492533,1.76416421255225e-160,45S rDNA
Chr2,1098000,1099000,249,6.03185797689157,5.92106927831401e-105,45S rDNA
Chr2,1099000,1100000,558,8.31350315405216,9.0556262254064e-301,45S rDNA
Chr2,1100000,1101000,217,4.5419578929432,5.64783111185224e-70,45S rDNA
Chr2,1102000,1103000,2613,46.8102317276096,0,45S rDNA
Chr2,1103000,1104000,1063,20.5142368338872,0,45S rDNA
Chr2,1104000,1105000,238,5.00662694046328,1.28306676867935e-84,45S rDNA
Chr2,1105000,1106000,337,6.69990700209253,1.0881990339181e-154,45S rDNA
Chr2,1106000,1107000,369,9.43902466173775,3.18079474735607e-217,45S rDNA
Chr2,1107000,1108000,411,9.69746720186977,3.67300162430371e-246,45S rDNA
Chr2,1108000,1109000,381,8.35820185640998,2.00464458070471e-206,45S rDNA
Chr2,1109000,1110000,249,6.16768206000871,5.77397296657869e-107,45S rDNA
Chr2,1110000,1111000,958,13.1816828991622,0,45S rDNA
Chr2,1111000,1112000,212,3.39515377982752,1.91528436013974e-48,45S rDNA
Chr2,1112000,1113000,1944,34.9537588121726,0,45S rDNA
Chr2,1113000,1114000,218,3.7643633961426,7.87253447205069e-57,45S rDNA
Chr2,1114000,1115000,153,3.89161494574569,9.58945495123791e-42,45S rDNA
Chr2,1115000,1116000,160,3.43841938815945,2.27013655827459e-37,45S rDNA
Chr2,1116000,1117000,377,8.53802514322343,2.45972418013202e-207,45S rDNA
Chr2,1117000,1118000,498,10.0870680392595,9.87305874421056e-306,45S rDNA
Chr2,1118000,1119000,361,8.0625737130841,1.11314853617945e-190,45S rDNA
Chr2,1119000,1120000,604,12.4220031024555,0,45S rDNA
Chr2,1120000,1121000,657,9.97026291842021,0,45S rDNA
Chr2,1122000,1123000,271,4.30336970575318,2.82413724570817e-82,45S rDNA
Chr2,1123000,1124000,3351,58.7252098828853,0,45S rDNA
Chr2,1124000,1125000,201,4.42107182421362,4.802815262311e-63,45S rDNA
Chr2,1125000,1126000,362,7.88093874869089,4.45660694254482e-188,45S rDNA
Chr2,1126000,1127000,223,4.76645908922813,1.49579815584939e-75,45S rDNA
Chr2,1127000,1128000,455,9.96956285853023,2.51031123177809e-277,45S rDNA
Chr2,1128000,1129000,384,8.31603180791003,2.65981311179497e-207,45S rDNA
Chr2,1129000,1130000,354,8.67513274765368,6.70743837511022e-197,45S rDNA
Chr2,1130000,1131000,894,14.835306906608,0,45S rDNA
Chr2,1131000,1132000,479,8.79020515068562,1.5193182110687e-268,45S rDNA
Chr2,1133000,1134000,657,12.9105509963937,0,45S rDNA
Chr2,1134000,1135000,366,5.07121050650313,2.58635080129065e-131,45S rDNA
Chr2,1135000,1136000,339,7.86106068788127,7.32998566572806e-176,45S rDNA
Chr2,1137000,1138000,185,4.52807191661875,1.39982049843342e-59,45S rDNA
Chr2,1138000,1139000,132,3.4313653043663,7.14793855773646e-31,45S rDNA
Chr2,1140000,1141000,322,6.37920280816764,4.8475202648835e-142,45S rDNA
Chr2,1141000,1142000,709,10.6090060116439,0,45S rDNA
Chr2,1142000,1143000,257,4.39140579533351,8.32218368581743e-80,45S rDNA
Chr2,1143000,1144000,392,6.44698692181294,3.05428692990775e-174,45S rDNA
Chr2,1144000,1145000,1874,31.6112810947335,0,45S rDNA
Chr2,1145000,1146000,189,3.22081819181864,2.96757708795672e-40,45S rDNA
Chr2,1146000,1147000,162,4.15404661643863,1.3275869134265e-47,45S rDNA
Chr2,1147000,1148000,163,3.3631784939421,5.95998966344883e-37,45S rDNA
Chr2,1148000,1149000,317,7.82829951073888,5.2624240959721e-164,45S rDNA
Chr2,1149000,1150000,429,9.19557223207982,4.62420776308414e-248,45S rDNA
Chr2,1150000,1151000,329,7.58698931752199,2.72407260680983e-166,45S rDNA
Chr2,1151000,1152000,402,6.76056881750471,1.08906965051846e-185,45S rDNA
Chr2,1152000,1153000,614,9.0385300654124,0,45S rDNA
Chr2,1153000,1154000,209,3.70350606257719,1.96281963348416e-53,45S rDNA
Chr2,1154000,1155000,272,5.27894290477038,1.25559946169067e-101,45S rDNA
Chr2,1155000,1156000,3060,56.2757693146507,0,45S rDNA
Chr2,1156000,1157000,204,3.50177498504837,1.3694562899328e-48,45S rDNA
Chr2,1157000,1158000,400,8.88404565678207,4.92129557954011e-226,45S rDNA
Chr2,1158000,1159000,187,4.25380845128215,2.65937810441326e-56,45S rDNA
Chr2,1159000,1160000,442,10.2152115720644,1.23987673144228e-273,45S rDNA
Chr2,1160000,1161000,337,8.02379300839291,1.90101745044497e-177,45S rDNA
Chr2,1161000,1162000,277,6.69960077058735,2.70021158041235e-127,45S rDNA
Chr2,1162000,1163000,628,10.3105491597398,0,45S rDNA
Chr2,1163000,1164000,483,8.33025077247649,7.83868329078694e-261,45S rDNA
Chr2,1164000,1165000,262,3.73317076583773,1.91784591122753e-67,45S rDNA
Chr2,1165000,1166000,587,7.81191582610216,1.79209293159084e-302,45S rDNA
Chr2,1166000,1167000,3466,59.752004143871,0,45S rDNA
Chr2,1167000,1168000,214,4.68308699124173,3.0400442351044e-71,45S rDNA
Chr2,1168000,1169000,469,10.143652936061,5.26341256143548e-289,45S rDNA
Chr2,1169000,1170000,292,6.52698876923693,2.45731487366712e-131,45S rDNA
Chr2,1170000,1171000,695,15.3517259743511,0,45S rDNA
Chr2,1171000,1172000,444,10.733523417347,1.72878913897568e-283,45S rDNA
Chr2,1172000,1173000,267,5.8811668709188,4.82417691555772e-110,45S rDNA
Chr2,1173000,1174000,602,8.45172407174625,0,45S rDNA
Chr2,1174000,1175000,826,12.8835515789204,0,45S rDNA
Chr2,1176000,1177000,1091,24.2433373709154,0,45S rDNA
Chr2,1177000,1178000,708,12.796153648453,0,45S rDNA
Chr2,1179000,1180000,199,3.72564565448555,2.72850186639463e-51,45S rDNA
Chr2,1180000,1181000,405,10.3302073378279,1.41767738516554e-252,45S rDNA
Chr2,1181000,1182000,438,9.07043831057727,6.28868595999513e-251,45S rDNA
Chr2,1182000,1183000,356,8.59733424845692,8.89041471581107e-197,45S rDNA
Chr2,1183000,1184000,248,6.21830900884775,2.81891589737247e-107,45S rDNA
Chr2,1184000,1185000,1063,15.5044946025605,0,45S rDNA
Chr2,1185000,1186000,299,4.83056719607808,2.12657077622003e-102,45S rDNA
Chr2,1186000,1187000,1267,24.8122757082427,0,45S rDNA
Chr2,1188000,1189000,162,4.24957009405721,8.03105689848943e-49,45S rDNA
Chr2,1189000,1190000,161,3.86759263126578,1.44496691258725e-43,45S rDNA
Chr2,1190000,1191000,355,9.7935371297826,4.20369607949189e-214,45S rDNA
Chr2,1191000,1192000,468,12.0244509026916,1.11253692925785e-308,45S rDNA
Chr2,1192000,1193000,322,8.2881247078861,1.47040487528844e-173,45S rDNA
Chr2,1193000,1194000,501,10.5624669762708,1.11253693578152e-308,45S rDNA
Chr2,1194000,1195000,429,6.75767297278615,4.93829169363947e-198,45S rDNA
Chr2,1196000,1197000,522,8.76319045348663,5.93700769572848e-292,45S rDNA
Chr2,1197000,1198000,3204,61.2623187314236,0,45S rDNA
Chr2,1198000,1199000,214,4.08088977848026,2.182969786236e-61,45S rDNA
Chr2,1199000,1200000,393,8.82798022643529,3.89589351555545e-221,45S rDNA
Chr2,1200000,1201000,203,4.29019314702244,1.26092680255904e-61,45S rDNA
Chr2,1201000,1202000,455,11.2417494555585,8.58766358207558e-299,45S rDNA
Chr2,1202000,1203000,369,9.2337387057172,4.41160374424862e-214,45S rDNA
Chr2,1203000,1204000,308,6.77941909885986,8.51466131365431e-143,45S rDNA
Chr2,1204000,1205000,899,14.7537970341135,0,45S rDNA
Chr2,1205000,1206000,474,8.68094344298832,1.79817187899812e-263,45S rDNA
Chr2,1207000,1208000,630,10.2982029305261,0,45S rDNA
Chr2,1208000,1209000,356,5.03688345722317,6.57664445004909e-127,45S rDNA
Chr2,1209000,1210000,362,8.60725804429471,3.06751034228018e-200,45S rDNA
Chr2,1210000,1211000,179,3.20968673790681,5.59595821556911e-38,45S rDNA
Chr2,1211000,1212000,310,6.80548389181765,3.70638767606071e-144,45S rDNA
Chr2,1212000,1213000,405,8.74150152494329,2.49658368031214e-226,45S rDNA
Chr2,1213000,1214000,315,7.33767178961068,2.66923603493163e-155,45S rDNA
Chr2,1214000,1215000,346,6.80484122313985,8.74752653929609e-161,45S rDNA
Chr2,1215000,1216000,710,10.3955386624979,0,45S rDNA
Chr2,1216000,1217000,277,4.86840008590438,1.13992525471769e-95,45S rDNA
Chr2,1218000,1219000,3192,61.8181073422843,0,45S rDNA
Chr2,1219000,1220000,294,4.45549970473651,1.30234795267655e-92,45S rDNA
Chr2,1220000,1221000,357,7.59331770396637,1.7590663992552e-180,45S rDNA
Chr2,1221000,1222000,183,3.85510183661092,3.16743544412826e-49,45S rDNA
Chr2,1222000,1223000,350,8.10299960756917,1.45837739982227e-185,45S rDNA
Chr2,1223000,1224000,469,10.1865715652453,8.85318760122171e-290,45S rDNA
Chr2,1224000,1225000,290,6.38076392723589,4.92359446090959e-128,45S rDNA
Chr2,1225000,1226000,421,8.8390780658194,4.92534608969704e-237,45S rDNA
Chr2,1226000,1227000,515,8.81343881445705,3.49768348146104e-289,45S rDNA
Chr2,1227000,1228000,202,3.28974194361571,2.94546608478274e-44,45S rDNA
Chr2,1228000,1229000,308,5.72297613937351,8.49009015080479e-124,45S rDNA
Chr2,1229000,1230000,3047,61.9084994330851,0,45S rDNA
Chr2,1230000,1231000,208,4.20011190943784,1.1660255115938e-61,45S rDNA
Chr2,1231000,1232000,373,7.50241969062067,7.73531284917687e-187,45S rDNA
Chr2,1232000,1233000,193,4.17109947568281,7.90719513748561e-57,45S rDNA
Chr2,1233000,1234000,487,11.3324064441692,1.11253692925374e-308,45S rDNA
Chr2,1234000,1235000,319,6.54080582459149,1.18835325180979e-143,45S rDNA
Chr2,1235000,1236000,291,7.04033509882718,4.8835931688538e-139,45S rDNA
Chr2,1236000,1237000,627,10.3446070695118,0,45S rDNA
Chr2,1237000,1238000,458,7.8641881508656,2.35275948892926e-237,45S rDNA
Chr2,1239000,1240000,604,7.11473224293085,5.3797120590219e-290,45S rDNA
Chr2,1240000,1241000,2535,47.9304897860514,0,45S rDNA
Chr2,1241000,1242000,188,3.73040984673272,1.42218564328863e-48,45S rDNA
Chr2,1242000,1243000,370,6.93356376505509,1.91978607871161e-174,45S rDNA
Chr2,1243000,1244000,199,4.52523759725593,5.48976316126621e-64,45S rDNA
Chr2,1244000,1245000,455,9.81699491738234,1.36789797618064e-274,45S rDNA
Chr2,1245000,1246000,260,6.49803531710278,1.30332821088025e-116,45S rDNA
Chr2,1246000,1247000,264,5.66639718929554,2.7143873679377e-105,45S rDNA
Chr2,1247000,1248000,620,9.88927384797531,0,45S rDNA
Chr2,1248000,1249000,240,4.43333387434399,2.40058707694283e-75,45S rDNA
Chr2,1249000,1250000,211,3.46009873717068,1.89340964531136e-49,45S rDNA
Chr2,1250000,1251000,4888,95.7240755026758,0,45S rDNA
Chr2,1251000,1252000,810,13.6420959694812,0,45S rDNA
Chr2,1252000,1253000,234,5.94244443672058,2.04274678892188e-97,45S rDNA
Chr2,1253000,1254000,266,5.24073450975794,1.00497923241606e-98,45S rDNA
Chr2,1254000,1255000,313,8.40383776008285,2.18052899326099e-170,45S rDNA
Chr2,1255000,1256000,352,8.04097364721652,1.36923491624281e-185,45S rDNA
Chr2,1256000,1257000,316,7.66787736072778,5.09366743652916e-161,45S rDNA
Chr2,1257000,1258000,204,4.66276991101942,1.19559773741372e-67,45S rDNA
Chr2,1258000,1259000,711,9.84599846929102,0,45S rDNA
Chr2,1259000,1260000,185,3.40965378522283,1.29347239986859e-42,45S rDNA
Chr2,1261000,1262000,1915,33.0007979683016,0,45S rDNA
Chr2,1262000,1263000,184,3.13801535676867,8.79890203651489e-38,45S rDNA
Chr2,1263000,1264000,195,4.53392763843434,7.63884021237276e-63,45S rDNA
Chr2,1264000,1265000,172,3.6197559809314,7.2179081380137e-43,45S rDNA
Chr2,1265000,1266000,355,7.22677298803522,6.95639221117301e-173,45S rDNA
Chr2,1266000,1267000,449,9.98064553657217,7.08212335752343e-274,45S rDNA
Chr2,1267000,1268000,313,8.01217443524585,1.06229636969728e-164,45S rDNA
Chr2,1268000,1269000,530,9.7216586654505,1.11253692979065e-308,45S rDNA
Chr2,1269000,1270000,461,8.02513870280807,1.91295706997279e-242,45S rDNA
Chr2,1272000,1273000,662,11.8212285060551,0,45S rDNA
Chr2,1274000,1275000,214,5.38942340265111,1.08967950150283e-81,45S rDNA
Chr2,1275000,1276000,301,6.38694145538429,5.78775110330739e-133,45S rDNA
Chr2,1276000,1277000,744,18.3345968541894,0,45S rDNA
Chr2,1277000,1278000,442,13.7951937396536,0,45S rDNA
Chr2,1278000,1279000,256,5.2806866243006,9.97235729717663e-96,45S rDNA
Chr2,1279000,1280000,595,9.22518268971713,0,45S rDNA
Chr2,1280000,1281000,208,3.95798968977488,1.29303359586533e-57,45S rDNA
Chr2,1282000,1283000,4213,75.8533112885323,0,45S rDNA
Chr2,1283000,1284000,1639,28.2895962571844,0,45S rDNA
Chr2,1284000,1285000,386,8.18709185146471,4.46066127421754e-206,45S rDNA
Chr2,1285000,1286000,359,7.65945615456223,1.16624306963864e-182,45S rDNA
Chr2,1286000,1287000,306,8.49737186710988,6.82855872981683e-168,45S rDNA
Chr2,1287000,1288000,380,8.36881889584972,4.54095031665698e-206,45S rDNA
Chr2,1288000,1289000,330,8.49185729163788,6.52979770564555e-181,45S rDNA
Chr2,1289000,1290000,223,4.96718280588064,1.00760303463983e-78,45S rDNA
Chr2,1290000,1291000,935,12.8776032538987,0,45S rDNA
Chr2,1291000,1292000,175,3.80984608016825,1.91461584017679e-46,45S rDNA
Chr2,1293000,1294000,3068,60.849974292678,0,45S rDNA
Chr2,1294000,1295000,303,5.09287184697355,2.6245813378911e-109,45S rDNA
Chr2,1295000,1296000,351,7.88541671720025,1.82194139258106e-182,45S rDNA
Chr2,1296000,1297000,204,4.04188249300996,6.48027988685923e-58,45S rDNA
Chr2,1297000,1298000,363,10.2551774080063,1.94726968117514e-225,45S rDNA
Chr2,1298000,1299000,418,9.62719850330677,3.71357770208483e-249,45S rDNA
Chr2,1299000,1300000,290,6.70112776707287,2.97117774039017e-133,45S rDNA
Chr2,1300000,1301000,348,6.64317379439363,1.27927411594082e-158,45S rDNA
Chr2,1301000,1302000,547,7.77497174121011,6.11342846427423e-281,45S rDNA
Chr2,1303000,1304000,294,3.85154946011135,1.63244442104463e-78,45S rDNA
Chr2,1304000,1305000,5154,97.8651252036572,0,45S rDNA
Chr2,1305000,1306000,491,9.08201290875518,2.00053655559119e-281,45S rDNA
Chr2,1306000,1307000,390,8.34933089466693,4.01869404969774e-211,45S rDNA
Chr2,1307000,1308000,197,4.54532532770428,1.2015268605181e-63,45S rDNA
Chr2,1308000,1309000,459,11.4145337201283,3.51317967452575e-304,45S rDNA
Chr2,1309000,1310000,390,9.71249755709389,7.25189725665674e-234,45S rDNA
Chr2,1310000,1311000,306,7.53666758638478,5.79973346504058e-154,45S rDNA
Chr2,1311000,1312000,835,13.7802855503349,0,45S rDNA
Chr2,1312000,1313000,436,7.39886064248821,5.68516627906339e-216,45S rDNA
Chr2,1314000,1315000,2736,39.1335705396583,0,45S rDNA
Chr2,1315000,1316000,1393,25.1641184429225,0,45S rDNA
Chr2,1316000,1317000,204,3.90955838324981,1.04061694081056e-55,45S rDNA
Chr2,1317000,1318000,431,8.807047571868,4.85273884026434e-242,45S rDNA
Chr2,1318000,1319000,443,9.61455604226611,8.86242690116583e-264,45S rDNA
Chr2,1319000,1320000,713,15.185532320031,0,45S rDNA
Chr2,1320000,1321000,312,7.33866113953853,7.59020922720605e-154,45S rDNA
Chr2,1321000,1322000,212,4.32626445151866,6.50375441409736e-65,45S rDNA
Chr2,1322000,1323000,898,12.3459255631283,0,45S rDNA
Chr2,1325000,1326000,5070,89.3900468691511,0,45S rDNA
Chr2,1326000,1327000,807,14.571633721091,0,45S rDNA
Chr2,1327000,1328000,425,9.73355108072107,3.93822072332835e-255,45S rDNA
Chr2,1330000,1331000,432,9.49105630224991,4.40112586822852e-255,45S rDNA
Chr2,1331000,1332000,335,7.13106428211809,1.57825512900589e-161,45S rDNA
Chr2,1332000,1333000,330,6.85018919891573,3.34686312712183e-154,45S rDNA
Chr2,1333000,1334000,740,11.5040733784697,0,45S rDNA
Chr2,1335000,1336000,249,3.42002540134608,2.54930518996955e-57,45S rDNA
Chr2,1336000,1337000,5356,97.1797847831818,0,45S rDNA
Chr2,1337000,1338000,522,9.34502617840068,6.65998812719437e-305,45S rDNA
Chr2,1338000,1339000,470,11.1124801147357,1.8201595526251e-306,45S rDNA
Chr2,1339000,1340000,262,4.55280929132914,1.57232805978435e-84,45S rDNA
Chr2,1340000,1341000,726,16.3182473788789,0,45S rDNA
Chr2,1341000,1342000,766,24.6333159037342,0,45S rDNA
Chr2,1342000,1343000,322,7.68905462523116,2.14792439083527e-164,45S rDNA
Chr2,1343000,1344000,738,12.2837589815581,0,45S rDNA
Chr2,1344000,1345000,502,9.06847628022045,2.01439274062901e-287,45S rDNA
Chr2,1346000,1347000,2252,42.5575640841812,0,45S rDNA
Chr2,1347000,1348000,3603,64.3324587610907,0,45S rDNA
Chr2,1348000,1349000,340,6.97782362047141,3.54939389318884e-161,45S rDNA
Chr2,1351000,1352000,161,3.96805576621556,6.67491701475159e-45,45S rDNA
Chr2,1352000,1353000,148,3.35388436171673,1.71508460238257e-33,45S rDNA
Chr2,1353000,1354000,272,6.44475241542799,3.9112309925697e-121,45S rDNA
Chr2,1354000,1355000,874,13.3462889132573,0,45S rDNA
Chr2,1355000,1356000,200,4.18701179285965,4.11539031986541e-59,45S rDNA
Chr2,1357000,1358000,2182,40.790017842712,0,45S rDNA
Chr2,1358000,1359000,673,12.3582595783782,0,45S rDNA
Chr2,1359000,1360000,339,7.86926400937132,5.38802291666072e-176,45S rDNA
Chr2,1360000,1361000,174,3.3675037541062,1.83532467119514e-39,45S rDNA
Chr2,1361000,1362000,184,4.93299796091161,1.18324539615369e-64,45S rDNA
Chr2,1362000,1363000,138,3.11756620456224,2.99433096079238e-28,45S rDNA
Chr2,1363000,1364000,173,4.04708350262632,2.64865302828878e-49,45S rDNA
Chr2,1365000,1366000,872,13.7716338783978,0,45S rDNA
Chr2,1366000,1367000,166,3.10521157050661,1.21266495568367e-33,45S rDNA
Chr2,1368000,1369000,1528,28.9015644047326,0,45S rDNA
Chr2,1374000,1375000,295,6.83916169513025,9.22271357391543e-138,45S rDNA
Chr2,1375000,1376000,429,8.23418289129242,7.10186252246241e-230,45S rDNA
Chr2,1376000,1377000,358,6.36690991005233,1.43224636726194e-157,45S rDNA
Chr2,1378000,1379000,582,9.68115540572389,0,45S rDNA
Chr2,1379000,1380000,1322,24.7283007431115,0,45S rDNA
Chr2,1381000,1382000,134,3.36094510515263,1.77338020135003e-30,45S rDNA
Chr2,1382000,1383000,123,3.08852905702958,6.47769784049408e-25,45S rDNA
Chr2,1384000,1385000,212,6.40743016328862,3.86036995446655e-94,45S rDNA
Chr2,1385000,1386000,377,8.90573950042421,1.92719632307451e-213,45S rDNA
Chr2,1386000,1387000,736,11.7629544639309,0,45S rDNA
Chr2,1387000,1388000,242,4.61527758684366,2.94185624325656e-79,45S rDNA
Chr2,1389000,1390000,4500,100.268097934349,0,45S rDNA
Chr2,1390000,1391000,1434,23.2301349975796,0,45S rDNA
Chr2,1391000,1392000,500,11.856091962311,0,45S rDNA
Chr2,1392000,1393000,286,5.59595026372332,1.0103163896965e-112,45S rDNA
Chr2,1393000,1394000,474,11.8864825260884,1.11253692925366e-308,45S rDNA
Chr2,1394000,1395000,601,13.430224723097,0,45S rDNA
Chr2,1395000,1396000,357,7.72337398839242,9.12136777546864e-183,45S rDNA
Chr2,1396000,1397000,200,4.31702358761367,3.83870020375699e-61,45S rDNA
Chr2,1397000,1398000,879,12.0125281164298,0,45S rDNA
Chr2,1398000,1399000,176,3.27833518069434,1.78936667442585e-38,45S rDNA
Chr2,1400000,1401000,5197,107.964058550006,0,45S rDNA
Chr2,1401000,1402000,627,10.9016140071207,0,45S rDNA
Chr2,1402000,1403000,407,8.92759957624221,9.6678910216959e-231,45S rDNA
Chr2,1404000,1405000,131,3.53957189050564,6.64337053522211e-32,45S rDNA
Chr2,1407000,1408000,479,9.36080268352821,3.59627777632652e-280,45S rDNA
Chr2,1408000,1409000,401,7.21335096087957,6.86035999534022e-195,45S rDNA
Chr2,1410000,1411000,326,6.82661386469749,6.28489188436408e-152,45S rDNA
Chr2,1411000,1412000,1335,26.7269628448905,0,45S rDNA
Chr2,1413000,1414000,424,10.0856216721021,2.08656506794326e-260,45S rDNA
Chr2,1414000,1415000,286,6.71566538803859,1.17516199691153e-131,45S rDNA
Chr2,1415000,1416000,733,18.4206418359133,0,45S rDNA
Chr2,1416000,1417000,286,8.20664513378487,3.53756615762675e-153,45S rDNA
Chr2,1417000,1418000,304,7.63391640491408,1.98429427587538e-154,45S rDNA
Chr2,1418000,1419000,813,14.1799190395827,0,45S rDNA
Chr2,1420000,1421000,282,4.7055305236635,4.35239846252017e-94,45S rDNA
Chr2,1421000,1422000,1502,34.2077648883598,0,45S rDNA
Chr2,1422000,1423000,778,13.9554817476216,0,45S rDNA
Chr2,1423000,1424000,161,4.16548423222655,1.84581786805707e-47,45S rDNA
Chr2,1424000,1425000,157,3.20911829225246,2.15885872283167e-33,45S rDNA
Chr2,1425000,1426000,165,3.87737835136702,9.14274163650645e-45,45S rDNA
Chr2,1427000,1428000,385,10.8156539699852,4.33249419416129e-247,45S rDNA
Chr2,1428000,1429000,388,9.95940302887706,1.81923342167498e-236,45S rDNA
Chr2,1429000,1430000,1029,16.5063760244362,0,45S rDNA
Chr2,1430000,1431000,282,5.1823898680847,1.65826805474292e-103,45S rDNA
Chr2,1432000,1433000,1487,26.0763217902153,0,45S rDNA
Chr2,1435000,1436000,253,6.15519481413571,1.74807505462983e-108,45S rDNA
Chr2,1437000,1438000,168,4.22483742885292,2.81037952649398e-50,45S rDNA
Chr2,1438000,1439000,145,3.92473270965452,5.36008935946728e-40,45S rDNA
Chr2,1439000,1440000,269,7.55585122799468,1.05429692234895e-135,45S rDNA
Chr2,1440000,1441000,501,9.04673819849081,2.18650252872566e-286,45S rDNA
Chr2,1442000,1443000,223,3.43264947403162,1.13856621043835e-51,45S rDNA
Chr2,1443000,1444000,1704,36.216800781782,0,45S rDNA
Chr2,1444000,1445000,393,7.6439690826877,1.41999540488637e-199,45S rDNA
Chr2,1445000,1446000,128,3.07430292316895,9.99542344198069e-26,45S rDNA
Chr2,1446000,1447000,189,4.44344690476019,1.19439338769838e-59,45S rDNA
Chr2,1447000,1448000,93,3.58087952792178,3.50351421407973e-23,45S rDNA
Chr2,1448000,1449000,128,4.76981889550019,1.01078711666631e-43,45S rDNA
Chr2,1449000,1450000,126,3.81538956036052,1.05518767098349e-33,45S rDNA
Chr2,1450000,1451000,673,13.5644744843721,0,45S rDNA
Chr2,1451000,1452000,160,3.31460213370172,1.41569373810818e-35,45S rDNA
Chr2,1453000,1454000,1894,83.7324785360177,0,45S rDNA
Chr2,1454000,1455000,560,11.300015377748,0,45S rDNA
Chr2,1456000,1457000,104,3.57872202871446,7.92504150055216e-26,45S rDNA
Chr2,1457000,1458000,152,4.74886068493895,1.49343660440868e-51,45S rDNA
Chr2,1458000,1459000,519,13.0911958985042,0,45S rDNA
Chr2,1459000,1460000,145,4.51010416949579,1.14752211537131e-46,45S rDNA
Chr2,1461000,1462000,1178,12.5119592198757,0,45S rDNA
Chr2,1462000,1463000,953,20.8118327066737,0,45S rDNA
Chr2,1464000,1465000,5579,143.683898418587,0,45S rDNA
Chr2,1465000,1466000,229,6.0787922132735,3.12801514125716e-97,45S rDNA
Chr2,1466000,1467000,629,29.1970875081712,0,45S rDNA
Chr2,1468000,1469000,193,7.30968217801508,3.42507094865743e-95,45S rDNA
Chr2,1469000,1470000,598,16.8490292572795,0,45S rDNA
Chr2,1470000,1471000,64,3.23640464966845,3.72780653213639e-14,45S rDNA
Chr2,1474000,1475000,204,5.60466606979815,9.59294409987245e-81,45S rDNA
Chr2,1475000,1476000,4644,73.4709347234748,0,45S rDNA
Chr2,1476000,1477000,135,3.58475572626883,2.16098375439166e-33,45S rDNA
Chr2,1477000,1478000,205,13.0393657250182,3.48572690675939e-147,45S rDNA
Chr2,1479000,1480000,67,3.48132154546175,2.75964272589686e-16,45S rDNA
Chr2,1480000,1481000,180,12.2990970640291,3.97767465472595e-125,45S rDNA
Chr2,1482000,1483000,373,10.2231958916548,3.61588738473822e-231,45S rDNA
Chr2,1483000,1484000,263,6.85230580612683,4.26441122367081e-123,45S rDNA
Chr2,1484000,1485000,300,3.55146442732314,2.15249624262051e-72,45S rDNA
Chr2,1485000,1486000,686,18.904136359071,0,45S rDNA
Chr2,1486000,1487000,1806,38.196149988306,0,45S rDNA
Chr2,1487000,1488000,186,4.41543442353218,2.55141256492656e-58,45S rDNA
Chr2,1488000,1489000,247,7.96486853704909,1.35697538523333e-129,45S rDNA
Chr2,1489000,1490000,198,6.39096974403315,8.6790657044966e-88,45S rDNA
Chr2,1490000,1491000,265,10.1957378210877,3.33513967792138e-164,45S rDNA
Chr2,1493000,1494000,194,6.79600734240828,2.0342178475944e-90,45S rDNA
Chr2,1495000,1496000,246,4.54731400613025,2.57143402402805e-79,45S rDNA
Chr2,1496000,1497000,3869,98.8427764409666,0,45S rDNA
Chr2,1497000,1498000,820,22.9714705769228,0,45S rDNA
Chr2,1498000,1499000,241,9.69725143181906,1.07189517723737e-144,45S rDNA
Chr2,1499000,1500000,183,5.13482274761484,7.39339522587925e-67,45S rDNA
Chr2,1500000,1501000,66,3.09011458039957,1.1426015236588e-13,45S rDNA
Chr2,1501000,1502000,134,6.13610792070637,1.138355172945e-57,45S rDNA
Chr2,1502000,1503000,236,10.4657580362472,9.60372081652688e-149,45S rDNA
Chr2,1503000,1504000,278,10.2734005255953,4.8468355628616e-173,45S rDNA
Chr2,1504000,1505000,229,8.53747688501094,2.8632845011792e-126,45S rDNA
Chr2,1506000,1507000,175,4.43204864683456,3.8827951465239e-55,45S rDNA
Chr2,1507000,1508000,3480,91.0068384412556,0,45S rDNA
Chr2,1508000,1509000,434,10.6356147245246,1.46440060765271e-275,45S rDNA
Chr2,1509000,1510000,496,13.2656705046142,0,45S rDNA
Chr2,1510000,1511000,204,5.78323444500413,4.93290108455559e-83,45S rDNA
Chr2,1511000,1512000,701,18.5637010822466,0,45S rDNA
Chr2,1512000,1513000,915,26.2611714602766,0,45S rDNA
Chr2,1513000,1514000,312,7.78015996626795,1.0509786585362e-160,45S rDNA
Chr2,1514000,1515000,575,9.93965653010929,0,45S rDNA
Chr2,1515000,1516000,305,5.8580707542623,3.7413828221452e-125,45S rDNA
Chr2,1517000,1518000,631,16.8447819668636,0,45S rDNA
Chr2,1518000,1519000,725,14.185538255942,0,45S rDNA
Chr2,1520000,1521000,191,4.0166571486593,6.96685579454593e-54,45S rDNA
Chr2,1521000,1522000,315,7.27041966749008,3.25125630910816e-154,45S rDNA
Chr2,1522000,1523000,625,16.1578293578564,0,45S rDNA
Chr2,1523000,1524000,500,12.8006373961371,0,45S rDNA
Chr2,1525000,1526000,757,11.0743800101437,0,45S rDNA
Chr2,1526000,1527000,280,5.10765843144998,2.34187488667814e-101,45S rDNA
Chr2,1528000,1529000,1970,59.5272626495963,0,45S rDNA
Chr2,1529000,1530000,818,13.9642046932618,0,45S rDNA
Chr2,1530000,1531000,312,7.30262632713886,2.85239975831047e-153,45S rDNA
Chr2,1531000,1532000,174,3.83182736600502,1.66826531977071e-46,45S rDNA
Chr2,1536000,1537000,844,12.2775993991639,0,45S rDNA
Chr2,1537000,1538000,298,5.62195502496457,6.55176615571498e-118,45S rDNA
Chr2,1539000,1540000,3879,81.4412917275854,0,45S rDNA
Chr2,1540000,1541000,351,6.85636560399356,4.48097824129485e-164,45S rDNA
Chr2,1541000,1542000,452,10.596169781237,2.71676901142429e-286,45S rDNA
Chr2,1542000,1543000,246,5.06892593077333,1.70297732763898e-88,45S rDNA
Chr2,1543000,1544000,725,17.8400230377088,0,45S rDNA
Chr2,1544000,1545000,902,24.3569160946556,0,45S rDNA
Chr2,1545000,1546000,473,11.1439283645956,1.41436382970145e-308,45S rDNA
Chr2,1546000,1547000,540,10.4453201152479,0,45S rDNA
Chr2,1547000,1548000,524,8.60942402058318,1.65587105726347e-289,45S rDNA
Chr2,1548000,1549000,254,4.01653174001014,2.16383684579592e-71,45S rDNA
Chr2,1549000,1550000,363,7.14690610235895,2.9671704830161e-175,45S rDNA
Chr2,1550000,1551000,1283,24.852123851519,0,45S rDNA
Chr2,1551000,1552000,142,3.12746750058668,3.50042767565785e-29,45S rDNA
Chr2,1552000,1553000,482,9.81262446593771,9.49619339915498e-291,45S rDNA
Chr2,1553000,1554000,422,8.30934161450666,1.33617682064168e-227,45S rDNA
Chr2,1554000,1555000,1169,28.1665786033888,0,45S rDNA
Chr2,1555000,1556000,410,11.6165874949037,1.1930527625656e-274,45S rDNA
Chr2,1556000,1557000,263,6.18175730135352,3.75247166817257e-113,45S rDNA
Chr2,1557000,1558000,703,12.1350219106342,0,45S rDNA
Chr2,1558000,1559000,227,5.13715559088426,8.85704438935985e-83,45S rDNA
Chr2,1560000,1561000,1110,17.6158688427981,0,45S rDNA
Chr2,1561000,1562000,639,11.4858195467317,0,45S rDNA
Chr2,1563000,1564000,197,4.50174499126698,5.25963328172289e-63,45S rDNA
Chr2,1564000,1565000,647,17.4876027895913,0,45S rDNA
Chr2,1565000,1566000,868,20.2535325156185,0,45S rDNA
Chr2,1566000,1567000,431,9.88849972328406,2.26662712828375e-261,45S rDNA
Chr2,1567000,1568000,236,5.34566551503511,2.4991111299758e-89,45S rDNA
Chr2,1568000,1569000,981,14.4889805582403,0,45S rDNA
Chr2,1569000,1570000,191,3.8783484005514,1.02851991336872e-51,45S rDNA
Chr2,1570000,1571000,365,5.46549877633419,1.4558439727658e-140,45S rDNA
Chr2,1571000,1572000,2621,51.3258043158317,0,45S rDNA
Chr2,1572000,1573000,235,4.01103735758236,5.24845223565829e-66,45S rDNA
Chr2,1573000,1574000,281,7.44186166466553,4.07606854597029e-140,45S rDNA
Chr2,1576000,1577000,532,12.6141348305573,0,45S rDNA
Chr2,1577000,1578000,529,13.4493417404513,0,45S rDNA
Chr2,1578000,1579000,536,11.1269447653788,0,45S rDNA
Chr2,1579000,1580000,711,12.0538233441054,0,45S rDNA
Chr2,1581000,1582000,270,5.55060138588157,1.11480182096553e-105,45S rDNA
Chr2,1582000,1583000,2328,52.6424785161077,0,45S rDNA
Chr2,1583000,1584000,165,3.03224939090062,2.70217508074684e-32,45S rDNA
Chr2,1584000,1585000,321,6.38466365397273,1.05656633611463e-141,45S rDNA
Chr2,1587000,1588000,166,5.00806612919635,2.83522891071532e-59,45S rDNA
Chr2,1588000,1589000,311,7.09790382128439,1.76389140351932e-149,45S rDNA
Chr2,1589000,1590000,859,13.7920836686283,0,45S rDNA
Chr2,1590000,1591000,231,4.50856980845819,7.34091172436486e-74,45S rDNA
Chr2,1592000,1593000,4336,69.282552140511,0,45S rDNA
Chr2,1593000,1594000,1599,27.7751896431442,0,45S rDNA
Chr2,1594000,1595000,338,8.21416186937939,5.51072139354419e-181,45S rDNA
Chr2,1595000,1596000,319,6.25233032173002,2.19771242703367e-138,45S rDNA
Chr2,1596000,1597000,326,7.73933853355157,3.15896870747891e-167,45S rDNA
Chr2,1597000,1598000,440,12.1745375309594,6.93004895089418e-303,45S rDNA
Chr2,1598000,1599000,340,7.11122747782058,1.42469900235814e-163,45S rDNA
Chr2,1599000,1600000,248,5.8285012949633,1.81493335938286e-101,45S rDNA
Chr2,1600000,1601000,918,12.5682423187982,0,45S rDNA
Chr2,1601000,1602000,188,3.63143134242943,5.64458275580636e-47,45S rDNA
Chr2,1603000,1604000,2529,58.2703164099841,0,45S rDNA
Chr2,1604000,1605000,260,4.19575301528711,8.77600475464565e-77,45S rDNA
Chr2,1605000,1606000,310,7.21700219215432,6.31754066695273e-151,45S rDNA
Chr2,1607000,1608000,120,3.02496049673509,1.36231719816083e-23,45S rDNA
Chr2,1608000,1609000,195,4.31160019114682,1.49627357134561e-59,45S rDNA
Chr2,1609000,1610000,600,13.7007335415284,0,45S rDNA
Chr2,1610000,1611000,548,12.3854909622737,0,45S rDNA
Chr2,1611000,1612000,486,7.5688959061481,8.68912810127712e-245,45S rDNA
Chr2,1613000,1614000,255,4.84681496850602,9.5779948515529e-88,45S rDNA
Chr2,1614000,1615000,3784,69.3295735540597,0,45S rDNA
Chr2,1615000,1616000,273,5.47564369113204,1.58658627395342e-105,45S rDNA
Chr2,1616000,1617000,437,10.0141086703634,3.75396417444527e-267,45S rDNA
Chr2,1617000,1618000,309,5.62743640339811,2.44152430248107e-122,45S rDNA
Chr2,1618000,1619000,888,22.5393785561355,0,45S rDNA
Chr2,1619000,1620000,572,17.2918876854412,0,45S rDNA
Chr2,1620000,1621000,330,7.39124570441827,1.48953685566237e-163,45S rDNA
Chr2,1621000,1622000,855,12.6247507754268,0,45S rDNA
Chr2,1622000,1623000,346,6.75079244040075,9.15770087668027e-160,45S rDNA
Chr2,1623000,1624000,210,3.37961523021484,1.06397044218327e-47,45S rDNA
Chr2,1624000,1625000,1243,24.6240893837672,0,45S rDNA
Chr2,1625000,1626000,811,13.7363618238662,0,45S rDNA
Chr2,1627000,1628000,195,4.04972862352063,1.61653448487823e-55,45S rDNA
Chr2,1628000,1629000,283,7.27166234894311,1.18516829757809e-138,45S rDNA
Chr2,1629000,1630000,429,10.5635132707245,2.99161988700991e-271,45S rDNA
Chr2,1630000,1631000,274,6.12498207591671,6.22918029229929e-117,45S rDNA
Chr2,1631000,1632000,270,5.73431619332814,8.10752361977655e-109,45S rDNA
Chr2,1632000,1633000,874,11.5089631201539,0,45S rDNA
Chr2,1635000,1636000,1035,27.0879191824602,0,45S rDNA
Chr2,1636000,1637000,252,4.22430680370486,5.17990490358272e-75,45S rDNA
Chr2,1637000,1638000,432,12.1445272139651,5.71420938206763e-297,45S rDNA
Chr2,1638000,1639000,254,4.90866355465016,1.62546129974287e-88,45S rDNA
Chr2,1639000,1640000,665,14.1496768309346,0,45S rDNA
Chr2,1640000,1641000,809,20.9106439636366,0,45S rDNA
Chr2,1641000,1642000,327,7.95649536002868,3.67274754031757e-171,45S rDNA
Chr2,1642000,1643000,388,7.53135194141231,7.07832049318395e-195,45S rDNA
Chr2,1643000,1644000,600,8.81299936356203,0,45S rDNA
Chr2,1646000,1647000,1890,36.8398131802993,0,45S rDNA
Chr2,1648000,1649000,168,3.9248416793393,3.17393484337344e-46,45S rDNA
Chr2,1649000,1650000,171,3.73047146973138,2.98481344164186e-44,45S rDNA
Chr2,1650000,1651000,375,11.0291961698757,1.38713373552992e-243,45S rDNA
Chr2,1651000,1652000,446,10.2437994743889,1.37259802841214e-276,45S rDNA
Chr2,1652000,1653000,322,6.46947001635185,1.06772739705158e-143,45S rDNA
Chr2,1653000,1654000,634,10.496427394428,0,45S rDNA
Chr2,1654000,1655000,369,7.50833687519977,5.93677084413412e-185,45S rDNA
Chr2,1656000,1657000,2187,34.5287414479636,0,45S rDNA
Chr2,1657000,1658000,1793,29.719098414035,0,45S rDNA
Chr2,1658000,1659000,202,4.40363670853901,4.36248619375478e-63,45S rDNA
Chr2,1659000,1660000,360,7.11723782108431,2.96567178143002e-173,45S rDNA
Chr2,1660000,1661000,278,6.4338647878634,1.29279078470792e-123,45S rDNA
Chr2,1661000,1662000,459,9.85708808944951,1.00212611598329e-277,45S rDNA
Chr2,1662000,1663000,316,7.15047438990501,9.72574269210152e-153,45S rDNA
Chr2,1663000,1664000,241,5.65502514053162,5.12082042509857e-96,45S rDNA
Chr2,1664000,1665000,855,13.7659482398668,0,45S rDNA
Chr2,1667000,1668000,2264,40.5617484034473,0,45S rDNA
Chr2,1668000,1669000,537,8.32817857976517,7.62849111094655e-290,45S rDNA
Chr2,1669000,1670000,332,7.55307428030612,3.07176340204577e-167,45S rDNA
Chr2,1672000,1673000,624,17.1307546902111,0,45S rDNA
Chr2,1673000,1674000,346,8.35331700101924,1.83448700262445e-187,45S rDNA
Chr2,1674000,1675000,228,4.92114159922734,9.79735286948413e-80,45S rDNA
Chr2,1675000,1676000,823,11.3062664094288,0,45S rDNA
Chr2,1676000,1677000,173,3.10850301700557,4.38247195165261e-35,45S rDNA
Chr2,1678000,1679000,3892,75.8258138248125,0,45S rDNA
Chr2,1679000,1680000,323,5.68885686168854,4.29739185741203e-129,45S rDNA
Chr2,1680000,1681000,448,8.72560385798829,5.95956837301316e-250,45S rDNA
Chr2,1681000,1682000,237,4.84137203443839,1.62927923548815e-81,45S rDNA
Chr2,1682000,1683000,726,17.0045778770019,0,45S rDNA
Chr2,1683000,1684000,753,21.5037561605185,0,45S rDNA
Chr2,1684000,1685000,302,6.28460003122773,1.27491148720194e-131,45S rDNA
Chr2,1685000,1686000,557,9.94981009714033,0,45S rDNA
Chr2,1686000,1687000,370,6.91511655003417,4.45417299397083e-174,45S rDNA
Chr2,1687000,1688000,224,3.32976247610119,8.17812896970453e-50,45S rDNA
Chr2,1688000,1689000,632,14.1521888405983,0,45S rDNA
Chr2,1689000,1690000,1323,23.3239877441351,0,45S rDNA
Chr2,1691000,1692000,181,4.78212555149861,1.12572507292155e-61,45S rDNA
Chr2,1692000,1693000,272,6.43675360923864,5.19897482455898e-121,45S rDNA
Chr2,1693000,1694000,428,10.6139530135947,2.02116388804868e-271,45S rDNA
Chr2,1694000,1695000,303,8.41990375033687,3.4006025115745e-165,45S rDNA
Chr2,1695000,1696000,296,6.87348869537469,8.94764945397849e-139,45S rDNA
Chr2,1696000,1697000,904,13.32223627998,0,45S rDNA
Chr2,1697000,1698000,159,3.1710029437882,3.05297866318287e-33,45S rDNA
Chr2,1699000,1700000,2732,56.0516272769108,0,45S rDNA
Chr2,1700000,1701000,939,17.4338911967146,0,45S rDNA
Chr2,1701000,1702000,335,6.84433713371983,2.03034634445324e-156,45S rDNA
Chr2,1702000,1703000,250,5.01709023846191,5.00267129599172e-89,45S rDNA
Chr2,1703000,1704000,358,9.15004530288,1.82888780793806e-206,45S rDNA
Chr2,1704000,1705000,390,10.1197288395409,4.10874153624353e-240,45S rDNA
Chr2,1705000,1706000,365,7.75482528277493,2.11245847471087e-187,45S rDNA
Chr2,1706000,1707000,211,4.44940124633961,1.35259098188695e-66,45S rDNA
Chr2,1707000,1708000,970,13.4335853492886,0,45S rDNA
Chr2,1708000,1709000,285,5.10673598223767,3.91040213496029e-103,45S rDNA
Chr2,1710000,1711000,3273,72.2170104292485,0,45S rDNA
Chr2,1711000,1712000,268,4.99759013214014,5.1306139801811e-95,45S rDNA
Chr2,1712000,1713000,363,8.38022540380962,4.4676506805257e-197,45S rDNA
Chr2,1713000,1714000,204,4.55995105796005,4.20551733819299e-66,45S rDNA
Chr2,1714000,1715000,405,10.2635186575458,1.51208198662264e-251,45S rDNA
Chr2,1715000,1716000,430,11.0658585534419,9.61878220681976e-280,45S rDNA
Chr2,1716000,1717000,340,7.07721661652096,5.76605619477503e-163,45S rDNA
Chr2,1717000,1718000,628,11.5393360978263,0,45S rDNA
Chr2,1718000,1719000,503,8.97278716425365,6.20105400876114e-286,45S rDNA
Chr2,1720000,1721000,644,7.07299382592512,9.94993956632664e-308,45S rDNA
Chr2,1721000,1722000,2907,55.0759083487577,0,45S rDNA
Chr2,1722000,1723000,213,4.41690604075813,1.0771008443886e-66,45S rDNA
Chr2,1723000,1724000,396,8.4407750518745,5.26510612442045e-216,45S rDNA
Chr2,1724000,1725000,209,4.93480498820581,2.33752279549004e-73,45S rDNA
Chr2,1725000,1726000,484,11.0866994205701,1.11253712796763e-308,45S rDNA
Chr2,1726000,1727000,265,7.15151604125224,3.08588692826068e-128,45S rDNA
Chr2,1727000,1728000,263,6.31029695760769,3.99890867852932e-115,45S rDNA
Chr2,1728000,1729000,808,11.7954784053866,0,45S rDNA
Chr2,1731000,1732000,3271,53.4253020756301,0,45S rDNA
Chr2,1732000,1733000,332,6.33472038758102,1.41579660320055e-145,45S rDNA
Chr2,1733000,1734000,368,9.35309439459374,2.47439465439944e-215,45S rDNA
Chr2,1734000,1735000,193,4.34976696982863,1.62152613270205e-59,45S rDNA
Chr2,1735000,1736000,383,10.2188784006595,2.80182401413667e-237,45S rDNA
Chr2,1736000,1737000,462,11.8634399564574,1.1125525622111e-308,45S rDNA
Chr2,1737000,1738000,352,7.77826634042004,3.67037064443973e-181,45S rDNA
Chr2,1738000,1739000,459,9.83335513257283,2.70305631554709e-277,45S rDNA
Chr2,1739000,1740000,696,10.5417287288097,0,45S rDNA
Chr2,1742000,1743000,5167,105.56623871621,0,45S rDNA
Chr2,1743000,1744000,474,9.68521466085189,1.59027655860289e-283,45S rDNA
Chr2,1744000,1745000,868,21.9704543882682,0,45S rDNA
Chr2,1745000,1746000,206,4.2466771959399,7.94291410215607e-62,45S rDNA
Chr2,1746000,1747000,477,11.0031500349872,1.29771656535496e-308,45S rDNA
Chr2,1747000,1748000,375,9.44170764363252,8.78275479436726e-221,45S rDNA
Chr2,1748000,1749000,290,6.63412797508077,3.52995494472579e-132,45S rDNA
Chr2,1749000,1750000,778,12.4148837705408,0,45S rDNA
Chr2,1750000,1751000,385,6.88132827578786,2.1196515870706e-180,45S rDNA
Chr2,1752000,1753000,1068,17.7014407450222,0,45S rDNA
Chr2,1753000,1754000,805,13.5044901076626,0,45S rDNA
Chr2,1756000,1757000,281,5.92831584952201,1.40347362755864e-116,45S rDNA
Chr2,1757000,1758000,419,9.32051388431885,1.72886317015687e-244,45S rDNA
Chr2,1758000,1759000,280,6.34446848340937,4.58706402582545e-123,45S rDNA
Chr2,1759000,1760000,277,6.46565761671176,1.12905309096737e-123,45S rDNA
Chr2,1760000,1761000,845,11.5423643912168,0,45S rDNA
Chr2,1763000,1764000,2596,40.710007535426,0,45S rDNA
Chr2,1764000,1765000,393,6.18840441781536,8.26372909763909e-169,45S rDNA
Chr2,1765000,1766000,343,8.75046515760756,6.01823871026774e-192,45S rDNA
Chr2,1767000,1768000,152,3.43287261200167,1.8378705792851e-35,45S rDNA
Chr2,1768000,1769000,140,3.32285425519641,2.52516075231824e-31,45S rDNA
Chr2,1770000,1771000,325,7.13987050198231,6.97453450512588e-157,45S rDNA
Chr2,1771000,1772000,985,12.948059050719,0,45S rDNA
Chr2,1772000,1773000,233,4.21420713235261,3.11350724539674e-69,45S rDNA
Chr2,1773000,1774000,212,3.1444947139562,1.51816812693564e-43,45S rDNA
Chr2,1774000,1775000,3446,62.4368509656783,0,45S rDNA
Chr2,1775000,1776000,262,4.72633950670418,7.22767804983094e-88,45S rDNA
Chr2,1776000,1777000,347,7.90735680380487,9.19978376155047e-181,45S rDNA
Chr2,1777000,1778000,208,3.91758874134451,6.34523640887092e-57,45S rDNA
Chr2,1778000,1779000,414,9.86064066557513,1.21650759413183e-250,45S rDNA
Chr2,1779000,1780000,438,10.6128244922851,1.00779562928655e-277,45S rDNA
Chr2,1780000,1781000,351,8.799260089573,3.73792840319552e-197,45S rDNA
Chr2,1781000,1782000,804,13.4843246189134,0,45S rDNA
Chr2,1782000,1783000,323,5.91522465667889,1.28388877107208e-133,45S rDNA
Chr2,1784000,1785000,1145,23.2792987064633,0,45S rDNA
Chr2,1785000,1786000,1544,29.4252108466351,0,45S rDNA
Chr2,1786000,1787000,160,4.05446680844167,9.44327707914331e-46,45S rDNA
Chr2,1787000,1788000,313,6.66488154201849,3.93956712465807e-143,45S rDNA
Chr2,1788000,1789000,131,3.1194121823017,7.10091053873398e-27,45S rDNA
Chr2,1790000,1791000,305,7.65422757844602,3.06705088101796e-155,45S rDNA
Chr2,1791000,1792000,278,6.64789146529054,5.87804157041258e-127,45S rDNA
Chr2,1792000,1793000,1025,15.0114863275401,0,45S rDNA
Chr2,1793000,1794000,289,4.9920939607458,2.75299381682189e-102,45S rDNA
Chr2,1795000,1796000,3253,67.8145472746681,0,45S rDNA
Chr2,1796000,1797000,804,14.5246691008816,0,45S rDNA
Chr2,1797000,1798000,386,9.00203389667137,4.08010398218676e-220,45S rDNA
Chr2,1798000,1799000,229,4.40300128427455,2.10990755584247e-71,45S rDNA
Chr2,1799000,1800000,501,12.8657242697111,0,45S rDNA
Chr2,1800000,1801000,634,17.0613681386007,0,45S rDNA
Chr2,1801000,1802000,332,8.18811871471437,2.18528826904525e-177,45S rDNA
Chr2,1802000,1803000,257,5.49171800630004,1.17725710195356e-99,45S rDNA
Chr2,1803000,1804000,958,11.9983413314238,0,45S rDNA
Chr2,1804000,1805000,189,3.3584673250331,1.20671708813723e-42,45S rDNA
Chr2,1806000,1807000,4153,76.8854056538099,0,45S rDNA
Chr2,1807000,1808000,325,5.50377600106283,4.66906941672312e-126,45S rDNA
Chr2,1808000,1809000,494,11.4999735609928,0,45S rDNA
Chr2,1809000,1810000,310,6.03516413200088,1.59621917010296e-130,45S rDNA
Chr2,1810000,1811000,775,17.897857408995,0,45S rDNA
Chr2,1811000,1812000,416,9.44798854818411,6.20013985333883e-245,45S rDNA
Chr2,1812000,1813000,294,7.19816299980698,6.79969556150983e-143,45S rDNA
Chr2,1813000,1814000,609,9.69065684101503,0,45S rDNA
Chr2,1814000,1815000,407,7.21784049360995,6.8861033116694e-198,45S rDNA
Chr2,1815000,1816000,242,3.96553112076049,4.74385379061386e-67,45S rDNA
Chr2,1816000,1817000,949,18.1350325454999,0,45S rDNA
Chr2,1817000,1818000,2665,47.9584941171624,0,45S rDNA
Chr2,1818000,1819000,187,3.84154411571846,4.49657260192252e-50,45S rDNA
Chr2,1819000,1820000,393,9.23737878111001,5.21513315563505e-228,45S rDNA
Chr2,1820000,1821000,280,7.5157942327765,1.16387341405531e-140,45S rDNA
Chr2,1821000,1822000,474,11.1766955122816,1.13151342505262e-308,45S rDNA
Chr2,1822000,1823000,307,7.15215039795244,1.93586728994391e-148,45S rDNA
Chr2,1823000,1824000,256,5.6357712813008,1.24595292139148e-101,45S rDNA
Chr2,1824000,1825000,926,13.9951702848897,0,45S rDNA
Chr2,1825000,1826000,228,3.96353483294692,3.51614421591111e-63,45S rDNA
Chr2,1827000,1828000,2247,50.6535101974369,0,45S rDNA
Chr2,1828000,1829000,879,14.7286182324773,0,45S rDNA
Chr2,1829000,1830000,328,7.45741250254858,1.15345283900473e-163,45S rDNA
Chr2,1830000,1831000,243,5.37202721254052,2.23817900775105e-92,45S rDNA
Chr2,1831000,1832000,303,7.04216352093127,9.13383359748909e-145,45S rDNA
Chr2,1832000,1833000,393,9.67527960748949,4.52110520939293e-235,45S rDNA
Chr2,1833000,1834000,332,7.76938090785434,8.96694614552112e-171,45S rDNA
Chr2,1834000,1835000,159,3.77761977703885,7.78438343087115e-42,45S rDNA
Chr2,1835000,1836000,689,9.7129990884961,0,45S rDNA
Chr2,1836000,1837000,194,3.43922624297027,3.63587602824023e-45,45S rDNA
Chr2,1838000,1839000,3304,63.3650067214225,0,45S rDNA
Chr2,1839000,1840000,297,4.85506530220041,3.08880937242516e-102,45S rDNA
Chr2,1840000,1841000,344,7.56059691439246,2.21531881205786e-173,45S rDNA
Chr2,1841000,1842000,169,3.60685813549104,6.05959162062973e-42,45S rDNA
Chr2,1842000,1843000,355,8.88896241020978,8.90072005299665e-201,45S rDNA
Chr2,1843000,1844000,438,10.1969256779471,7.37333595887251e-271,45S rDNA
Chr2,1844000,1845000,283,6.65967172398358,2.07229839073919e-129,45S rDNA
Chr2,1845000,1846000,529,9.2120942491353,4.79833669694418e-306,45S rDNA
Chr2,1846000,1847000,433,7.9763942328973,9.00533977901229e-227,45S rDNA
Chr2,1848000,1849000,409,5.96008336209294,4.49058749562939e-170,45S rDNA
Chr2,1849000,1850000,1720,34.3009648835546,0,45S rDNA
Chr2,1851000,1852000,186,4.26107863724209,4.13411254818654e-56,45S rDNA
Chr2,1852000,1853000,232,5.1119146796319,3.46948779305119e-84,45S rDNA
Chr2,1853000,1854000,462,11.0969777589106,5.19017840281026e-301,45S rDNA
Chr2,1854000,1855000,302,8.25631498025759,2.16142686773734e-162,45S rDNA
Chr2,1855000,1856000,297,6.82232628719505,2.02968002885078e-138,45S rDNA
Chr2,1856000,1857000,996,15.388266785004,0,45S rDNA
Chr2,1857000,1858000,362,5.96045009729101,1.20929950975101e-150,45S rDNA
Chr2,1859000,1860000,4070,54.9460206563692,0,45S rDNA
Chr2,1860000,1861000,1407,25.4871670474074,0,45S rDNA
Chr2,1861000,1862000,464,9.35202995653589,2.94160892127324e-271,45S rDNA
Chr2,1862000,1863000,663,12.8924195390717,0,45S rDNA
Chr2,1863000,1864000,305,7.99444887497422,2.94291613552306e-160,45S rDNA
Chr2,1864000,1865000,353,8.1217370583326,1.86459474903435e-187,45S rDNA
Chr2,1865000,1866000,257,5.68184042858209,8.98937368088347e-103,45S rDNA
Chr2,1866000,1867000,185,4.08282690205402,3.33795962839435e-53,45S rDNA
Chr2,1867000,1868000,609,9.70068019614359,0,45S rDNA
Chr2,1868000,1869000,182,3.25124996300136,2.64175094941421e-39,45S rDNA
Chr2,1870000,1871000,2867,53.1708239709402,0,45S rDNA
Chr2,1871000,1872000,285,4.73900009381574,9.03478245136155e-96,45S rDNA
Chr2,1872000,1873000,366,8.374162355253,1.34847668272747e-198,45S rDNA
Chr2,1873000,1874000,179,3.46678460179255,3.57552986105629e-42,45S rDNA
Chr2,1874000,1875000,323,7.43962677712996,6.80342467865588e-161,45S rDNA
Chr2,1875000,1876000,459,9.94455967901012,2.62730235557773e-279,45S rDNA
Chr2,1876000,1877000,265,6.5514351385564,1.23343452034675e-119,45S rDNA
Chr2,1877000,1878000,330,6.40304804506132,5.35287089802707e-146,45S rDNA
Chr2,1878000,1879000,360,5.45839963611105,1.74997444960566e-138,45S rDNA
Chr2,1881000,1882000,1503,29.9198129879689,0,45S rDNA
Chr2,1883000,1884000,446,10.4049499642849,2.57170249982688e-279,45S rDNA
Chr2,1884000,1885000,355,7.8023601878178,4.11380041222386e-183,45S rDNA
Chr2,1885000,1886000,774,19.175389668321,0,45S rDNA
Chr2,1886000,1887000,473,14.321768190888,0,45S rDNA
Chr2,1887000,1888000,251,5.91080329209805,5.94484028946579e-104,45S rDNA
Chr2,1888000,1889000,593,9.11021505914295,0,45S rDNA
Chr2,1889000,1890000,313,5.03056366218904,1.51281435850196e-111,45S rDNA
Chr2,1891000,1892000,489,5.95183529076576,6.40838860222163e-203,45S rDNA
Chr2,1892000,1893000,1237,24.1350585224732,0,45S rDNA
Chr2,1894000,1895000,366,8.05429190529967,3.63281411771982e-193,45S rDNA
Chr2,1895000,1896000,247,6.06858763113079,1.16381840074565e-104,45S rDNA
Chr2,1896000,1897000,471,10.8741425751485,4.33027274666823e-303,45S rDNA
Chr2,1897000,1898000,263,5.67719206580178,4.47136787772381e-105,45S rDNA
Chr2,1898000,1899000,247,5.55242379432621,8.93453695730985e-97,45S rDNA
Chr2,1899000,1900000,602,8.59793724009999,0,45S rDNA
Chr2,1901000,1902000,571,4.15586302497395,8.3415505194042e-166,45S rDNA
Chr2,1902000,1903000,3025,55.9404171299318,0,45S rDNA
Chr2,1903000,1904000,211,4.17231620650385,4.48920552116306e-62,45S rDNA
Chr2,1904000,1905000,333,7.26222828274177,7.77024194096416e-163,45S rDNA
Chr2,1905000,1906000,274,5.6528585605843,5.14659878347901e-109,45S rDNA
Chr2,1906000,1907000,534,11.038497819263,0,45S rDNA
Chr2,1907000,1908000,357,8.87135888891994,1.24531487969991e-201,45S rDNA
Chr2,1908000,1909000,495,11.9440731099692,0,45S rDNA
Chr2,1909000,1910000,906,14.2860618124112,0,45S rDNA
Chr2,1910000,1911000,327,6.73865608052661,8.01813091767711e-151,45S rDNA
Chr2,1912000,1913000,2353,48.9225498768563,0,45S rDNA
Chr2,1913000,1914000,246,4.16523040793248,4.23085608919346e-72,45S rDNA
Chr2,1914000,1915000,329,8.44008812917313,1.34835749055781e-179,45S rDNA
Chr2,1917000,1918000,597,8.70855589775392,0,45S rDNA
Chr2,1918000,1919000,207,3.70910297657262,4.98921472835594e-53,45S rDNA
Chr2,1920000,1921000,1618,28.4408258168221,0,45S rDNA
Chr2,1921000,1922000,191,3.7386171348491,1.80426839493017e-49,45S rDNA
Chr2,1922000,1923000,161,3.75364120053209,5.03143373250263e-42,45S rDNA
Chr2,1924000,1925000,582,15.0384029279285,0,45S rDNA
Chr2,1925000,1926000,718,18.8480972467933,0,45S rDNA
Chr2,1926000,1927000,290,6.43557844858608,6.09058883864807e-129,45S rDNA
Chr2,1927000,1928000,379,7.74803902826982,1.98117539208163e-194,45S rDNA
Chr2,1928000,1929000,504,4.60433924174836,9.6385379246237e-164,45S rDNA
Chr2,1929000,1930000,2679,33.3400307464219,0,45S rDNA
Chr2,1930000,1931000,1580,26.6823374798332,0,45S rDNA
Chr2,1931000,1932000,239,5.16273959443942,1.57247248738005e-87,45S rDNA
Chr2,1932000,1933000,470,9.39446139891418,1.40832587283897e-275,45S rDNA
Chr2,1933000,1934000,628,14.5491912808965,0,45S rDNA
Chr2,1934000,1935000,675,18.2099890838188,0,45S rDNA
Chr2,1935000,1936000,340,8.64528728236471,1.06830370520314e-188,45S rDNA
Chr2,1936000,1937000,304,7.33225691683363,7.98103896953818e-150,45S rDNA
Chr2,1937000,1938000,1132,15.1040440379327,0,45S rDNA
Chr2,1939000,1940000,2840,48.4449019389647,0,45S rDNA
Chr2,1940000,1941000,220,3.85458654466621,5.17992109020715e-59,45S rDNA
Chr2,1941000,1942000,346,8.09700540396868,2.3504924526362e-183,45S rDNA
Chr2,1942000,1943000,172,3.48476836984268,7.90498849754376e-41,45S rDNA
Chr2,1943000,1944000,373,9.33967036340352,4.86118724683912e-218,45S rDNA
Chr2,1944000,1945000,388,10.2094189293194,3.17440637695468e-240,45S rDNA
Chr2,1945000,1946000,271,6.74726197802304,2.8910552012761e-125,45S rDNA
Chr2,1946000,1947000,418,4.85014622638195,2.14864142524701e-143,45S rDNA
Chr2,1948000,1949000,742,13.5798391905735,0,45S rDNA
Chr2,1949000,1950000,2003,35.6021257742083,0,45S rDNA
Chr2,1950000,1951000,176,3.54393226272092,1.10989121803279e-42,45S rDNA
Chr2,1951000,1952000,352,7.75472825795935,9.28083066637896e-181,45S rDNA
Chr2,1952000,1953000,196,4.76035252937213,2.05197213680919e-66,45S rDNA
Chr2,1953000,1954000,347,8.81767889824556,3.39740648163839e-195,45S rDNA
Chr2,1954000,1955000,193,4.40179767520935,2.76436265337972e-60,45S rDNA
Chr2,1955000,1956000,170,3.36756886249931,1.42180889737231e-38,45S rDNA
Chr2,1956000,1957000,506,7.94371270347348,4.59862156732695e-264,45S rDNA
Chr2,1957000,1958000,363,3.89178861498043,5.82969564874071e-98,45S rDNA
Chr2,1958000,1959000,524,7.55506331718743,1.70736069734983e-263,45S rDNA
Chr2,1959000,1960000,2377,36.9271420825066,0,45S rDNA
Chr2,1961000,1962000,267,3.4317032510372,1.10219182349829e-61,45S rDNA
Chr2,1964000,1965000,184,4.10556280558456,2.96257066827994e-53,45S rDNA
Chr2,1965000,1966000,244,5.19700839466381,6.55381547608647e-90,45S rDNA
Chr2,1966000,1967000,778,12.4461330285033,0,45S rDNA
Chr2,1967000,1968000,298,3.83543469784147,3.60345672205652e-79,45S rDNA
Chr2,1968000,1969000,5487,114.219724795459,0,45S rDNA
Chr2,1969000,1970000,485,8.64668550733855,7.85866727060836e-269,45S rDNA
Chr2,1970000,1971000,163,3.56021393483746,8.1133908736242e-40,45S rDNA
Chr2,1971000,1972000,173,4.28995362797746,1.25019270497269e-52,45S rDNA
Chr2,1972000,1973000,468,10.6792638552201,7.80911300671009e-298,45S rDNA
Chr2,1973000,1974000,440,10.7543482243019,2.80908890877049e-281,45S rDNA
Chr2,1974000,1975000,401,8.22846200165112,8.02275641588506e-215,45S rDNA
Chr2,1975000,1976000,1114,18.2523114270726,0,45S rDNA
Chr2,1976000,1977000,244,3.63178174830991,9.64334919720992e-61,45S rDNA
Chr2,1977000,1978000,5678,109.507902247056,0,45S rDNA
Chr2,1978000,1979000,630,9.03911136213982,0,45S rDNA
Chr2,1979000,1980000,303,7.86428943661139,2.50510208034331e-157,45S rDNA
Chr2,1981000,1982000,301,7.164095896279,9.64979842919042e-146,45S rDNA
Chr2,1982000,1983000,370,8.30573846319068,1.34156805767658e-199,45S rDNA
Chr2,1983000,1984000,296,6.52066271865899,5.1129954837254e-133,45S rDNA
Chr2,1984000,1985000,182,3.65500635323064,7.1547529715405e-46,45S rDNA
Chr2,1985000,1986000,585,7.93241571283935,7.76016008129283e-305,45S rDNA
Chr2,1987000,1988000,2483,43.5862769590596,0,45S rDNA
Chr2,1988000,1989000,858,14.298950245172,0,45S rDNA
Chr2,1989000,1990000,321,6.50519607339432,6.6614995713575e-144,45S rDNA
Chr2,1990000,1991000,214,3.79294598197291,2.55424180980396e-56,45S rDNA
Chr2,1991000,1992000,338,8.64217949935471,1.51466867124561e-187,45S rDNA
Chr2,1992000,1993000,388,8.60130261584837,1.85301330527255e-214,45S rDNA
Chr2,1993000,1994000,358,7.47092352712348,8.52270169387257e-179,45S rDNA
Chr2,1994000,1995000,167,3.85269979283505,5.9075318056927e-45,45S rDNA
Chr2,1995000,1996000,798,7.74768658193138,0,45S rDNA
Chr2,1996000,1997000,571,8.82062686944124,1.11253692925412e-308,45S rDNA
Chr2,1997000,1998000,3703,70.456936965053,0,45S rDNA
Chr2,1998000,1999000,247,4.86328543590374,2.63747611494305e-85,45S rDNA
Chr2,1999000,2000000,428,9.30919036110054,1.61493559308463e-249,45S rDNA
Chr2,2000000,2001000,397,9.84274695276865,4.16812795071221e-240,45S rDNA
Chr2,2001000,2002000,1001,25.6711933445795,0,45S rDNA
Chr2,2002000,2003000,313,9.30964437053303,1.02978455940282e-182,45S rDNA
Chr2,2003000,2004000,332,7.47702949172551,5.61912492690123e-166,45S rDNA
Chr2,2004000,2005000,1139,18.5164468168323,0,45S rDNA
Chr2,2005000,2006000,235,4.20592371587361,1.14539177168323e-69,45S rDNA
Chr2,2007000,2008000,1255,19.8886623081499,0,45S rDNA
Chr2,2008000,2009000,218,4.23522845365136,3.47040498374542e-65,45S rDNA
Chr2,2009000,2010000,428,10.5655293068742,1.18463501938442e-270,45S rDNA
Chr2,2010000,2011000,236,5.19233635415548,6.50272994111059e-87,45S rDNA
Chr2,2011000,2012000,537,12.7735349950916,0,45S rDNA
Chr2,2012000,2013000,702,20.1435835101992,0,45S rDNA
Chr2,2013000,2014000,282,6.34419094537754,6.22118419983648e-124,45S rDNA
Chr2,2014000,2015000,270,5.1573830356271,1.11401418536101e-98,45S rDNA
Chr2,2015000,2016000,389,3.01568533340828,1.86687951591e-74,45S rDNA
Chr2,2016000,2017000,161,3.2332748509348,1.37973788121025e-34,45S rDNA
Chr2,2017000,2018000,3670,75.0808528278554,0,45S rDNA
Chr2,2018000,2019000,270,5.42797927362632,1.53996749230252e-103,45S rDNA
Chr2,2019000,2020000,452,10.5640076969138,9.41322636524618e-286,45S rDNA
Chr2,2020000,2021000,247,5.296405110295,1.19478319583126e-92,45S rDNA
Chr2,2021000,2022000,604,14.5260363025831,0,45S rDNA
Chr2,2022000,2023000,583,17.1744773181968,0,45S rDNA
Chr2,2023000,2024000,228,4.75925856570046,4.14704984688432e-77,45S rDNA
Chr2,2024000,2025000,582,11.080552126441,0,45S rDNA
Chr2,2027000,2028000,2791,56.6410233281049,0,45S rDNA
Chr2,2028000,2029000,269,5.50151492772828,1.92554889173264e-104,45S rDNA
Chr2,2029000,2030000,339,9.19190999510029,3.77880690605591e-196,45S rDNA
Chr2,2030000,2031000,170,3.41607294076576,2.55994227465824e-39,45S rDNA
Chr2,2031000,2032000,312,7.37679531020752,1.88532775661244e-154,45S rDNA
Chr2,2032000,2033000,327,8.79624371142976,1.08677003176057e-183,45S rDNA
Chr2,2033000,2034000,206,4.49892064888953,8.35761707393604e-66,45S rDNA
Chr2,2034000,2035000,414,7.89067165979548,3.65053286169481e-215,45S rDNA
Chr2,2035000,2036000,413,4.92221771315729,8.60382985931302e-144,45S rDNA
Chr2,2037000,2038000,2854,40.313008019961,0,45S rDNA
Chr2,2038000,2039000,318,5.74275898452424,3.50100752181662e-128,45S rDNA
Chr2,2039000,2040000,372,8.36188541197072,1.24578042152877e-201,45S rDNA
Chr2,2040000,2041000,168,3.77146566170645,4.50223913725505e-44,45S rDNA
Chr2,2041000,2042000,272,8.68776891100173,1.20178439809576e-151,45S rDNA
Chr2,2042000,2043000,357,8.16404168011691,2.82771590458693e-190,45S rDNA
Chr2,2043000,2044000,240,5.23803254443913,4.12436178536662e-89,45S rDNA
Chr2,2044000,2045000,257,5.65903057644359,2.10549079102496e-102,45S rDNA
Chr2,2045000,2046000,461,6.85480597531523,3.55576532549796e-215,45S rDNA
Chr2,2047000,2048000,2574,58.3072943975733,0,45S rDNA
Chr2,2048000,2049000,645,11.6354541291,0,45S rDNA
Chr2,2049000,2050000,759,18.0124815524619,0,45S rDNA
Chr2,2051000,2052000,266,6.83397160358105,3.16611355660657e-124,45S rDNA
Chr2,2052000,2053000,359,8.30511980891318,1.11233101960321e-193,45S rDNA
Chr2,2053000,2054000,286,6.77005771190269,1.65194938659602e-132,45S rDNA
Chr2,2055000,2056000,714,8.01863550204286,0,45S rDNA
Chr2,2056000,2057000,2172,40.595497959928,0,45S rDNA
Chr2,2057000,2058000,964,15.164194075278,0,45S rDNA
Chr2,2058000,2059000,186,4.34232012254197,2.79492045201465e-57,45S rDNA
Chr2,2059000,2060000,323,6.64664774867033,2.3796926156539e-147,45S rDNA
Chr2,2060000,2061000,290,7.0902571867765,2.51459368043032e-139,45S rDNA
Chr2,2061000,2062000,368,8.32807602398857,6.68046116466989e-199,45S rDNA
Chr2,2062000,2063000,298,7.24823067973807,1.34495968292962e-145,45S rDNA
Chr2,2063000,2064000,202,4.93933407180067,5.42953001215495e-71,45S rDNA
Chr2,2064000,2065000,678,9.56533842342736,0,45S rDNA
Chr2,2066000,2067000,1942,19.9441994232268,0,45S rDNA
Chr2,2067000,2068000,1059,19.3038227296043,0,45S rDNA
Chr2,2068000,2069000,188,3.56470806919636,6.98307599081151e-46,45S rDNA
Chr2,2069000,2070000,326,6.04397294563508,2.18000952999335e-137,45S rDNA
Chr2,2070000,2071000,277,6.43004758287863,4.10415302490767e-123,45S rDNA
Chr2,2071000,2072000,396,9.74913670372986,4.97660615885432e-238,45S rDNA
Chr2,2072000,2073000,294,6.17006958954051,3.45699691701325e-126,45S rDNA
Chr2,2073000,2074000,214,4.54208548522396,5.08339336100983e-69,45S rDNA
Chr2,2074000,2075000,595,7.77572188915908,1.54609700019637e-305,45S rDNA
Chr2,2076000,2077000,232,3.17086679267719,3.73147515201809e-48,45S rDNA
Chr2,2077000,2078000,3313,60.1932228772856,0,45S rDNA
Chr2,2078000,2079000,1103,22.2895701695538,0,45S rDNA
Chr2,2079000,2080000,235,5.35787070786496,3.83593034753609e-89,45S rDNA
Chr2,2080000,2081000,312,6.20288126009754,1.83501831563378e-134,45S rDNA
Chr2,2081000,2082000,389,9.95316836764038,5.59632406431946e-237,45S rDNA
Chr2,2082000,2083000,431,8.89832407810423,9.46006900385093e-244,45S rDNA
Chr2,2083000,2084000,460,9.90193061478078,3.83312907111983e-279,45S rDNA
Chr2,2084000,2085000,406,5.72166685650339,7.06914448939997e-163,45S rDNA
Chr2,2088000,2089000,1486,27.5807839196327,0,45S rDNA
Chr2,2092000,2093000,450,10.3845180097992,1.82245307351084e-281,45S rDNA
Chr2,2093000,2094000,369,10.3335468618115,2.99890485425244e-230,45S rDNA
Chr2,2094000,2095000,358,8.39942632807443,1.09707862215549e-194,45S rDNA
Chr2,2095000,2096000,974,14.7557107593506,0,45S rDNA
Chr2,2097000,2098000,3452,57.06830689996,0,45S rDNA
Chr2,2098000,2099000,354,5.95909333069509,2.63731829871234e-147,45S rDNA
Chr2,2099000,2100000,398,8.56455996264658,2.60991635227731e-219,45S rDNA
Chr2,2100000,2101000,192,3.83946242062749,2.33188925203803e-51,45S rDNA
Chr2,2101000,2102000,412,10.3928950011643,6.6705244446874e-258,45S rDNA
Chr2,2102000,2103000,526,11.5385126421473,0,45S rDNA
Chr2,2103000,2104000,355,8.71777969344769,4.02547644607792e-198,45S rDNA
Chr2,2104000,2105000,524,11.4852016302612,0,45S rDNA
Chr2,2105000,2106000,641,5.27985279254693,2.42292559834415e-238,45S rDNA
Chr2,2106000,2107000,971,15.0141812533842,0,45S rDNA
Chr2,2107000,2108000,873,15.8061332876676,0,45S rDNA
Chr2,2109000,2110000,137,3.0158524092534,1.01817085466777e-26,45S rDNA
Chr2,2110000,2111000,465,11.0852483361689,9.12599815682972e-303,45S rDNA
Chr2,2111000,2112000,783,19.7043732800682,0,45S rDNA
Chr2,2112000,2113000,385,10.1779688389145,6.56584832626309e-238,45S rDNA
Chr2,2113000,2114000,253,6.2520642011384,6.37656055016917e-110,45S rDNA
Chr2,2114000,2115000,780,10.0633179135141,0,45S rDNA
Chr2,2117000,2118000,2334,48.2195341164659,0,45S rDNA
Chr2,2118000,2119000,237,4.2320712325303,9.69502715330614e-71,45S rDNA
Chr2,2119000,2120000,294,7.52629356811223,8.32042549328394e-148,45S rDNA
Chr2,2121000,2122000,351,8.32692156361298,9.8049403198579e-190,45S rDNA
Chr2,2122000,2123000,498,11.0069088650961,0,45S rDNA
Chr2,2123000,2124000,410,9.05441588869775,1.14798688229167e-234,45S rDNA
Chr2,2124000,2125000,833,15.1023989199331,0,45S rDNA
Chr2,2125000,2126000,435,3.86164670365728,3.92828771010663e-116,45S rDNA
Chr2,2126000,2127000,2548,38.7846125599687,0,45S rDNA
Chr2,2127000,2128000,1030,19.9862396842114,0,45S rDNA
Chr2,2128000,2129000,247,5.45804484682884,2.84775265562198e-95,45S rDNA
Chr2,2129000,2130000,295,5.67471350644221,1.02578999016922e-117,45S rDNA
Chr2,2130000,2131000,329,6.98440673984064,4.17666386537738e-156,45S rDNA
Chr2,2131000,2132000,413,9.67963160215596,4.64334502773546e-247,45S rDNA
Chr2,2132000,2133000,323,7.03724409041393,3.51545786417034e-154,45S rDNA
Chr2,2133000,2134000,223,4.7943555690781,5.34260881806036e-76,45S rDNA
Chr2,2134000,2135000,829,11.6808552766203,0,45S rDNA
Chr2,2136000,2137000,271,4.13306418566948,1.18508107132721e-78,45S rDNA
Chr2,2137000,2138000,2624,53.1845068417649,0,45S rDNA
Chr2,2141000,2142000,384,10.0723951586275,9.9262851799864e-236,45S rDNA
Chr2,2142000,2143000,386,9.71316741905171,1.74120136993143e-231,45S rDNA
Chr2,2143000,2144000,267,5.86632195893118,8.44291970488095e-110,45S rDNA
Chr2,2144000,2145000,528,8.6566734555981,8.08783431907325e-293,45S rDNA
Chr2,2145000,2146000,421,7.72619203379053,1.96736369351771e-215,45S rDNA
Chr2,2147000,2148000,1557,22.9674672516419,0,45S rDNA
Chr2,2148000,2149000,1218,19.4594204844355,0,45S rDNA
Chr2,2149000,2150000,166,3.80463959168254,5.06462219102112e-44,45S rDNA
Chr2,2150000,2151000,288,6.17358178019896,1.08734210534389e-123,45S rDNA
Chr2,2152000,2153000,306,6.85408396463736,4.0846344549251e-143,45S rDNA
Chr2,2153000,2154000,288,6.5789784386317,2.17462399586991e-130,45S rDNA
Chr2,2154000,2155000,275,6.23152704479746,4.42460622164933e-119,45S rDNA
Chr2,2155000,2156000,925,13.8348826125221,0,45S rDNA
Chr2,2157000,2158000,1297,10.8702021405184,0,45S rDNA
Chr2,2158000,2159000,2722,48.4766053711106,0,45S rDNA
Chr2,2159000,2160000,278,5.74633703447549,3.16003055696464e-112,45S rDNA
Chr2,2160000,2161000,465,9.87471922854909,1.1464469969465e-281,45S rDNA
Chr2,2161000,2162000,550,13.8670213313483,0,45S rDNA
Chr2,2162000,2163000,691,17.491409848657,0,45S rDNA
Chr2,2163000,2164000,276,6.70335356176892,6.77106184555632e-127,45S rDNA
Chr2,2164000,2165000,256,5.34651617276753,7.62013624864328e-97,45S rDNA
Chr2,2165000,2166000,829,12.3847050367778,0,45S rDNA
Chr2,2166000,2167000,196,3.25950790377659,2.02690679360516e-42,45S rDNA
Chr2,2168000,2169000,770,16.4625711271038,0,45S rDNA
Chr2,2169000,2170000,1953,31.9544332473043,0,45S rDNA
Chr2,2170000,2171000,272,5.96276326681181,1.93050511659606e-113,45S rDNA
Chr2,2171000,2172000,349,7.47198023073242,2.4306392538643e-174,45S rDNA
Chr2,2172000,2173000,295,8.27107076791503,7.54113818726658e-159,45S rDNA
Chr2,2173000,2174000,438,11.7363932767859,3.94743877504946e-295,45S rDNA
Chr2,2174000,2175000,281,7.52649050157724,2.60565995538162e-141,45S rDNA
Chr2,2175000,2176000,268,6.01706040805837,1.15895437752875e-112,45S rDNA
Chr2,2176000,2177000,937,13.7312333811384,0,45S rDNA
Chr2,2179000,2180000,1810,33.1624017264397,0,45S rDNA
Chr2,2181000,2182000,129,3.06050293120227,9.42891425612465e-26,45S rDNA
Chr2,2182000,2183000,183,3.4530594066194,7.11379548930341e-43,45S rDNA
Chr2,2183000,2184000,387,8.7235446664247,5.29000779989592e-216,45S rDNA
Chr2,2184000,2185000,416,9.50080071323784,7.81825147719865e-246,45S rDNA
Chr2,2185000,2186000,334,7.11015552176565,1.10438424381076e-160,45S rDNA
Chr2,2186000,2187000,580,9.18575602783314,0,45S rDNA
Chr2,2187000,2188000,381,6.16429207544832,3.82420825997843e-163,45S rDNA
Chr2,2189000,2190000,1640,26.603834943561,0,45S rDNA
Chr2,2190000,2191000,857,14.6675005194593,0,45S rDNA
Chr2,2191000,2192000,170,3.82236463486627,2.56192960449158e-45,45S rDNA
Chr2,2192000,2193000,250,5.07225662213286,5.59648449954625e-90,45S rDNA
Chr2,2193000,2194000,314,7.25235558686357,1.94996007220908e-153,45S rDNA
Chr2,2194000,2195000,494,12.2727272599787,0,45S rDNA
Chr2,2195000,2196000,531,10.9448414982946,0,45S rDNA
Chr2,2196000,2197000,271,6.47701707936289,3.45468535346861e-121,45S rDNA
Chr2,2197000,2198000,1149,11.8186380783542,0,45S rDNA
Chr2,2198000,2199000,715,8.18295362408064,0,45S rDNA
Chr2,2199000,2200000,2609,47.0586005492498,0,45S rDNA
Chr2,2200000,2201000,214,4.0669439782975,3.79378550340787e-61,45S rDNA
Chr2,2201000,2202000,343,7.00849921660801,3.7709251848195e-163,45S rDNA
Chr2,2202000,2203000,190,4.02586379704302,9.53312882115279e-54,45S rDNA
Chr2,2203000,2204000,369,8.38530380421005,2.09432305975414e-200,45S rDNA
Chr2,2204000,2205000,260,5.92380925317535,7.41433663831721e-108,45S rDNA
Chr2,2205000,2206000,230,5.42968608471014,2.40513049294841e-88,45S rDNA
Chr2,2206000,2207000,630,10.6096265470742,0,45S rDNA
Chr2,2209000,2210000,2694,49.0982343332566,0,45S rDNA
Chr2,2210000,2211000,261,4.61718775970022,1.87151354776983e-85,45S rDNA
Chr2,2211000,2212000,290,6.87897760354495,4.60214090836665e-136,45S rDNA
Chr2,2213000,2214000,368,7.57654509936394,1.04779890996691e-185,45S rDNA
Chr2,2214000,2215000,386,9.21017340873314,1.60024132793394e-223,45S rDNA
Chr2,2215000,2216000,256,5.12670841573967,4.51030220534702e-93,45S rDNA
Chr2,2216000,2217000,399,6.31317360162475,2.82421311494961e-174,45S rDNA
Chr2,2217000,2218000,314,3.97567785396745,5.10846229138168e-87,45S rDNA
Chr2,2218000,2219000,2315,45.1107220115804,0,45S rDNA
Chr2,2219000,2220000,227,3.63131018256153,1.47673369555315e-56,45S rDNA
Chr2,2220000,2221000,290,6.67186520040443,8.73397385694563e-133,45S rDNA
Chr2,2222000,2223000,319,8.28547328377158,6.54081211736235e-172,45S rDNA
Chr2,2223000,2224000,472,11.3473826849926,1.11310551246762e-308,45S rDNA
Chr2,2224000,2225000,301,6.48628089247627,1.14900236344341e-134,45S rDNA
Chr2,2225000,2226000,451,8.78916460263685,7.08196643719194e-253,45S rDNA
Chr2,2226000,2227000,435,3.80728584685141,3.73730203349569e-114,45S rDNA
Chr2,2227000,2228000,2024,42.1675201627745,0,45S rDNA
Chr2,2228000,2229000,893,16.2129643788788,0,45S rDNA
Chr2,2229000,2230000,160,3.65874529070171,1.80729764171581e-40,45S rDNA
Chr2,2230000,2231000,228,4.30541868549643,2.19037718728631e-69,45S rDNA
Chr2,2235000,2236000,761,9.87994541774387,0,45S rDNA
Chr2,2236000,2237000,761,12.7343445598729,0,45S rDNA
Chr2,2237000,2238000,1471,27.1576075448159,0,45S rDNA
Chr2,2239000,2240000,237,5.89890801560433,5.00935283428079e-98,45S rDNA
Chr2,2240000,2241000,299,7.14452332682457,1.78890144004231e-144,45S rDNA
Chr2,2241000,2242000,479,11.2186175820548,1.11253895775901e-308,45S rDNA
Chr2,2242000,2243000,334,7.43632758056551,2.75550996918772e-166,45S rDNA
Chr2,2243000,2244000,366,7.87256734982151,5.34814559388167e-190,45S rDNA
Chr2,2244000,2245000,818,13.3370152732493,0,45S rDNA
Chr2,2245000,2246000,601,9.41445039663753,0,45S rDNA
Chr2,2246000,2247000,4018,75.4890682190406,0,45S rDNA
Chr2,2247000,2248000,284,5.28021537524757,4.24147295370935e-106,45S rDNA
Chr2,2248000,2249000,504,9.55283240835923,1.01616022944137e-298,45S rDNA
Chr2,2249000,2250000,188,4.70651121028008,5.28418179148528e-63,45S rDNA
Chr2,2250000,2251000,425,8.90065764654252,2.06018262714559e-240,45S rDNA
Chr2,2251000,2252000,275,7.06157140265319,9.55045922910725e-132,45S rDNA
Chr2,2252000,2253000,261,6.20099850193169,1.36016430355648e-112,45S rDNA
Chr2,2253000,2254000,537,7.99735604301038,1.47792557396305e-281,45S rDNA
Chr2,2254000,2255000,378,4.6851164980635,2.87141772389154e-125,45S rDNA
Chr2,2255000,2256000,4647,77.6900667528049,0,45S rDNA
Chr2,2256000,2257000,319,6.04633638544959,1.68222205465743e-134,45S rDNA
Chr2,2257000,2258000,599,14.4135792495763,0,45S rDNA
Chr2,2258000,2259000,220,4.71265066901653,1.0842889580555e-73,45S rDNA
Chr2,2259000,2260000,435,9.5564420564994,5.24860380375544e-258,45S rDNA
Chr2,2260000,2261000,360,7.88584810932876,3.96110367348113e-187,45S rDNA
Chr2,2261000,2262000,266,5.31341718342782,5.17333682793926e-100,45S rDNA
Chr2,2262000,2263000,601,9.63881945800096,0,45S rDNA
Chr2,2264000,2265000,1647,32.1784564007111,0,45S rDNA
Chr2,2265000,2266000,267,4.84271839914667,9.28467886339707e-92,45S rDNA
Chr2,2268000,2269000,369,8.56317683031071,2.27116677303696e-203,45S rDNA
Chr2,2269000,2270000,520,13.3348307692204,0,45S rDNA
Chr2,2270000,2271000,588,13.4451210894687,0,45S rDNA
Chr2,2271000,2272000,290,5.13565422148778,1.68129517777738e-105,45S rDNA
Chr2,2272000,2273000,713,7.86858518319229,0,45S rDNA
Chr2,2273000,2274000,1476,32.0288430587863,0,45S rDNA
Chr2,2274000,2275000,684,12.6490067163218,0,45S rDNA
Chr2,2275000,2276000,147,3.43183364523478,2.6309770849272e-34,45S rDNA
Chr2,2276000,2277000,228,4.89160894857559,2.91774179126498e-79,45S rDNA
Chr2,2277000,2278000,324,8.30968971505114,5.94113394263621e-175,45S rDNA
Chr2,2278000,2279000,387,9.42270136270611,1.61340221454341e-227,45S rDNA
Chr2,2279000,2280000,322,7.31808763513884,2.07236213867104e-158,45S rDNA
Chr2,2280000,2281000,168,3.82290642999524,8.41181051775333e-45,45S rDNA
Chr2,2281000,2282000,745,7.10409463264158,0,45S rDNA
Chr2,2282000,2283000,836,11.8210859893342,0,45S rDNA
Chr2,2283000,2284000,2111,34.1903046918824,0,45S rDNA
Chr2,2285000,2286000,305,5.54752434878288,3.26989299012501e-119,45S rDNA
Chr2,2286000,2287000,195,3.85060747948305,2.49034468217011e-52,45S rDNA
Chr2,2287000,2288000,775,18.055102796134,0,45S rDNA
Chr2,2288000,2289000,394,11.1893858765842,4.01602831324552e-258,45S rDNA
Chr2,2289000,2290000,275,6.30250603179962,3.24128704926432e-120,45S rDNA
Chr2,2290000,2291000,511,5.0716707282762,5.38429150274697e-183,45S rDNA
Chr2,2291000,2292000,308,3.80208449954864,6.16966049328735e-81,45S rDNA
Chr2,2292000,2293000,880,12.182113996025,0,45S rDNA
Chr2,2293000,2294000,627,10.321216451652,0,45S rDNA
Chr2,2294000,2295000,211,5.15562524351599,2.89887158872711e-77,45S rDNA
Chr2,2295000,2296000,263,5.86207056493861,4.24342977745106e-108,45S rDNA
Chr2,2296000,2297000,303,6.87573778059529,4.4848775059076e-142,45S rDNA
Chr2,2297000,2298000,348,8.05436822759575,1.03493496100677e-183,45S rDNA
Chr2,2298000,2299000,287,5.89826670094879,1.58873300677474e-118,45S rDNA
Chr2,2299000,2300000,222,5.04768166841336,1.2979679127681e-79,45S rDNA
Chr2,2300000,2301000,513,4.06940367830948,1.61668986123773e-145,45S rDNA
Chr2,2301000,2302000,333,4.59837602673262,2.43883806681301e-108,45S rDNA
Chr2,2302000,2303000,3980,82.5746241903543,0,45S rDNA
Chr2,2303000,2304000,437,7.34146684556769,3.44556091236367e-215,45S rDNA
Chr2,2304000,2305000,485,11.8600164779111,0,45S rDNA
Chr2,2305000,2306000,239,4.68916802834816,1.40627858694509e-79,45S rDNA
Chr2,2306000,2307000,254,7.23347085268824,4.98193715616244e-124,45S rDNA
Chr2,2307000,2308000,339,7.3071132050843,1.55578618030293e-166,45S rDNA
Chr2,2308000,2309000,300,6.78382455104481,3.51658646754001e-139,45S rDNA
Chr2,2309000,2310000,239,4.9519555561464,4.63547747053841e-84,45S rDNA
Chr2,2310000,2311000,605,7.07613432083474,3.01054335219864e-289,45S rDNA
Chr2,2311000,2312000,3986,73.5827614511828,0,45S rDNA
Chr2,2312000,2313000,1175,19.9379000236311,0,45S rDNA
Chr2,2313000,2314000,497,11.5456461512143,0,45S rDNA
Chr2,2314000,2315000,365,7.29278629137606,5.69087567434174e-179,45S rDNA
Chr2,2315000,2316000,334,7.2324328164453,8.26719758074002e-163,45S rDNA
Chr2,2316000,2317000,401,9.80591053122135,6.24454831824723e-242,45S rDNA
Chr2,2317000,2318000,318,6.87778599929085,4.22064281657942e-149,45S rDNA
Chr2,2318000,2319000,163,3.84255765990229,9.29543463303926e-44,45S rDNA
Chr2,2319000,2320000,795,7.31873661912398,0,45S rDNA
Chr2,2320000,2321000,1139,12.5990409718377,0,45S rDNA
Chr2,2321000,2322000,1881,37.9272739908323,0,45S rDNA
Chr2,2322000,2323000,169,3.26521257865023,9.07051832737936e-37,45S rDNA
Chr2,2323000,2324000,270,5.99506810806939,3.86159753565075e-113,45S rDNA
Chr2,2324000,2325000,149,3.37788397264885,4.87428377745945e-34,45S rDNA
Chr2,2325000,2326000,462,10.4950992420878,7.20792684289672e-291,45S rDNA
Chr2,2326000,2327000,266,5.23198150227493,1.43911007901746e-98,45S rDNA
Chr2,2327000,2328000,268,6.28968145579468,5.60551949977511e-117,45S rDNA
Chr2,2328000,2329000,760,10.8754866763478,0,45S rDNA
Chr2,2330000,2331000,4581,75.4959844763789,0,45S rDNA
Chr2,2331000,2332000,457,8.09523091277136,7.35526913883064e-242,45S rDNA
Chr2,2332000,2333000,591,13.5516394004662,0,45S rDNA
Chr2,2333000,2334000,241,4.07178990666406,7.4385284939082e-69,45S rDNA
Chr2,2334000,2335000,370,7.79610887585814,1.06725861425237e-190,45S rDNA
Chr2,2335000,2336000,429,11.0245356071658,1.83680873974545e-278,45S rDNA
Chr2,2336000,2337000,300,6.17145403438915,9.04063557735025e-129,45S rDNA
Chr2,2337000,2338000,412,7.06706174671127,4.59836385394886e-197,45S rDNA
Chr2,2338000,2339000,458,4.02080737332621,3.24711285015186e-128,45S rDNA
Chr2,2339000,2340000,2044,33.1011384737467,0,45S rDNA
Chr2,2340000,2341000,892,15.1339115455102,0,45S rDNA
Chr2,2341000,2342000,163,3.59631043935642,2.4820368505883e-40,45S rDNA
Chr2,2342000,2343000,272,5.68838770857191,7.79755170111813e-109,45S rDNA
Chr2,2343000,2344000,505,11.5052056082128,0,45S rDNA
Chr2,2344000,2345000,800,18.2905927140373,0,45S rDNA
Chr2,2345000,2346000,338,9.49730041823823,7.4901765133749e-200,45S rDNA
Chr2,2346000,2347000,217,5.6641235001306,1.16814559833552e-86,45S rDNA
Chr2,2347000,2348000,759,9.42199934128465,0,45S rDNA
Chr2,2348000,2349000,1482,20.3309225253445,0,45S rDNA
Chr2,2349000,2350000,3511,62.603234122032,0,45S rDNA
Chr2,2350000,2351000,306,6.77225320317585,9.3736406776386e-142,45S rDNA
Chr2,2351000,2352000,544,11.8923204922819,0,45S rDNA
Chr2,2352000,2353000,275,7.00585880776046,6.1642953050839e-131,45S rDNA
Chr2,2353000,2354000,465,10.2917379389914,3.47704336600273e-289,45S rDNA
Chr2,2354000,2355000,282,6.95796835382237,1.57880019910137e-133,45S rDNA
Chr2,2355000,2356000,271,6.35301329804254,2.86221391916351e-119,45S rDNA
Chr2,2356000,2357000,784,10.7568340197004,0,45S rDNA
Chr2,2358000,2359000,443,3.47195960820857,2.18141061193207e-103,45S rDNA
Chr2,2360000,2361000,2587,48.0336186859389,0,45S rDNA
Chr2,2361000,2362000,428,7.32644544301227,1.90202564127383e-210,45S rDNA
Chr2,2362000,2363000,330,8.03339612462825,6.27594940577886e-174,45S rDNA
Chr2,2363000,2364000,200,3.88439986176919,3.24544589315061e-54,45S rDNA
Chr2,2364000,2365000,299,6.54033200697073,1.09234469887446e-134,45S rDNA
Chr2,2365000,2366000,350,8.645899081554,3.13085678757194e-194,45S rDNA
Chr2,2366000,2367000,273,6.64096445966396,1.38871246977108e-124,45S rDNA
Chr2,2367000,2368000,164,4.14141307966647,5.11764612628796e-48,45S rDNA
Chr2,2368000,2369000,562,8.12283915157768,5.9835624085249e-298,45S rDNA
Chr2,2370000,2371000,2944,46.9936689817987,0,45S rDNA
Chr2,2371000,2372000,2225,37.8686883234017,0,45S rDNA
Chr2,2372000,2373000,308,6.01142641127759,3.01537232040171e-129,45S rDNA
Chr2,2373000,2374000,618,11.3932332764042,0,45S rDNA
Chr2,2374000,2375000,272,6.48466037917938,9.47495995033792e-122,45S rDNA
Chr2,2375000,2376000,442,8.87555368535688,1.64071027438253e-249,45S rDNA
Chr2,2376000,2377000,294,7.18805383762859,9.70289336112357e-143,45S rDNA
Chr2,2377000,2378000,242,5.79948245964703,1.34458459586216e-98,45S rDNA
Chr2,2378000,2379000,814,11.4012944810386,0,45S rDNA
Chr2,2379000,2380000,359,3.91985529853752,1.00680054014365e-97,45S rDNA
Chr2,2380000,2381000,508,4.89543201871464,1.06850027060311e-175,45S rDNA
Chr2,2381000,2382000,852,8.02918835821868,0,45S rDNA
Chr2,2382000,2383000,252,4.27912605230256,4.32543716535404e-76,45S rDNA
Chr2,2383000,2384000,1771,35.9027580252807,0,45S rDNA
Chr2,2385000,2386000,173,3.87610549107224,7.02566856894236e-47,45S rDNA
Chr2,2386000,2387000,197,4.07604256598698,1.69586679364205e-56,45S rDNA
Chr2,2387000,2388000,430,9.5902463784884,1.2157165724069e-255,45S rDNA
Chr2,2388000,2389000,292,8.05886061644204,2.36114394367132e-154,45S rDNA
Chr2,2389000,2390000,263,6.23408925103938,5.8545740926775e-114,45S rDNA
Chr2,2390000,2391000,758,11.9660221106839,0,45S rDNA
Chr2,2391000,2392000,337,6.23809010319188,7.27692642639033e-146,45S rDNA
Chr2,2392000,2393000,212,3.26219725618722,7.14620874332676e-46,45S rDNA
Chr2,2393000,2394000,939,15.3467201742253,0,45S rDNA
Chr2,2394000,2395000,220,3.49725529241135,2.97884196774571e-52,45S rDNA
Chr2,2395000,2396000,408,8.33919380308711,1.22927970811823e-220,45S rDNA
Chr2,2396000,2397000,183,3.60086100587074,2.92353798207454e-45,45S rDNA
Chr2,2397000,2398000,395,10.84845019629,5.90610654050584e-254,45S rDNA
Chr2,2398000,2399000,404,9.70676212730104,3.89868233157195e-242,45S rDNA
Chr2,2399000,2400000,300,7.74775421345139,4.38304746814209e-154,45S rDNA
Chr2,2400000,2401000,565,10.7374922791499,0,45S rDNA
Chr2,2401000,2402000,520,8.68120612202332,5.82433031297468e-289,45S rDNA
Chr2,2403000,2404000,814,11.4925530793177,0,45S rDNA
Chr2,2406000,2407000,213,4.43251591606459,6.02119538464178e-67,45S rDNA
Chr2,2407000,2408000,422,9.62630101583734,1.62315479316613e-251,45S rDNA
Chr2,2408000,2409000,637,16.2529349612881,0,45S rDNA
Chr2,2409000,2410000,567,11.9125318871294,0,45S rDNA
Chr2,2410000,2411000,594,10.8345453272683,0,45S rDNA
Chr2,2411000,2412000,529,8.09128592980242,1.00877414256038e-279,45S rDNA
Chr2,2413000,2414000,1870,24.5437231977803,0,45S rDNA
Chr2,2414000,2415000,1082,18.9054398955648,0,45S rDNA
Chr2,2415000,2416000,161,3.51787361407575,9.75158894272653e-39,45S rDNA
Chr2,2416000,2417000,307,5.79529531326239,8.83835841508143e-125,45S rDNA
Chr2,2417000,2418000,168,3.92965659201988,2.72181551032136e-46,45S rDNA
Chr2,2418000,2419000,162,3.57720387777473,8.08844845142905e-40,45S rDNA
Chr2,2421000,2422000,1003,12.5368405308242,0,45S rDNA
Chr2,2422000,2423000,325,5.50960158216392,3.52450474873084e-126,45S rDNA
Chr2,2424000,2425000,3378,60.493067745581,0,45S rDNA
Chr2,2425000,2426000,299,5.41624942940641,2.42112118677268e-114,45S rDNA
Chr2,2426000,2427000,412,9.55440880073446,2.2246631692431e-244,45S rDNA
Chr2,2427000,2428000,186,4.02720664152475,1.18833576050581e-52,45S rDNA
Chr2,2428000,2429000,388,9.13648128954676,1.79974506286501e-223,45S rDNA
Chr2,2429000,2430000,423,10.6710474841699,3.743977448562e-269,45S rDNA
Chr2,2430000,2431000,338,8.35926689066676,3.05584934094074e-183,45S rDNA
Chr2,2431000,2432000,626,10.8054000531203,0,45S rDNA
Chr2,2432000,2433000,488,8.25679787122628,7.10612157550697e-262,45S rDNA
Chr2,2434000,2435000,4429,96.5267276453257,0,45S rDNA
Chr2,2435000,2436000,1575,28.396803042061,0,45S rDNA
Chr2,2436000,2437000,194,3.96196898519466,7.48027020523381e-54,45S rDNA
Chr2,2437000,2438000,353,7.44849230744953,6.52365403863801e-176,45S rDNA
Chr2,2438000,2439000,310,7.36473363610194,2.81019600366398e-153,45S rDNA
Chr2,2439000,2440000,399,8.65257642779008,2.01304822952368e-221,45S rDNA
Chr2,2440000,2441000,310,7.28776542407598,4.66342217291187e-152,45S rDNA
Chr2,2441000,2442000,243,5.8957860312388,1.92846885902284e-100,45S rDNA
Chr2,2442000,2443000,949,13.18882846572,0,45S rDNA
Chr2,2443000,2444000,207,3.77601891182195,3.31088343597531e-54,45S rDNA
Chr2,2445000,2446000,3478,64.8084929029487,0,45S rDNA
Chr2,2446000,2447000,253,4.17448371249209,2.5850608956312e-74,45S rDNA
Chr2,2447000,2448000,390,8.59898324465614,1.6141843544731e-215,45S rDNA
Chr2,2448000,2449000,201,3.86984620320165,3.07132855603357e-54,45S rDNA
Chr2,2449000,2450000,373,7.744395581083,2.67159794436763e-191,45S rDNA
Chr2,2450000,2451000,452,9.83975315954591,3.40876875758286e-273,45S rDNA
Chr2,2451000,2452000,318,7.10657209381434,5.7154829237227e-153,45S rDNA
Chr2,2452000,2453000,721,11.2906738284091,0,45S rDNA
Chr2,2453000,2454000,569,9.59404727251504,0,45S rDNA
Chr2,2455000,2456000,478,9.43101814551386,5.67773044306713e-281,45S rDNA
Chr2,2456000,2457000,380,5.61700739609583,5.34113298205514e-150,45S rDNA
Chr2,2460000,2461000,393,8.73729858613043,1.41270684325977e-219,45S rDNA
Chr2,2461000,2462000,365,7.56495870796502,5.45758689302457e-184,45S rDNA
Chr2,2462000,2463000,204,4.60623714550489,8.41099349410139e-67,45S rDNA
Chr2,2463000,2464000,888,12.0410002615408,0,45S rDNA
Chr2,2465000,2466000,377,6.1769491992876,1.01136973653219e-161,45S rDNA
Chr2,2466000,2467000,3214,63.1451548543795,0,45S rDNA
Chr2,2467000,2468000,196,3.55221888377445,1.37939384050065e-47,45S rDNA
Chr2,2468000,2469000,367,7.49506503900228,1.03487927961605e-183,45S rDNA
Chr2,2469000,2470000,223,4.82857874315977,1.52474886478177e-76,45S rDNA
Chr2,2470000,2471000,434,10.4075767493566,7.20921675696933e-272,45S rDNA
Chr2,2471000,2472000,333,7.66026147714231,1.65549697967916e-169,45S rDNA
Chr2,2472000,2473000,287,7.19438616005667,1.87012486098632e-139,45S rDNA
Chr2,2473000,2474000,923,13.283474751791,0,45S rDNA
Chr2,2474000,2475000,357,6.01338630167713,1.02222267975021e-149,45S rDNA
Chr2,2476000,2477000,598,11.6743810226815,0,45S rDNA
Chr2,2477000,2478000,273,4.11528781741092,7.69460532280507e-79,45S rDNA
Chr2,2481000,2482000,470,11.0615324012843,1.29428274507147e-305,45S rDNA
Chr2,2482000,2483000,333,7.44843926435054,5.39219144563895e-166,45S rDNA
Chr2,2483000,2484000,521,9.88347238207033,1.11253698666534e-308,45S rDNA
Chr2,2484000,2485000,445,6.80309084415524,1.7252301508226e-206,45S rDNA
Chr2,2486000,2487000,1650,28.356002287198,0,45S rDNA
Chr2,2487000,2488000,2058,36.618731008839,0,45S rDNA
Chr2,2488000,2489000,203,4.06552290118977,5.06711100132783e-58,45S rDNA
Chr2,2489000,2490000,364,6.6299883246793,1.32718609458976e-165,45S rDNA
Chr2,2490000,2491000,307,7.7628044767672,6.94429123926356e-158,45S rDNA
Chr2,2491000,2492000,442,11.3164870187363,1.94735085523197e-291,45S rDNA
Chr2,2492000,2493000,300,7.09558635036626,3.47497939099173e-144,45S rDNA
Chr2,2493000,2494000,332,7.14661079153743,2.3268020081959e-160,45S rDNA
Chr2,2494000,2495000,1057,13.8936039066044,0,45S rDNA
Chr2,2496000,2497000,3462,73.1696190284795,0,45S rDNA
Chr2,2497000,2498000,261,4.88502911013205,1.69387176161463e-90,45S rDNA
Chr2,2498000,2499000,389,8.1732241058511,2.02059133824915e-207,45S rDNA
Chr2,2499000,2500000,195,3.91058638993678,2.65905378251076e-53,45S rDNA
Chr2,2500000,2501000,398,11.1300996804697,6.71786485530892e-260,45S rDNA
Chr2,2501000,2502000,491,11.6627118369712,0,45S rDNA
Chr2,2502000,2503000,370,8.72493857290531,1.41783718709132e-206,45S rDNA
Chr2,2503000,2504000,823,15.1676535381207,0,45S rDNA
Chr2,2504000,2505000,373,3.59249197270309,3.79395960482653e-91,45S rDNA
Chr2,2505000,2506000,869,15.2056558102419,0,45S rDNA
Chr2,2506000,2507000,343,6.88620891740125,6.58043751025538e-161,45S rDNA
Chr2,2507000,2508000,283,6.76180417612964,5.31936598015576e-131,45S rDNA
Chr2,2508000,2509000,260,4.75213510819846,1.09354332198053e-87,45S rDNA
Chr2,2509000,2510000,318,8.19675886474002,4.53598201423833e-170,45S rDNA
Chr2,2510000,2511000,381,8.89630862393253,1.53344433875496e-215,45S rDNA
Chr2,2511000,2512000,280,6.69052351675879,1.59069964264297e-128,45S rDNA
Chr2,2512000,2513000,157,3.50448312113577,1.31559034487159e-37,45S rDNA
Chr2,2513000,2514000,664,8.76151638381201,0,45S rDNA
Chr2,2514000,2515000,177,3.09482519571864,1.1960623765619e-35,45S rDNA
Chr2,2515000,2516000,375,4.97899249450171,3.9566104643346e-132,45S rDNA
Chr2,2516000,2517000,5142,91.5178489539275,0,45S rDNA
Chr2,2517000,2518000,445,8.81641525478821,4.70443004765755e-250,45S rDNA
Chr2,2518000,2519000,825,17.3339585792472,0,45S rDNA
Chr2,2519000,2520000,191,4.46269195953044,1.49981852072929e-60,45S rDNA
Chr2,2520000,2521000,445,9.96754040609028,3.23355342949576e-271,45S rDNA
Chr2,2521000,2522000,329,8.43144492576384,1.81422792289506e-179,45S rDNA
Chr2,2522000,2523000,336,7.61810436491464,2.5057647120981e-170,45S rDNA
Chr2,2523000,2524000,767,12.0378574888345,0,45S rDNA
Chr2,2524000,2525000,342,6.62112690798276,1.76053098863338e-155,45S rDNA
Chr2,2526000,2527000,1554,31.8584670147619,0,45S rDNA
Chr2,2527000,2528000,541,8.78064573665918,5.81305166977902e-303,45S rDNA
Chr2,2528000,2529000,169,3.48769536542353,3.57104141184799e-40,45S rDNA
Chr2,2529000,2530000,162,3.28965604603353,1.21891804961027e-35,45S rDNA
Chr2,2530000,2531000,414,10.1473573842424,2.82579484507224e-255,45S rDNA
Chr2,2531000,2532000,458,10.1508360173827,2.25699177255695e-282,45S rDNA
Chr2,2532000,2533000,499,10.6765825017545,1.11253693018338e-308,45S rDNA
Chr2,2533000,2534000,291,7.38200366735871,3.43516323503489e-144,45S rDNA
Chr2,2534000,2535000,666,9.09512355191944,0,45S rDNA
Chr2,2536000,2537000,488,7.33390089789326,5.19351755741566e-240,45S rDNA
Chr2,2537000,2538000,4987,83.8997662842468,0,45S rDNA
Chr2,2538000,2539000,473,9.12772001331642,4.64252102470306e-272,45S rDNA
Chr2,2539000,2540000,836,16.1490588556531,0,45S rDNA
Chr2,2541000,2542000,425,9.01094379371175,1.98344037027805e-242,45S rDNA
Chr2,2542000,2543000,318,8.55357061701407,3.02424799302515e-175,45S rDNA
Chr2,2543000,2544000,312,8.7495467557336,1.14822670694477e-174,45S rDNA
Chr2,2544000,2545000,800,12.3739000348026,0,45S rDNA
Chr2,2545000,2546000,192,3.59123445827179,2.74939820452618e-47,45S rDNA
Chr2,2547000,2548000,3112,49.6971664452453,0,45S rDNA
Chr2,2548000,2549000,355,6.56218078120422,3.44475610436443e-160,45S rDNA
Chr2,2549000,2550000,358,7.42564285717562,5.59208887521104e-178,45S rDNA
Chr2,2550000,2551000,168,3.02940155560442,8.01146321747978e-33,45S rDNA
Chr2,2551000,2552000,351,10.0158054554347,9.00073950506643e-215,45S rDNA
Chr2,2552000,2553000,409,9.51459508135183,6.07164331815391e-242,45S rDNA
Chr2,2553000,2554000,315,7.03952896085382,2.01557828021773e-150,45S rDNA
Chr2,2554000,2555000,274,5.89019000020509,4.6559722483991e-113,45S rDNA
Chr2,2555000,2556000,620,8.84996760920196,0,45S rDNA
Chr2,2556000,2557000,221,4.35221671468661,4.4515534832657e-68,45S rDNA
Chr2,2558000,2559000,3556,72.1148907335471,0,45S rDNA
Chr2,2559000,2560000,250,4.80054596383042,3.25048406451664e-85,45S rDNA
Chr2,2560000,2561000,376,8.61724461075148,4.04830278959926e-208,45S rDNA
Chr2,2561000,2562000,205,4.5726036008573,1.29210417742765e-66,45S rDNA
Chr2,2562000,2563000,390,9.90847307886774,6.69376971396169e-237,45S rDNA
Chr2,2563000,2564000,469,10.1000078957295,3.2511785797483e-288,45S rDNA
Chr2,2564000,2565000,334,7.42971751160501,3.56203511917464e-166,45S rDNA
Chr2,2565000,2566000,870,14.1422306691911,0,45S rDNA
Chr2,2567000,2568000,1283,19.0696852939882,0,45S rDNA
Chr2,2568000,2569000,444,8.903212558169,3.62420223055146e-251,45S rDNA
Chr2,2569000,2570000,126,3.04544827699186,5.48765994767239e-25,45S rDNA
Chr2,2571000,2572000,322,7.86063089598074,4.43803349788497e-167,45S rDNA
Chr2,2572000,2573000,394,9.765949701248,4.26229798242964e-237,45S rDNA
Chr2,2573000,2574000,321,7.88525546123466,6.06479133592426e-167,45S rDNA
Chr2,2574000,2575000,150,3.14009466527292,5.78109943628695e-31,45S rDNA
Chr2,2575000,2576000,529,6.98824424514576,1.44770015113391e-250,45S rDNA
Chr2,2576000,2577000,450,6.9970786372578,1.70841797707592e-213,45S rDNA
Chr2,2577000,2578000,432,5.41696420858401,7.77918719460154e-165,45S rDNA
Chr2,2578000,2579000,2135,39.7148621184085,0,45S rDNA
Chr2,2579000,2580000,159,3.0078534490426,8.9779753116423e-31,45S rDNA
Chr2,2580000,2581000,307,7.18307771224266,6.19727655079124e-149,45S rDNA
Chr2,2582000,2583000,196,5.04591858800418,2.33261611818686e-70,45S rDNA
Chr2,2585000,2586000,1006,14.9447690935211,0,45S rDNA
Chr2,2587000,2588000,5038,97.1318874417558,0,45S rDNA
Chr2,2588000,2589000,626,10.5751778344541,0,45S rDNA
Chr2,2589000,2590000,916,20.9104907058193,0,45S rDNA
Chr2,2590000,2591000,187,3.73649066118411,2.04343363770433e-48,45S rDNA
Chr2,2591000,2592000,450,10.0385409765461,1.68257555774709e-275,45S rDNA
Chr2,2592000,2593000,600,13.3208961824619,0,45S rDNA
Chr2,2593000,2594000,706,17.2621629245435,0,45S rDNA
Chr2,2594000,2595000,509,8.62632711061307,1.25735399062927e-281,45S rDNA
Chr2,2595000,2596000,514,8.41508050881549,1.6632759444955e-279,45S rDNA
Chr2,2597000,2598000,850,11.5629322242472,0,45S rDNA
Chr2,2598000,2599000,956,17.3410421532172,0,45S rDNA
Chr2,2601000,2602000,251,6.19117774752314,3.64496144478989e-108,45S rDNA
Chr2,2602000,2603000,404,10.1310948112652,7.07671542455109e-249,45S rDNA
Chr2,2603000,2604000,257,5.34176764960809,3.86814615804932e-97,45S rDNA
Chr2,2604000,2605000,230,5.42297171609755,3.032403314458e-88,45S rDNA
Chr2,2605000,2606000,788,10.2717811943849,0,45S rDNA
Chr2,2606000,2607000,253,5.38956140939804,1.95381234671931e-96,45S rDNA
Chr2,2608000,2609000,3251,49.75397323048,0,45S rDNA
Chr2,2609000,2610000,736,12.3879649495506,0,45S rDNA
Chr2,2610000,2611000,367,8.84165133301316,8.81383951722152e-207,45S rDNA
Chr2,2611000,2612000,214,4.04105087147472,1.06172780936107e-60,45S rDNA
Chr2,2612000,2613000,389,10.308215207492,2.62130431512311e-242,45S rDNA
Chr2,2613000,2614000,462,11.9685959653882,1.11253730437676e-308,45S rDNA
Chr2,2614000,2615000,424,10.6526491564595,1.68646662087355e-269,45S rDNA
Chr2,2615000,2616000,286,6.15707974605269,1.46808671263798e-122,45S rDNA
Chr2,2616000,2617000,944,9.03850683271007,0,45S rDNA
Chr2,2617000,2618000,745,13.2855713545905,0,45S rDNA
Chr2,2618000,2619000,1742,32.0750326295657,0,45S rDNA
Chr2,2620000,2621000,231,4.98777554036453,7.53094287108902e-82,45S rDNA
Chr2,2621000,2622000,164,3.82514392678928,8.78183013320921e-44,45S rDNA
Chr2,2622000,2623000,434,10.2564663273332,2.2088355425589e-269,45S rDNA
Chr2,2623000,2624000,265,5.60612054229722,1.12099327012414e-104,45S rDNA
Chr2,2624000,2625000,259,7.01940028953246,1.48933232932558e-123,45S rDNA
Chr2,2625000,2626000,641,9.74333475432764,0,45S rDNA
Chr2,2626000,2627000,238,3.88155827399202,2.62081247666372e-64,45S rDNA
Chr2,2628000,2629000,3375,60.2211804772813,0,45S rDNA
Chr2,2629000,2630000,321,5.54820271165177,1.9636741289043e-125,45S rDNA
Chr2,2630000,2631000,361,9.60565002180832,5.50338873275845e-215,45S rDNA
Chr2,2631000,2632000,167,3.30356492290129,6.23443705534e-37,45S rDNA
Chr2,2632000,2633000,396,8.99426849789906,1.15548225872579e-225,45S rDNA
Chr2,2633000,2634000,463,11.2294520067109,7.86644483862318e-304,45S rDNA
Chr2,2634000,2635000,353,8.18191548631909,1.90164563595676e-188,45S rDNA
Chr2,2635000,2636000,554,10.5509789532985,0,45S rDNA
Chr2,2636000,2637000,617,8.85449373113762,0,45S rDNA
Chr2,2637000,2638000,247,4.31424588311545,2.86809895848863e-75,45S rDNA
Chr2,2638000,2639000,2516,41.0219198380136,0,45S rDNA
Chr2,2639000,2640000,2975,55.7783159210398,0,45S rDNA
Chr2,2640000,2641000,196,4.37404814397664,8.55003007996268e-61,45S rDNA
Chr2,2641000,2642000,400,8.40169832138001,1.80849859917239e-217,45S rDNA
Chr2,2642000,2643000,272,6.56676943432727,5.23861752612048e-123,45S rDNA
Chr2,2643000,2644000,431,10.3991622278249,7.36829752243165e-270,45S rDNA
Chr2,2644000,2645000,276,5.41431026501996,1.41647960321727e-105,45S rDNA
Chr2,2645000,2646000,271,6.14958725591196,4.69177532513983e-116,45S rDNA
Chr2,2646000,2647000,847,11.5068752850147,0,45S rDNA
Chr2,2647000,2648000,166,3.00837574303856,4.18835926313083e-32,45S rDNA
Chr2,2649000,2650000,2986,60.6168200225607,0,45S rDNA
Chr2,2650000,2651000,267,4.81610286420226,2.97751551120636e-91,45S rDNA
Chr2,2651000,2652000,357,7.96701626224317,5.81274603435424e-187,45S rDNA
Chr2,2652000,2653000,192,3.78092539459127,2.05221286627636e-50,45S rDNA
Chr2,2653000,2654000,347,8.4160255860231,5.40930822145274e-189,45S rDNA
Chr2,2654000,2655000,401,9.72277940161187,1.33359550902958e-240,45S rDNA
Chr2,2655000,2656000,266,5.56174660270552,2.57402399954487e-104,45S rDNA
Chr2,2656000,2657000,401,6.93392550691909,5.44637152333322e-189,45S rDNA
Chr2,2657000,2658000,421,7.1075624148603,3.0141201031471e-202,45S rDNA
Chr2,2658000,2659000,216,3.44556991969453,2.53324681264959e-50,45S rDNA
Chr2,2659000,2660000,624,11.422852702269,0,45S rDNA
Chr2,2660000,2661000,6438,109.187197731459,0,45S rDNA
Chr2,2661000,2662000,190,3.90577822018287,7.03049082472662e-52,45S rDNA
Chr2,2662000,2663000,231,4.49280174967309,1.37617979979584e-73,45S rDNA
Chr2,2663000,2664000,189,4.41158588288275,3.42072770368396e-59,45S rDNA
Chr2,2664000,2665000,945,23.0047252659809,0,45S rDNA
Chr2,2665000,2666000,592,15.1143997416752,0,45S rDNA
Chr2,2666000,2667000,265,6.50364961716577,6.36619681736086e-119,45S rDNA
Chr2,2667000,2668000,525,6.31191650610627,5.46263882442864e-229,45S rDNA
Chr2,2670000,2671000,1129,20.7251075426861,0,45S rDNA
Chr2,2671000,2672000,786,13.5414782097336,0,45S rDNA
Chr2,2673000,2674000,178,4.17429430243106,1.62343662557568e-52,45S rDNA
Chr2,2674000,2675000,295,7.61665989402854,1.24148068087934e-149,45S rDNA
Chr2,2675000,2676000,418,10.2222467464721,6.19074129837199e-259,45S rDNA
Chr2,2676000,2677000,308,7.38779205818964,1.17678007032516e-152,45S rDNA
Chr2,2677000,2678000,231,5.93552651097477,4.41935104653799e-96,45S rDNA
Chr2,2678000,2679000,698,9.89842211972075,0,45S rDNA
Chr2,2679000,2680000,162,3.5106044225626,7.19615749122145e-39,45S rDNA
Chr2,2681000,2682000,1308,31.9132502942251,0,45S rDNA
Chr2,2682000,2683000,270,4.09736832263844,1.35342963494278e-77,45S rDNA
Chr2,2683000,2684000,278,5.54924446357369,9.22066967211766e-109,45S rDNA
Chr2,2685000,2686000,259,6.79406576765936,2.03075781978679e-120,45S rDNA
Chr2,2686000,2687000,327,7.49253720427078,9.57486130884754e-164,45S rDNA
Chr2,2687000,2688000,241,5.50595395401298,1.00444301875614e-93,45S rDNA
Chr2,2688000,2689000,325,6.67271458153675,1.00012729120292e-148,45S rDNA
Chr2,2689000,2690000,489,6.69278843139023,7.27297569485711e-224,45S rDNA
Chr2,2691000,2692000,2289,43.9812185571488,0,45S rDNA
Chr2,2692000,2693000,540,9.42414359001136,1.11253693112682e-308,45S rDNA
Chr2,2693000,2694000,338,8.22764489998752,3.38904144643458e-181,45S rDNA
Chr2,2694000,2695000,217,4.04260245158905,1.44210423568154e-61,45S rDNA
Chr2,2695000,2696000,291,6.4250094229716,3.29769070671739e-129,45S rDNA
Chr2,2696000,2697000,321,7.41659919319821,1.5727811285449e-159,45S rDNA
Chr2,2697000,2698000,246,5.25414032574744,1.38835989770784e-91,45S rDNA
Chr2,2698000,2699000,134,3.00751836651662,4.84518508563519e-26,45S rDNA
Chr2,2699000,2700000,603,7.72396987952124,4.12088925578988e-308,45S rDNA
Chr2,2701000,2702000,2158,38.20283392285,0,45S rDNA
Chr2,2702000,2703000,693,12.1840664293299,0,45S rDNA
Chr2,2703000,2704000,469,11.1032606164074,1.15802621171989e-305,45S rDNA
Chr2,2704000,2705000,681,12.2297758166732,0,45S rDNA
Chr2,2705000,2706000,641,15.812884239942,0,45S rDNA
Chr2,2706000,2707000,303,6.45881564834987,4.39733677226922e-135,45S rDNA
Chr2,2707000,2708000,271,6.73804440701481,3.9629532799127e-125,45S rDNA
Chr2,2708000,2709000,165,3.62804226957401,2.84137375082566e-41,45S rDNA
Chr2,2709000,2710000,691,9.85956528351711,0,45S rDNA
Chr2,2711000,2712000,269,5.01740621675428,9.75369980973169e-96,45S rDNA
Chr2,2712000,2713000,1107,21.360279460775,0,45S rDNA
Chr2,2714000,2715000,236,4.19662163295624,8.68479423367782e-70,45S rDNA
Chr2,2715000,2716000,239,5.64847958461393,3.96303069776996e-95,45S rDNA
Chr2,2716000,2717000,496,10.727615898265,1.11253693798347e-308,45S rDNA
Chr2,2717000,2718000,397,9.30408915933355,1.99316401276809e-231,45S rDNA
Chr2,2718000,2719000,556,13.0863266746796,0,45S rDNA
Chr2,2719000,2720000,744,10.7054490130761,0,45S rDNA
Chr2,2722000,2723000,5295,85.4515678687854,0,45S rDNA
Chr2,2723000,2724000,383,6.28245424656687,1.21476076982932e-166,45S rDNA
Chr2,2724000,2725000,389,8.83227285427867,5.739848616015e-219,45S rDNA
Chr2,2725000,2726000,193,3.58398849763359,2.0854376322151e-47,45S rDNA
Chr2,2726000,2727000,403,10.1716330631443,6.8308293316379e-249,45S rDNA
Chr2,2727000,2728000,493,11.6914914304268,0,45S rDNA
Chr2,2728000,2729000,550,13.3646174149255,0,45S rDNA
Chr2,2729000,2730000,474,11.7627187167061,1.11253692925843e-308,45S rDNA
Chr2,2730000,2731000,806,5.06784714165044,6.86111258395189e-288,45S rDNA
Chr2,2731000,2732000,417,6.24157758746354,2.3053381549521e-180,45S rDNA
Chr2,2732000,2733000,2033,36.8052269949869,0,45S rDNA
Chr2,2733000,2734000,188,3.81878755566252,5.58986074430096e-50,45S rDNA
Chr2,2734000,2735000,349,6.86957891432296,2.14706989463311e-163,45S rDNA
Chr2,2735000,2736000,207,4.57971130039185,2.28970430156673e-67,45S rDNA
Chr2,2736000,2737000,401,10.7205701434345,6.27711708108584e-256,45S rDNA
Chr2,2737000,2738000,234,5.89273719709266,1.04262882723061e-96,45S rDNA
Chr2,2738000,2739000,255,6.32177599693814,8.12817740501069e-112,45S rDNA
Chr2,2739000,2740000,734,11.233716470811,0,45S rDNA
Chr2,2740000,2741000,178,3.29703015773271,3.29868669604114e-39,45S rDNA
Chr2,2742000,2743000,4475,78.9899321740644,0,45S rDNA
Chr2,2743000,2744000,423,6.82066952596424,9.95954946617978e-197,45S rDNA
Chr2,2744000,2745000,492,12.761465140479,0,45S rDNA
Chr2,2745000,2746000,213,3.92372279816888,2.217339303696e-58,45S rDNA
Chr2,2746000,2747000,312,7.60353186721634,5.31000976269607e-158,45S rDNA
Chr2,2747000,2748000,388,8.6588299993007,1.89011019644503e-215,45S rDNA
Chr2,2748000,2749000,280,6.67936267919732,2.36554350504536e-128,45S rDNA
Chr2,2749000,2750000,385,6.79937879473358,1.08231285162378e-178,45S rDNA
Chr2,2750000,2751000,366,3.58579464182944,3.07460603433127e-89,45S rDNA
Chr2,2751000,2752000,190,3.0819018907321,5.58903643792262e-38,45S rDNA
Chr2,2752000,2753000,1562,29.4778220656702,0,45S rDNA
Chr2,2753000,2754000,2195,39.197513306744,0,45S rDNA
Chr2,2754000,2755000,207,4.45730654017165,1.79850946903661e-65,45S rDNA
Chr2,2755000,2756000,368,7.98248275055148,5.76284635299109e-193,45S rDNA
Chr2,2756000,2757000,301,6.49536972584756,8.05532658767843e-135,45S rDNA
Chr2,2757000,2758000,416,9.81081623892602,5.01339888079361e-251,45S rDNA
Chr2,2758000,2759000,311,7.38410962052972,4.47916464609696e-154,45S rDNA
Chr2,2759000,2760000,365,8.2958186569323,9.53058635495655e-197,45S rDNA
Chr2,2760000,2761000,1116,16.8223014919363,0,45S rDNA
Chr2,2762000,2763000,2354,43.3316876363667,0,45S rDNA
Chr2,2763000,2764000,201,3.57598824704456,3.3603252157038e-49,45S rDNA
Chr2,2764000,2765000,313,7.43071460429951,8.47079274155634e-156,45S rDNA
Chr2,2766000,2767000,356,8.70018321773778,2.11531149002347e-198,45S rDNA
Chr2,2767000,2768000,391,9.05534962465768,7.59594523222941e-224,45S rDNA
Chr2,2768000,2769000,286,5.79150994774865,3.0925190833395e-116,45S rDNA
Chr2,2769000,2770000,458,8.20771621939914,8.60215436532613e-245,45S rDNA
Chr2,2770000,2771000,393,7.12546402536719,3.19634631907917e-189,45S rDNA
Chr2,2772000,2773000,2500,46.199743590618,0,45S rDNA
Chr2,2773000,2774000,1068,17.817975229927,0,45S rDNA
Chr2,2774000,2775000,218,5.27707263344143,1.39412593223338e-81,45S rDNA
Chr2,2775000,2776000,346,6.41090987792245,3.43145662891989e-153,45S rDNA
Chr2,2776000,2777000,310,7.84113838931536,1.35117851603226e-160,45S rDNA
Chr2,2777000,2778000,405,9.33853122886398,1.18387058114464e-236,45S rDNA
Chr2,2778000,2779000,318,6.94683028015011,2.79959076519451e-150,45S rDNA
Chr2,2779000,2780000,228,5.2575499773823,5.42530261457814e-85,45S rDNA
Chr2,2780000,2781000,839,11.4514215903064,0,45S rDNA
Chr2,2782000,2783000,399,4.31927033531729,3.10481845638246e-121,45S rDNA
Chr2,2783000,2784000,5080,92.4065057139712,0,45S rDNA
Chr2,2784000,2785000,214,4.06964819181904,3.40761968593872e-61,45S rDNA
Chr2,2785000,2786000,369,7.910325143494,3.22738177160395e-192,45S rDNA
Chr2,2786000,2787000,187,4.36795801886993,5.95322177269756e-58,45S rDNA
Chr2,2787000,2788000,403,11.5946530799541,1.12618652139211e-269,45S rDNA
Chr2,2788000,2789000,428,10.2532538804296,1.28673456464326e-265,45S rDNA
Chr2,2789000,2790000,287,6.64599676910446,5.20277984533477e-131,45S rDNA
Chr2,2790000,2791000,641,10.719580841937,0,45S rDNA
Chr2,2791000,2792000,342,6.00053226023835,3.37915646032412e-143,45S rDNA
Chr2,2793000,2794000,1007,15.917522613218,0,45S rDNA
Chr2,2794000,2795000,635,10.640573361456,0,45S rDNA
Chr2,2795000,2796000,279,6.05357638628893,7.27299376460102e-118,45S rDNA
Chr2,2796000,2797000,255,5.05861098526297,1.59942644866607e-91,45S rDNA
Chr2,2797000,2798000,332,7.86825139587972,2.3112445874781e-172,45S rDNA
Chr2,2798000,2799000,358,8.12749388869525,3.40331942780481e-190,45S rDNA
Chr2,2799000,2800000,291,6.71764461721475,5.65073346989639e-134,45S rDNA
Chr2,2800000,2801000,158,3.28165899806435,1.15913936403615e-34,45S rDNA
Chr2,2801000,2802000,545,4.00683313272349,8.80517433130196e-152,45S rDNA
Chr2,2803000,2804000,1979,41.9947741167821,0,45S rDNA
Chr2,2804000,2805000,754,13.807663803539,0,45S rDNA
Chr2,2805000,2806000,185,3.92199547222778,8.79205256115831e-51,45S rDNA
Chr2,2806000,2807000,337,6.85233226803492,1.70908248630938e-157,45S rDNA
Chr2,2807000,2808000,269,5.54941827271184,2.85509660807616e-105,45S rDNA
Chr2,2808000,2809000,319,7.35214736330067,1.69497960541981e-157,45S rDNA
Chr2,2809000,2810000,230,5.84494197021888,2.14539105771026e-94,45S rDNA
Chr2,2810000,2811000,177,4.14380500391491,8.48409083738734e-52,45S rDNA
Chr2,2811000,2812000,656,9.82770169359697,0,45S rDNA
Chr2,2813000,2814000,364,4.81505941198669,4.51148460859531e-124,45S rDNA
Chr2,2814000,2815000,4887,94.3387351166695,0,45S rDNA
Chr2,2815000,2816000,374,7.30350530232817,1.44509963262935e-183,45S rDNA
Chr2,2816000,2817000,604,12.7025567730293,0,45S rDNA
Chr2,2817000,2818000,255,5.23873802599014,1.21379580614962e-94,45S rDNA
Chr2,2818000,2819000,736,18.9211748433297,0,45S rDNA
Chr2,2819000,2820000,503,15.1090158056142,0,45S rDNA
Chr2,2820000,2821000,253,5.85054555304912,7.69031004160024e-104,45S rDNA
Chr2,2821000,2822000,470,5.04422243870079,1.68660468201117e-167,45S rDNA
Chr2,2822000,2823000,248,3.01302231884849,1.0609912747905e-47,45S rDNA
Chr2,2824000,2825000,3309,64.1305242022563,0,45S rDNA
Chr2,2825000,2826000,1181,21.8086542675889,0,45S rDNA
Chr2,2826000,2827000,319,7.17618159124797,1.31926765317183e-154,45S rDNA
Chr2,2827000,2828000,412,7.99062350949292,4.28469882180629e-216,45S rDNA
Chr2,2828000,2829000,806,20.1225572906498,0,45S rDNA
Chr2,2829000,2830000,485,9.05511096751452,1.92058785151304e-277,45S rDNA
Chr2,2830000,2831000,386,9.79131580436812,1.08647442640636e-232,45S rDNA
Chr2,2831000,2832000,282,5.73370793915754,1.3154029294958e-113,45S rDNA
Chr2,2832000,2833000,1046,10.2962981264037,0,45S rDNA
Chr2,2834000,2835000,2185,41.2583166227919,0,45S rDNA
Chr2,2836000,2837000,270,6.02379579834041,1.31868909624412e-113,45S rDNA
Chr2,2838000,2839000,433,9.21471724933594,1.03058834030212e-250,45S rDNA
Chr2,2839000,2840000,371,9.17654193882403,2.40104287582953e-214,45S rDNA
Chr2,2840000,2841000,297,7.62600804874291,8.89396751967981e-151,45S rDNA
Chr2,2841000,2842000,603,9.27024666784236,0,45S rDNA
Chr2,2842000,2843000,362,6.57710434095303,1.24229465461488e-163,45S rDNA
Chr2,2844000,2845000,2258,44.614462938176,0,45S rDNA
Chr2,2845000,2846000,495,7.90806963200049,1.68636992727261e-257,45S rDNA
Chr2,2846000,2847000,158,3.83486828906374,2.44965775795791e-42,45S rDNA
Chr2,2848000,2849000,381,8.93172718285685,4.00849378349545e-216,45S rDNA
Chr2,2849000,2850000,448,10.5518214183837,4.99095268996545e-283,45S rDNA
Chr2,2850000,2851000,344,7.47038478069215,7.91231645179659e-172,45S rDNA
Chr2,2851000,2852000,231,5.6481014668124,5.76644132389572e-92,45S rDNA
Chr2,2852000,2853000,889,11.7695774586956,0,45S rDNA
Chr2,2853000,2854000,215,3.36316156645314,1.69866007911641e-48,45S rDNA
Chr2,2854000,2855000,517,6.85913968911047,2.5131992278433e-241,45S rDNA
Chr2,2855000,2856000,4793,85.8289836154449,0,45S rDNA
Chr2,2856000,2857000,214,4.0351515271368,1.34235221364351e-60,45S rDNA
Chr2,2857000,2858000,347,7.38414999998168,8.31174334602931e-172,45S rDNA
Chr2,2858000,2859000,195,4.12765742553805,9.76613920521627e-57,45S rDNA
Chr2,2859000,2860000,429,9.7338521729048,1.57591813228551e-257,45S rDNA
Chr2,2860000,2861000,326,8.58817578175411,3.88008528694104e-180,45S rDNA
Chr2,2861000,2862000,279,5.67127112562574,2.58228366065284e-111,45S rDNA
Chr2,2862000,2863000,750,10.6838961617111,0,45S rDNA
Chr2,2863000,2864000,227,3.79126111076646,1.16793621313106e-59,45S rDNA
Chr2,2865000,2866000,3679,83.8457559898997,0,45S rDNA
Chr2,2866000,2867000,562,9.04813080081047,1.11253692925377e-308,45S rDNA
Chr2,2867000,2868000,441,10.9791790429811,1.64710553177177e-285,45S rDNA
Chr2,2868000,2869000,246,4.96844230450378,8.77929974311675e-87,45S rDNA
Chr2,2869000,2870000,585,14.8561110918014,0,45S rDNA
Chr2,2870000,2871000,708,19.4608353077385,0,45S rDNA
Chr2,2871000,2872000,276,7.03894820505238,6.820035621851e-132,45S rDNA
Chr2,2872000,2873000,193,4.16637696711103,9.33612363858296e-57,45S rDNA
Chr2,2873000,2874000,752,11.6915337884942,0,45S rDNA
Chr2,2875000,2876000,682,9.62651974288069,0,45S rDNA
Chr2,2876000,2877000,2010,37.1565981015627,0,45S rDNA
Chr2,2877000,2878000,224,4.20825233689587,1.74657632724508e-66,45S rDNA
Chr2,2878000,2879000,354,7.68171439214792,1.62194873809599e-180,45S rDNA
Chr2,2879000,2880000,169,3.92052523058791,1.95404665522758e-46,45S rDNA
Chr2,2880000,2881000,331,8.30880216886945,1.06024265725968e-178,45S rDNA
Chr2,2881000,2882000,168,4.29469843211366,3.41472846191089e-51,45S rDNA
Chr2,2882000,2883000,129,3.24407159715492,5.54610128286821e-28,45S rDNA
Chr2,2883000,2884000,475,8.39439777692567,6.41680015600542e-258,45S rDNA
Chr2,2886000,2887000,4337,79.9407023904072,0,45S rDNA
Chr2,2887000,2888000,413,7.62726932757864,2.39622916544023e-209,45S rDNA
Chr2,2888000,2889000,500,12.8639702419575,0,45S rDNA
Chr2,2889000,2890000,185,3.48652586293731,6.92303839970507e-44,45S rDNA
Chr2,2890000,2891000,165,3.64646482663333,1.55017251055871e-41,45S rDNA
Chr2,2892000,2893000,297,6.23106992465795,1.57118129190295e-128,45S rDNA
Chr2,2893000,2894000,297,5.68559808338578,1.03628869699664e-118,45S rDNA
Chr2,2896000,2897000,1022,14.3648971243618,0,45S rDNA
Chr2,2897000,2898000,2757,49.2664638898545,0,45S rDNA
Chr2,2898000,2899000,222,4.51354088457192,4.25762672833061e-71,45S rDNA
Chr2,2899000,2900000,401,7.56832331078097,4.06186491640486e-202,45S rDNA
Chr2,2900000,2901000,284,6.4805789206891,5.12012471362496e-127,45S rDNA
Chr2,2901000,2902000,480,11.8397024653829,0,45S rDNA
Chr2,2902000,2903000,284,6.32099601563823,2.0015192781914e-124,45S rDNA
Chr2,2903000,2904000,330,6.40925977191916,4.08715924413956e-146,45S rDNA
Chr2,2904000,2905000,1036,14.248075822979,0,45S rDNA
Chr2,2906000,2907000,2316,40.8158239362546,0,45S rDNA
Chr2,2907000,2908000,210,3.62013290255932,3.54777616070301e-52,45S rDNA
Chr2,2908000,2909000,241,5.67998993454774,2.13796195392434e-96,45S rDNA
Chr2,2910000,2911000,617,13.5771174759546,0,45S rDNA
Chr2,2911000,2912000,543,12.9856858507367,0,45S rDNA
Chr2,2912000,2913000,595,13.1566348001958,0,45S rDNA
Chr2,2913000,2914000,466,8.67932993729855,5.24848993575531e-259,45S rDNA
Chr2,2914000,2915000,405,6.9076331056919,2.69904463716521e-190,45S rDNA
Chr2,2916000,2917000,2961,43.2005560297773,0,45S rDNA
Chr2,2917000,2918000,1229,21.5463216207446,0,45S rDNA
Chr2,2918000,2919000,255,6.75463112771552,5.0494286846045e-118,45S rDNA
Chr2,2919000,2920000,443,8.65769935688049,7.64576288728538e-246,45S rDNA
Chr2,2920000,2921000,527,13.3891418270854,0,45S rDNA
Chr2,2921000,2922000,791,20.3979851073082,0,45S rDNA
Chr2,2922000,2923000,340,9.46647234791719,1.33458184113405e-200,45S rDNA
Chr2,2923000,2924000,255,5.67459590543811,7.3107626859498e-102,45S rDNA
Chr2,2924000,2925000,883,13.6040893083336,0,45S rDNA
Chr2,2927000,2928000,5012,99.5004480147183,0,45S rDNA
Chr2,2928000,2929000,248,4.04646196260349,2.51890256754128e-70,45S rDNA
Chr2,2929000,2930000,373,7.83006547033583,7.50579416050091e-193,45S rDNA
Chr2,2930000,2931000,209,4.38413783476499,6.19546406229157e-65,45S rDNA
Chr2,2931000,2932000,398,10.670289067624,2.77142748303226e-253,45S rDNA
Chr2,2932000,2933000,433,9.61111508654891,8.74931107621888e-258,45S rDNA
Chr2,2933000,2934000,326,8.23128286712579,7.54603177275697e-175,45S rDNA
Chr2,2934000,2935000,566,8.92063092962649,1.11253692925474e-308,45S rDNA
Chr2,2935000,2936000,331,5.72697707180177,4.64119170019502e-133,45S rDNA
Chr2,2937000,2938000,2007,43.6887410604868,0,45S rDNA
Chr2,2938000,2939000,966,15.9810851492637,0,45S rDNA
Chr2,2939000,2940000,218,4.74340063198319,1.63087513680293e-73,45S rDNA
Chr2,2940000,2941000,302,5.44129906857097,5.64150446618873e-116,45S rDNA
Chr2,2941000,2942000,290,7.10153152393363,1.69324593707332e-139,45S rDNA
Chr2,2942000,2943000,368,8.29292261888957,2.62382724639229e-198,45S rDNA
Chr2,2943000,2944000,314,6.62976357592632,5.65306582450261e-143,45S rDNA
Chr2,2944000,2945000,209,4.30940949533931,9.83044573953482e-64,45S rDNA
Chr2,2945000,2946000,621,9.56570152125396,0,45S rDNA
Chr2,2946000,2947000,175,3.30584492859287,1.05886572359004e-38,45S rDNA
Chr2,2948000,2949000,1357,26.5449286007296,0,45S rDNA
Chr2,2949000,2950000,233,4.61326793730021,2.637574719153e-76,45S rDNA
Chr2,2950000,2951000,280,7.10250887363491,9.94188482499242e-135,45S rDNA
Chr2,2952000,2953000,450,10.8113387728325,1.37401371580659e-288,45S rDNA
Chr2,2953000,2954000,686,15.3613948491304,0,45S rDNA
Chr2,2954000,2955000,318,7.03044846805099,1.0780157131004e-151,45S rDNA
Chr2,2955000,2956000,392,8.76568432918898,1.65193805852537e-219,45S rDNA
Chr2,2956000,2957000,410,5.60981460080573,1.39704179748523e-161,45S rDNA
Chr2,2958000,2959000,2187,36.7347685150518,0,45S rDNA
Chr2,2959000,2960000,1020,18.3621983862149,0,45S rDNA
Chr2,2960000,2961000,204,4.53388117791065,1.04661064121364e-65,45S rDNA
Chr2,2961000,2962000,375,7.09936059842497,4.37230190883611e-180,45S rDNA
Chr2,2962000,2963000,299,6.59873104710352,1.1503992597164e-135,45S rDNA
Chr2,2963000,2964000,394,8.89134596595616,8.82266480413706e-223,45S rDNA
Chr2,2964000,2965000,274,6.12293107176136,6.72418446523612e-117,45S rDNA
Chr2,2965000,2966000,191,4.40054963521912,1.19273543199129e-59,45S rDNA
Chr2,2966000,2967000,677,9.93598218083501,0,45S rDNA
Chr2,2967000,2968000,190,3.63447105736298,1.62178379455277e-47,45S rDNA
Chr2,2969000,2970000,1311,30.8982025070211,0,45S rDNA
Chr2,2970000,2971000,255,3.98015842694998,6.48846889323556e-71,45S rDNA
Chr2,2971000,2972000,262,5.57950386612095,4.67111498838706e-103,45S rDNA
Chr2,2973000,2974000,372,8.85765133464763,7.58949833819683e-210,45S rDNA
Chr2,2974000,2975000,494,11.3775982311807,0,45S rDNA
Chr2,2975000,2976000,479,11.6090724643066,1.11253692925426e-308,45S rDNA
Chr2,2976000,2977000,429,11.5237682339495,5.67683191096947e-286,45S rDNA
Chr2,2977000,2978000,444,5.80788462468208,2.04058497841553e-180,45S rDNA
Chr2,2979000,2980000,2476,31.0627945191093,0,45S rDNA
Chr2,2980000,2981000,550,9.89673583332475,0,45S rDNA
Chr2,2981000,2982000,769,17.3197563353948,0,45S rDNA
Chr2,2982000,2983000,375,8.54687367125956,2.1743989483534e-206,45S rDNA
Chr2,2983000,2984000,299,7.11226622631731,5.71440471246949e-144,45S rDNA
Chr2,2984000,2985000,298,6.01019359541873,4.67765391719848e-125,45S rDNA
Chr2,2985000,2986000,269,6.73305365100107,3.88052929191632e-124,45S rDNA
Chr2,2987000,2988000,680,7.42580804207697,0,45S rDNA
Chr2,2989000,2990000,1292,28.0027004208352,0,45S rDNA
Chr2,2990000,2991000,657,11.9645875791385,0,45S rDNA
Chr2,2991000,2992000,249,5.93279265099916,1.83027593267006e-103,45S rDNA
Chr2,2992000,2993000,315,5.98781050093135,1.02240726619665e-131,45S rDNA
Chr2,2993000,2994000,273,6.23063583025928,3.31086873225726e-118,45S rDNA
Chr2,2994000,2995000,294,6.80573265299436,9.18353500854144e-137,45S rDNA
Chr2,2995000,2996000,198,4.24365590807897,2.07343603497995e-59,45S rDNA
Chr2,2997000,2998000,588,5.5109197930267,1.29893971323862e-227,45S rDNA
Chr2,2999000,3000000,446,7.7384476421121,1.93089759743107e-228,45S rDNA
Chr2,3000000,3001000,4533,83.5572714218785,0,45S rDNA
Chr2,3001000,3002000,305,5.73806329061252,6.88249244665988e-123,45S rDNA
Chr2,3002000,3003000,653,13.4490906512789,0,45S rDNA
Chr2,3003000,3004000,223,4.40242964789027,1.52564337440775e-69,45S rDNA
Chr2,3004000,3005000,476,9.96977948263619,4.33375827916866e-290,45S rDNA
Chr2,3005000,3006000,263,6.71381801903457,4.12627912519703e-121,45S rDNA
Chr2,3006000,3007000,311,7.21762155222937,2.02213808915731e-151,45S rDNA
Chr2,3007000,3008000,733,9.41416751256114,0,45S rDNA
Chr2,3010000,3011000,5295,87.7431962253211,0,45S rDNA
Chr2,3011000,3012000,352,5.60651521891925,8.94764945397849e-139,45S rDNA
Chr2,3012000,3013000,401,9.20495207465564,4.35375734477327e-232,45S rDNA
Chr2,3013000,3014000,205,3.93644769034095,1.96575061877898e-56,45S rDNA
Chr2,3014000,3015000,352,8.51048765705037,3.30957252991606e-193,45S rDNA
Chr2,3015000,3016000,466,11.2708085165838,1.80559105801415e-306,45S rDNA
Chr2,3016000,3017000,376,7.60286236715681,3.24877572176349e-190,45S rDNA
Chr2,3017000,3018000,482,10.5936270719104,3.41978467295775e-305,45S rDNA
Chr2,3018000,3019000,783,5.05818275078514,3.51043336130817e-279,45S rDNA
Chr2,3019000,3020000,411,7.22509629958862,5.58989295405885e-200,45S rDNA
Chr2,3020000,3021000,1128,22.0094362742224,0,45S rDNA
Chr2,3021000,3022000,226,4.42565119243723,7.23654664651302e-71,45S rDNA
Chr2,3022000,3023000,351,7.05141649443881,9.92792085635652e-168,45S rDNA
Chr2,3023000,3024000,204,4.89233369077853,5.17656067508749e-71,45S rDNA
Chr2,3024000,3025000,354,7.91418168419394,1.66415587527608e-184,45S rDNA
Chr2,3025000,3026000,225,5.73717671744334,7.40985277414139e-91,45S rDNA
Chr2,3026000,3027000,218,5.9158291040159,1.85769331984696e-90,45S rDNA
Chr2,3027000,3028000,685,10.1377452359841,0,45S rDNA
Chr2,3029000,3030000,533,6.81402614372199,1.83522275467029e-247,45S rDNA
Chr2,3030000,3031000,2197,46.6010198251479,0,45S rDNA
Chr2,3031000,3032000,239,4.46324990077558,1.41362697935342e-75,45S rDNA
Chr2,3032000,3033000,365,7.84431524229383,5.51405778329569e-189,45S rDNA
Chr2,3033000,3034000,177,4.0461005356221,2.06107018160187e-50,45S rDNA
Chr2,3034000,3035000,394,9.33762364450785,3.11202372183268e-230,45S rDNA
Chr2,3035000,3036000,286,6.8617368444385,6.22407651589241e-134,45S rDNA
Chr2,3036000,3037000,257,6.25783337399965,9.83104286502472e-112,45S rDNA
Chr2,3037000,3038000,654,10.6405597435703,0,45S rDNA
Chr2,3038000,3039000,365,6.96670022305159,9.59761026514513e-173,45S rDNA
Chr2,3040000,3041000,4780,72.8311892557016,0,45S rDNA
Chr2,3041000,3042000,476,7.84265798574422,3.74605089408373e-246,45S rDNA
Chr2,3042000,3043000,594,14.9839311424554,0,45S rDNA
Chr2,3043000,3044000,270,5.12438086897736,4.49350902209604e-98,45S rDNA
Chr2,3044000,3045000,317,6.71790241701706,7.10470291261676e-146,45S rDNA
Chr2,3045000,3046000,456,12.1479837401552,1.11254590153691e-308,45S rDNA
Chr2,3046000,3047000,321,8.07499302746277,7.72979071511815e-170,45S rDNA
Chr2,3047000,3048000,385,7.14377478262198,9.32324244396532e-186,45S rDNA
Chr2,3048000,3049000,547,8.95095647349254,1.12422832877269e-308,45S rDNA
Chr2,3050000,3051000,1724,31.5391048879707,0,45S rDNA
Chr2,3051000,3052000,3653,69.7774823301697,0,45S rDNA
Chr2,3052000,3053000,197,4.19639175065064,2.20595549410929e-58,45S rDNA
Chr2,3053000,3054000,366,7.82506627599997,3.68681247740965e-189,45S rDNA
Chr2,3054000,3055000,282,6.96097099105045,1.42307263964012e-133,45S rDNA
Chr2,3055000,3056000,468,11.5736546765207,1.11259059060083e-308,45S rDNA
Chr2,3056000,3057000,259,6.92194766236501,3.29349697270997e-122,45S rDNA
Chr2,3057000,3058000,288,6.3135140472125,4.84446276842386e-126,45S rDNA
Chr2,3058000,3059000,818,11.27432518951,0,45S rDNA
Chr2,3061000,3062000,1488,28.5659998740825,0,45S rDNA
Chr2,3062000,3063000,367,6.55053916795251,2.47309009887603e-165,45S rDNA
Chr2,3065000,3066000,218,3.8881095068933,4.32473127613186e-59,45S rDNA
Chr2,3068000,3069000,342,5.59410705955715,1.38315676136549e-134,45S rDNA
Chr2,3069000,3070000,221,4.03894610630372,1.27234641597303e-62,45S rDNA
Chr2,3071000,3072000,937,11.4477920749655,0,45S rDNA
Chr2,3072000,3073000,673,11.7024297609995,0,45S rDNA
Chr2,3073000,3074000,136,3.30852029492429,2.84995145012895e-30,45S rDNA
Chr2,3074000,3075000,241,4.75919061935448,1.85039714788289e-81,45S rDNA
Chr2,3077000,3078000,329,8.80214456235028,6.8175465561656e-185,45S rDNA
Chr2,3078000,3079000,440,9.73949541768555,3.29511275094262e-264,45S rDNA
Chr2,3079000,3080000,668,9.32275463289579,0,45S rDNA
Chr2,3081000,3082000,1442,16.1162976117117,0,45S rDNA
Chr2,3082000,3083000,1540,24.5216759777618,0,45S rDNA
Chr2,3084000,3085000,255,6.36274718804436,2.03117835020095e-112,45S rDNA
Chr2,3085000,3086000,236,5.59773291329161,3.48196363375986e-93,45S rDNA
Chr2,3086000,3087000,349,8.68603768493024,2.67833064214417e-194,45S rDNA
Chr2,3087000,3088000,225,5.49267686830952,2.31589394147406e-87,45S rDNA
Chr2,3088000,3089000,223,5.32312377003162,4.05885424698752e-84,45S rDNA
Chr2,3089000,3090000,650,9.50973982527986,0,45S rDNA
Chr2,3091000,3092000,758,10.7603412329074,0,45S rDNA
Chr2,3092000,3093000,2404,42.0575464828858,0,45S rDNA
Chr2,3093000,3094000,331,6.23922904602375,2.63486883349018e-143,45S rDNA
Chr2,3094000,3095000,594,12.6463518383684,0,45S rDNA
Chr2,3095000,3096000,228,5.11985294191388,7.15927072207763e-83,45S rDNA
Chr2,3096000,3097000,461,10.1337477520334,6.50802330787993e-284,45S rDNA
Chr2,3097000,3098000,308,7.24755599596613,1.91354918668025e-150,45S rDNA
Chr2,3098000,3099000,313,7.2355194570819,1.11592563994379e-152,45S rDNA
Chr2,3099000,3100000,861,12.8154265790772,0,45S rDNA
Chr2,3100000,3101000,265,4.95896824340139,3.00386974544124e-93,45S rDNA
Chr2,3101000,3102000,225,3.16008579725746,1.69250871040407e-46,45S rDNA
Chr2,3102000,3103000,5568,116.6334881192,0,45S rDNA
Chr2,3103000,3104000,394,6.9863669223666,8.24790274003229e-187,45S rDNA
Chr2,3104000,3105000,413,9.28922740654041,1.8353688378796e-240,45S rDNA
Chr2,3105000,3106000,177,3.18982343063987,3.10468488544693e-37,45S rDNA
Chr2,3106000,3107000,351,8.35265554205753,3.78510870540833e-190,45S rDNA
Chr2,3107000,3108000,414,10.6698783618038,2.00088728545229e-263,45S rDNA
Chr2,3108000,3109000,351,7.58414452272732,2.64984630627121e-177,45S rDNA
Chr2,3109000,3110000,379,7.18119877000249,1.29064506454873e-183,45S rDNA
Chr2,3110000,3111000,726,10.5007859988927,0,45S rDNA
Chr2,3111000,3112000,232,3.51430838566455,2.07191231765771e-55,45S rDNA
Chr2,3112000,3113000,488,8.01267619218281,2.64793008711183e-256,45S rDNA
Chr2,3113000,3114000,1162,22.5301135861148,0,45S rDNA
Chr2,3114000,3115000,389,4.52769197945421,2.26143255866136e-124,45S rDNA
Chr2,3116000,3117000,527,11.4252463693143,0,45S rDNA
Chr2,3117000,3118000,890,23.4369947121697,0,45S rDNA
Chr2,3118000,3119000,309,7.5760710774056,4.54237279610144e-156,45S rDNA
Chr2,3119000,3120000,187,4.11404045931145,3.0829907030143e-54,45S rDNA
Chr2,3120000,3121000,551,4.17940762485591,4.66027700931953e-161,45S rDNA
Chr2,3122000,3123000,2005,33.3212922919973,0,45S rDNA
Chr2,3123000,3124000,790,14.766086771703,0,45S rDNA
Chr2,3124000,3125000,171,3.34337972339713,2.02278467453584e-38,45S rDNA
Chr2,3125000,3126000,358,7.3149933514451,5.79848997031909e-176,45S rDNA
Chr2,3128000,3129000,189,4.68671234501584,4.61714347013847e-63,45S rDNA
Chr2,3129000,3130000,215,4.99894585776094,2.10798915786593e-76,45S rDNA
Chr2,3130000,3131000,593,4.87645632840654,3.80963546147326e-204,45S rDNA
Chr2,3131000,3132000,305,5.34175492144634,3.96468813249281e-115,45S rDNA
Chr2,3132000,3133000,316,5.11036973744372,2.43274240112672e-114,45S rDNA
Chr2,3133000,3134000,5150,95.8572089725974,0,45S rDNA
Chr2,3134000,3135000,230,4.700296314131,8.49846828315763e-77,45S rDNA
Chr2,3135000,3136000,375,7.56964492118814,4.30003701829541e-189,45S rDNA
Chr2,3136000,3137000,200,4.4366087285448,5.69335923850682e-63,45S rDNA
Chr2,3137000,3138000,380,9.73595446285154,3.01360450984208e-228,45S rDNA
Chr2,3138000,3139000,392,9.57880773821908,6.00637889562822e-233,45S rDNA
Chr2,3139000,3140000,303,6.7465046509817,6.02609735594996e-140,45S rDNA
Chr2,3140000,3141000,681,11.575610528466,0,45S rDNA
Chr2,3141000,3142000,333,5.92492495872462,6.3106116522756e-138,45S rDNA
Chr2,3143000,3144000,4997,101.776208196886,0,45S rDNA
Chr2,3144000,3145000,643,11.4993850539998,0,45S rDNA
Chr2,3145000,3146000,339,7.18032876098423,2.56886626567662e-164,45S rDNA
Chr2,3146000,3147000,254,4.90795290941013,1.67354229746131e-88,45S rDNA
Chr2,3147000,3148000,366,8.68122985705394,1.20488229011086e-203,45S rDNA
Chr2,3148000,3149000,415,11.0300454143203,1.73605079525547e-269,45S rDNA
Chr2,3149000,3150000,375,8.44401510835047,1.18993659710007e-204,45S rDNA
Chr2,3150000,3151000,229,4.99632202185143,2.76905449511515e-81,45S rDNA
Chr2,3151000,3152000,996,13.3262822295049,0,45S rDNA
Chr2,3154000,3155000,1092,23.8720845175953,0,45S rDNA
Chr2,3155000,3156000,402,5.9792861432381,1.20358320465521e-167,45S rDNA
Chr2,3157000,3158000,188,4.43556303678154,3.16870431249987e-59,45S rDNA
Chr2,3158000,3159000,421,8.70173744544919,1.68310403653864e-234,45S rDNA
Chr2,3159000,3160000,268,6.48074980778554,6.52048644711487e-120,45S rDNA
Chr2,3160000,3161000,210,4.3662284207989,5.92893782834061e-65,45S rDNA
Chr2,3161000,3162000,635,5.28281286691998,3.01829613243288e-236,45S rDNA
Chr2,3163000,3164000,995,15.7160519945725,0,45S rDNA
Chr2,3164000,3165000,1732,31.0638127742452,0,45S rDNA
Chr2,3166000,3167000,213,5.02007409152974,5.1853151538586e-76,45S rDNA
Chr2,3167000,3168000,245,5.74417172672656,5.73994418831521e-99,45S rDNA
Chr2,3168000,3169000,474,10.1710325023609,1.41376668538831e-292,45S rDNA
Chr2,3169000,3170000,294,7.26658998141009,6.21063294098196e-144,45S rDNA
Chr2,3170000,3171000,274,5.67361425990692,2.25149259537075e-109,45S rDNA
Chr2,3171000,3172000,863,12.4168528613769,0,45S rDNA
Chr2,3172000,3173000,173,3.14448596082219,1.13154541716061e-35,45S rDNA
Chr2,3174000,3175000,4482,88.3609280650288,0,45S rDNA
Chr2,3175000,3176000,241,3.77016405540268,7.36520374855009e-63,45S rDNA
Chr2,3176000,3177000,375,8.26870844521659,1.2029060805999e-201,45S rDNA
Chr2,3177000,3178000,208,3.85663436222473,7.14608774125971e-56,45S rDNA
Chr2,3178000,3179000,365,9.32598029986448,3.56197380703242e-213,45S rDNA
Chr2,3179000,3180000,466,11.1442534188643,2.16201482020209e-304,45S rDNA
Chr2,3180000,3181000,342,7.11995771387196,1.09855306343931e-164,45S rDNA
Chr2,3181000,3182000,478,8.28792630862419,3.25216702502746e-257,45S rDNA
Chr2,3182000,3183000,465,7.19900363663508,1.64232221064807e-225,45S rDNA
Chr2,3184000,3185000,739,14.5126543723632,0,45S rDNA
Chr2,3185000,3186000,951,16.4428769669816,0,45S rDNA
Chr2,3186000,3187000,440,5.28681228575543,4.25946821707312e-164,45S rDNA
Chr2,3187000,3188000,289,5.42659623007351,9.6706761910327e-111,45S rDNA
Chr2,3188000,3189000,523,11.4802510522373,0,45S rDNA
Chr2,3189000,3190000,360,7.92356077344,8.86871341082228e-188,45S rDNA
Chr2,3190000,3191000,278,6.89880971148588,9.13167619043197e-131,45S rDNA
Chr2,3192000,3193000,583,8.60496519127584,1.11253692925363e-308,45S rDNA
Chr2,3193000,3194000,182,3.06410110880514,4.21184969287323e-36,45S rDNA
Chr2,3195000,3196000,1346,24.2461625073363,0,45S rDNA
Chr2,3196000,3197000,234,3.72113751275957,4.40304469602773e-60,45S rDNA
Chr2,3197000,3198000,265,5.28447848518649,3.94603694082218e-99,45S rDNA
Chr2,3199000,3200000,725,17.303025264922,0,45S rDNA
Chr2,3200000,3201000,779,21.7407588700188,0,45S rDNA
Chr2,3201000,3202000,700,17.910585751538,0,45S rDNA
Chr2,3202000,3203000,257,6.4972731406775,2.90108010807451e-115,45S rDNA
Chr2,3203000,3204000,337,3.86370768016675,3.21685073665004e-90,45S rDNA
Chr2,3205000,3206000,2595,53.2708648276996,0,45S rDNA
Chr2,3206000,3207000,304,6.20369996821544,4.72311258393466e-131,45S rDNA
Chr2,3207000,3208000,377,8.25642862397803,1.6684213190926e-202,45S rDNA
Chr2,3209000,3210000,341,10.2930827571163,2.55670331158596e-212,45S rDNA
Chr2,3210000,3211000,421,11.0327938865922,2.06895792141457e-273,45S rDNA
Chr2,3211000,3212000,341,7.31360773330914,1.26484351221075e-167,45S rDNA
Chr2,3212000,3213000,559,11.1678376011827,0,45S rDNA
Chr2,3213000,3214000,507,9.07608514507275,1.93298643126103e-290,45S rDNA
Chr2,3215000,3216000,1670,25.6393625783915,0,45S rDNA
Chr2,3216000,3217000,1988,37.1720850027702,0,45S rDNA
Chr2,3217000,3218000,209,4.60969609948188,1.79030523519177e-68,45S rDNA
Chr2,3218000,3219000,356,7.28416382234227,2.01750021507549e-174,45S rDNA
Chr2,3219000,3220000,270,6.12724230292538,2.84459433868084e-115,45S rDNA
Chr2,3220000,3221000,468,10.3920276656803,8.00966405768159e-293,45S rDNA
Chr2,3221000,3222000,313,7.09823473697981,1.93178327665584e-150,45S rDNA
Chr2,3222000,3223000,283,6.6339391360916,5.25147519870242e-129,45S rDNA
Chr2,3223000,3224000,879,11.6022766205135,0,45S rDNA
Chr2,3226000,3227000,3529,66.3984538472756,0,45S rDNA
Chr2,3227000,3228000,314,6.00845096553724,1.08243305259571e-131,45S rDNA
Chr2,3228000,3229000,388,8.94912026771044,2.27251648088323e-220,45S rDNA
Chr2,3230000,3231000,395,10.2955054948387,7.69966941917036e-246,45S rDNA
Chr2,3231000,3232000,460,9.9232698327427,1.57869203660395e-279,45S rDNA
Chr2,3232000,3233000,355,8.08046148039706,7.97432473789823e-188,45S rDNA
Chr2,3233000,3234000,791,14.8764450334041,0,45S rDNA
Chr2,3234000,3235000,424,6.88085233277247,1.43197829130254e-198,45S rDNA
Chr2,3236000,3237000,1198,20.8667094756351,0,45S rDNA
Chr2,3237000,3238000,761,14.1231701797747,0,45S rDNA
Chr2,3239000,3240000,185,3.98615554452812,9.3442318577348e-52,45S rDNA
Chr2,3240000,3241000,291,7.12471235695181,2.4926934871422e-140,45S rDNA
Chr2,3241000,3242000,409,10.0518788693977,1.08647252245907e-250,45S rDNA
Chr2,3242000,3243000,326,7.670212933769,4.00716111546209e-166,45S rDNA
Chr2,3243000,3244000,252,5.67757102820697,1.01380469797136e-100,45S rDNA
Chr2,3244000,3245000,810,11.663928273698,0,45S rDNA
Chr2,3247000,3248000,912,16.3036160027264,0,45S rDNA
Chr2,3248000,3249000,255,3.67409154827448,2.25059593991137e-64,45S rDNA
Chr2,3249000,3250000,389,9.06724483555736,6.6711348631675e-223,45S rDNA
Chr2,3250000,3251000,194,3.96621720315173,6.4036790634419e-54,45S rDNA
Chr2,3251000,3252000,373,9.42037774575411,2.77374121170888e-219,45S rDNA
Chr2,3252000,3253000,449,10.9850524288326,9.08037907154226e-291,45S rDNA
Chr2,3253000,3254000,285,6.55494986840616,1.17676954379496e-128,45S rDNA
Chr2,3254000,3255000,704,12.7382336380687,0,45S rDNA
Chr2,3255000,3256000,374,6.58825660884016,2.94054562426987e-169,45S rDNA
Chr2,3257000,3258000,2744,63.3626531250983,0,45S rDNA
Chr2,3258000,3259000,958,16.2881941556526,0,45S rDNA
Chr2,3259000,3260000,325,7.51378715682947,4.27262357868501e-163,45S rDNA
Chr2,3260000,3261000,285,5.24329729181598,9.11537581435729e-106,45S rDNA
Chr2,3261000,3262000,349,8.56308439703154,2.163064317829e-192,45S rDNA
Chr2,3262000,3263000,396,8.63005275945477,2.27988020218642e-219,45S rDNA
Chr2,3263000,3264000,390,8.80157455320457,5.2546895635603e-219,45S rDNA
Chr2,3264000,3265000,239,5.45465920671051,3.68802352792066e-92,45S rDNA
Chr2,3265000,3266000,1105,11.3651772724131,0,45S rDNA
Chr2,3266000,3267000,378,6.01393445662739,1.75259200121577e-158,45S rDNA
Chr2,3267000,3268000,1980,36.458946734758,0,45S rDNA
Chr2,3269000,3270000,164,3.43748342099103,2.84431636390228e-38,45S rDNA
Chr2,3271000,3272000,152,3.70045592133383,4.9978538248255e-39,45S rDNA
Chr2,3272000,3273000,144,3.68352181921473,8.3819897463315e-37,45S rDNA
Chr2,3273000,3274000,310,7.4313129798756,2.53137241455945e-154,45S rDNA
Chr2,3274000,3275000,708,10.7613403153713,0,45S rDNA
Chr2,3275000,3276000,304,6.13614947201467,7.65998012306975e-130,45S rDNA
Chr2,3277000,3278000,4956,118.592118298858,0,45S rDNA
Chr2,3278000,3279000,683,9.79708710625664,0,45S rDNA
Chr2,3279000,3280000,909,20.5040380494514,0,45S rDNA
Chr2,3282000,3283000,562,13.1302960098119,0,45S rDNA
Chr2,3283000,3284000,748,17.0094357927007,0,45S rDNA
Chr2,3284000,3285000,392,7.98445129710336,1.56358944038693e-205,45S rDNA
Chr2,3285000,3286000,601,10.4618192586928,0,45S rDNA
Chr2,3287000,3288000,1021,19.8212082639487,0,45S rDNA
Chr2,3288000,3289000,3069,55.2834121359697,0,45S rDNA
Chr2,3289000,3290000,218,4.05613654413358,4.38141993963638e-62,45S rDNA
Chr2,3290000,3291000,400,9.35413941715145,5.31487530239257e-234,45S rDNA
Chr2,3291000,3292000,385,7.85585873893898,1.65840003908244e-199,45S rDNA
Chr2,3292000,3293000,858,19.7849907043597,0,45S rDNA
Chr2,3293000,3294000,308,7.87965068221582,3.88918302239357e-160,45S rDNA
Chr2,3294000,3295000,266,6.20022397495696,1.01060256722521e-114,45S rDNA
Chr2,3295000,3296000,702,10.7558858264003,0,45S rDNA
Chr2,3296000,3297000,298,5.32228794548589,4.0273681376508e-112,45S rDNA
Chr2,3298000,3299000,3117,68.964970656484,0,45S rDNA
Chr2,3299000,3300000,972,16.5010017592697,0,45S rDNA
Chr2,3300000,3301000,354,7.43043583371322,4.37791264942433e-176,45S rDNA
Chr2,3301000,3302000,283,5.17842584697836,8.53674003039086e-104,45S rDNA
Chr2,3302000,3303000,447,11.7595637434147,1.57862404744838e-301,45S rDNA
Chr2,3303000,3304000,495,11.6280404333721,0,45S rDNA
Chr2,3304000,3305000,751,17.3756707067565,0,45S rDNA
Chr2,3305000,3306000,211,4.85938288654644,6.26652889036785e-73,45S rDNA
Chr2,3306000,3307000,1020,9.96418504211455,0,45S rDNA
Chr2,3307000,3308000,412,5.14651595287581,7.9046431036571e-150,45S rDNA
Chr2,3308000,3309000,2004,35.9068103661942,0,45S rDNA
Chr2,3310000,3311000,254,5.49328077070307,1.57945646547475e-98,45S rDNA
Chr2,3312000,3313000,499,11.9785110874001,0,45S rDNA
Chr2,3313000,3314000,299,8.06417738027746,4.15310272609036e-158,45S rDNA
Chr2,3314000,3315000,240,5.30599884381207,3.36939491122611e-90,45S rDNA
Chr2,3315000,3316000,628,9.45705641083657,0,45S rDNA
Chr2,3316000,3317000,345,6.67856113537773,6.18039092058148e-158,45S rDNA
Chr2,3318000,3319000,3180,67.1740713293967,0,45S rDNA
Chr2,3319000,3320000,371,6.3640588169687,3.37418228597334e-163,45S rDNA
Chr2,3320000,3321000,358,8.35536312164363,5.74705756293957e-194,45S rDNA
Chr2,3321000,3322000,148,3.01392446277962,8.82555405329222e-29,45S rDNA
Chr2,3322000,3323000,358,8.58453765210912,1.12977414693824e-197,45S rDNA
Chr2,3323000,3324000,446,9.95707589835634,1.21746032639341e-271,45S rDNA
Chr2,3324000,3325000,308,6.63212760566603,2.67965292917514e-140,45S rDNA
Chr2,3325000,3326000,402,8.21488123792842,4.20490624364559e-215,45S rDNA
Chr2,3326000,3327000,585,8.78605789889097,0,45S rDNA
Chr2,3328000,3329000,1363,17.4072010447449,0,45S rDNA
Chr2,3329000,3330000,3858,63.5389269432382,0,45S rDNA
Chr2,3330000,3331000,184,3.67141698042632,1.25675908185241e-46,45S rDNA
Chr2,3331000,3332000,402,7.86371503131416,1.97095119465653e-208,45S rDNA
Chr2,3332000,3333000,261,6.22908909537193,5.058013835165e-113,45S rDNA
Chr2,3333000,3334000,523,12.8103786287307,0,45S rDNA
Chr2,3334000,3335000,378,8.70493405820104,1.087103387439e-210,45S rDNA
Chr2,3335000,3336000,568,14.4767305310416,0,45S rDNA
Chr2,3336000,3337000,695,11.4863886051538,0,45S rDNA
Chr2,3337000,3338000,249,4.3278456613292,3.91833183322591e-76,45S rDNA
Chr2,3339000,3340000,1930,56.696962572249,0,45S rDNA
Chr2,3340000,3341000,212,3.65917901557236,2.21001275788852e-53,45S rDNA
Chr2,3341000,3342000,157,3.56227224043369,2.08618892739676e-38,45S rDNA
Chr2,3342000,3343000,189,3.96959422130564,1.33202180303161e-52,45S rDNA
Chr2,3343000,3344000,489,12.012118132535,0,45S rDNA
Chr2,3344000,3345000,678,16.3420340594325,0,45S rDNA
Chr2,3345000,3346000,337,6.54839013016323,7.48553307152473e-152,45S rDNA
Chr2,3346000,3347000,292,5.79203159731205,1.14707082956931e-118,45S rDNA
Chr2,3347000,3348000,378,5.83112530705584,2.8235013072497e-154,45S rDNA
Chr2,3348000,3349000,193,3.39772951046322,3.23157127085088e-44,45S rDNA
Chr2,3349000,3350000,181,3.34424404655814,1.22653868133785e-40,45S rDNA
Chr2,3350000,3351000,1435,25.9497629244389,0,45S rDNA
Chr2,3351000,3352000,378,5.3814289233757,1.82313461998697e-143,45S rDNA
Chr2,3353000,3354000,235,5.88903025231722,4.59118703602841e-97,45S rDNA
Chr2,3354000,3355000,326,6.75140600532124,1.36396654056263e-150,45S rDNA
Chr2,3355000,3356000,228,6.12698643001787,1.83456175100994e-97,45S rDNA
Chr2,3356000,3357000,182,4.02883219099472,1.46519092950787e-51,45S rDNA
Chr2,3357000,3358000,687,9.28719758381621,0,45S rDNA
Chr2,3359000,3360000,959,11.4285358583104,0,45S rDNA
Chr2,3360000,3361000,1920,38.9904935072396,0,45S rDNA
Chr2,3361000,3362000,190,3.43539165376934,3.47974226645086e-44,45S rDNA
Chr2,3362000,3363000,352,7.69083193759746,1.16770879591861e-179,45S rDNA
Chr2,3363000,3364000,182,4.22896452360217,1.83719059180689e-54,45S rDNA
Chr2,3364000,3365000,472,11.7692526229014,1.11253692933801e-308,45S rDNA
Chr2,3365000,3366000,259,6.55652904327954,5.09934669173247e-117,45S rDNA
Chr2,3366000,3367000,286,7.01387433066908,2.91954594250007e-136,45S rDNA
Chr2,3367000,3368000,690,11.7795990896353,0,45S rDNA
Chr2,3368000,3369000,356,5.75934552886529,9.13247459888258e-144,45S rDNA
Chr2,3370000,3371000,3181,59.5903867309098,0,45S rDNA
Chr2,3371000,3372000,253,4.19210412791415,1.15032884771822e-74,45S rDNA
Chr2,3372000,3373000,337,7.58792819108945,2.50371787356798e-170,45S rDNA
Chr2,3373000,3374000,201,4.0896992473187,7.55164913661904e-58,45S rDNA
Chr2,3374000,3375000,355,8.18326988495479,1.56479388462123e-189,45S rDNA
Chr2,3375000,3376000,390,9.19601529491523,1.34412825091995e-225,45S rDNA
Chr2,3376000,3377000,290,5.90026127783733,8.62433928780208e-120,45S rDNA
Chr2,3377000,3378000,436,8.32901320894605,1.62062911657661e-235,45S rDNA
Chr2,3378000,3379000,481,8.51170257030591,1.01689272842948e-263,45S rDNA
Chr2,3380000,3381000,351,6.58244495108707,8.58930287233939e-159,45S rDNA
Chr2,3381000,3382000,1272,25.0412413992569,0,45S rDNA
Chr2,3382000,3383000,326,4.16954205925001,2.14798014474433e-95,45S rDNA
Chr2,3385000,3386000,330,6.92268556912482,1.7246826293256e-155,45S rDNA
Chr2,3386000,3387000,225,4.69982189963028,3.87590604150129e-75,45S rDNA
Chr2,3387000,3388000,172,4.09182326024603,1.21435937054868e-49,45S rDNA
Chr2,3388000,3389000,682,8.39018912791645,0,45S rDNA
Chr2,3390000,3391000,1732,21.0546973157151,0,45S rDNA
Chr2,3391000,3392000,1158,19.9650258317195,0,45S rDNA
Chr2,3392000,3393000,188,3.53126332491531,2.49212770219612e-45,45S rDNA
Chr2,3393000,3394000,292,5.91271112690103,7.82501901243104e-121,45S rDNA
Chr2,3394000,3395000,245,6.25750875480233,1.50194834447552e-106,45S rDNA
Chr2,3395000,3396000,353,8.5290001222642,4.78672152738308e-194,45S rDNA
Chr2,3396000,3397000,213,4.88157739917571,6.00472786161404e-74,45S rDNA
Chr2,3397000,3398000,205,5.6213400382817,2.35898534348336e-81,45S rDNA
Chr2,3398000,3399000,700,10.9596760939164,0,45S rDNA
Chr2,3399000,3400000,278,5.01135848617075,8.52814797472722e-99,45S rDNA
Chr2,3401000,3402000,2204,41.5465504827256,0,45S rDNA
Chr2,3403000,3404000,199,3.91472848641458,1.90256761454702e-54,45S rDNA
Chr2,3404000,3405000,214,4.41933274943267,4.82377389029787e-67,45S rDNA
Chr2,3405000,3406000,636,15.3741188366181,0,45S rDNA
Chr2,3406000,3407000,696,17.4765546641674,0,45S rDNA
Chr2,3407000,3408000,263,6.01784305552073,1.37696151933107e-110,45S rDNA
Chr2,3408000,3409000,574,9.56198453441381,0,45S rDNA
Chr2,3410000,3411000,217,3.27494834314588,3.43499727728285e-47,45S rDNA
Chr2,3411000,3412000,1504,34.6654111430898,0,45S rDNA
Chr2,3412000,3413000,807,15.8909205156483,0,45S rDNA
Chr2,3413000,3414000,291,6.32148143910535,1.76621343134833e-127,45S rDNA
Chr2,3414000,3415000,237,4.65152361389279,2.87829985942919e-78,45S rDNA
Chr2,3415000,3416000,327,7.89603712728452,3.24101007312158e-170,45S rDNA
Chr2,3416000,3417000,335,8.91620042187193,6.58352629432028e-190,45S rDNA
Chr2,3417000,3418000,281,6.80292076353336,1.03672951212406e-130,45S rDNA
Chr2,3418000,3419000,146,3.45624777767947,2.13512011119922e-34,45S rDNA
Chr2,3419000,3420000,813,10.9542821076051,0,45S rDNA
Chr2,3420000,3421000,189,3.24526541596856,1.10598914000733e-40,45S rDNA
Chr2,3421000,3422000,667,12.9081404775268,0,45S rDNA
Chr2,3422000,3423000,2109,42.8938845287354,0,45S rDNA
Chr2,3423000,3424000,180,3.64500626082083,3.20604073301689e-45,45S rDNA
Chr2,3424000,3425000,320,6.72771121451162,2.0225552523433e-147,45S rDNA
Chr2,3425000,3426000,154,3.49876341430322,7.9728323166809e-37,45S rDNA
Chr2,3426000,3427000,195,4.36779860491596,2.1450704639883e-60,45S rDNA
Chr2,3429000,3430000,586,9.6566263693384,0,45S rDNA
Chr2,3430000,3431000,182,3.43824093751888,2.10579245866713e-42,45S rDNA
Chr2,3433000,3434000,1369,25.8611526128208,0,45S rDNA
Chr2,3434000,3435000,418,6.19379934793828,1.2641691226852e-179,45S rDNA
Chr2,3436000,3437000,334,7.4375682781208,2.62693539943881e-166,45S rDNA
Chr2,3437000,3438000,491,10.8032934078373,1.11253751168123e-308,45S rDNA
Chr2,3438000,3439000,441,9.27065346502153,2.30981780262427e-256,45S rDNA
Chr2,3439000,3440000,495,12.067702702559,0,45S rDNA
Chr2,3440000,3441000,668,9.59705168345103,0,45S rDNA
Chr2,3442000,3443000,851,12.5002293197199,0,45S rDNA
Chr2,3443000,3444000,1826,29.856974450083,0,45S rDNA
Chr2,3444000,3445000,190,3.78981509279276,4.86515295978122e-50,45S rDNA
Chr2,3445000,3446000,339,6.63458306357329,2.2306841773033e-154,45S rDNA
Chr2,3446000,3447000,195,4.2806342029319,4.39570389849105e-59,45S rDNA
Chr2,3447000,3448000,407,9.7222528734474,3.52315222017999e-244,45S rDNA
Chr2,3448000,3449000,215,4.71786302496307,4.08343756051618e-72,45S rDNA
Chr2,3449000,3450000,230,5.06952029520911,8.4626929763998e-83,45S rDNA
Chr2,3450000,3451000,724,10.5549772776933,0,45S rDNA
Chr2,3451000,3452000,235,3.90289623673833,6.35955833861258e-64,45S rDNA
Chr2,3453000,3454000,5425,95.4893336688978,0,45S rDNA
Chr2,3454000,3455000,678,11.7312937986816,0,45S rDNA
Chr2,3455000,3456000,576,17.4549813172385,0,45S rDNA
Chr2,3456000,3457000,229,4.47629865968646,1.1315231426839e-72,45S rDNA
Chr2,3457000,3458000,349,8.48509164340018,3.61422690983809e-191,45S rDNA
Chr2,3458000,3459000,403,9.2683967210638,2.59373788637868e-234,45S rDNA
Chr2,3459000,3460000,275,6.21920829605034,6.98482331168771e-119,45S rDNA
Chr2,3460000,3461000,466,8.0294446592669,3.69196772959022e-245,45S rDNA
Chr2,3461000,3462000,529,8.78020573165179,2.9866690473412e-296,45S rDNA
Chr2,3462000,3463000,214,3.5514752218987,7.14120016910053e-52,45S rDNA
Chr2,3463000,3464000,449,6.68531042876225,1.93083885292419e-205,45S rDNA
Chr2,3464000,3465000,1470,31.754088718937,0,45S rDNA
Chr2,3466000,3467000,133,3.41063940828137,7.471039757854e-31,45S rDNA
Chr2,3467000,3468000,157,3.55461793762699,2.65871862133671e-38,45S rDNA
Chr2,3468000,3469000,471,12.3004340386642,0,45S rDNA
Chr2,3469000,3470000,269,6.50886265742472,8.75441938155683e-121,45S rDNA
Chr2,3470000,3471000,275,6.43962119899241,2.21558815683515e-122,45S rDNA
Chr2,3471000,3472000,586,9.25552078900968,0,45S rDNA
Chr2,3472000,3473000,238,4.73780139130844,4.35181140809222e-80,45S rDNA
Chr2,3474000,3475000,848,13.2955806724485,0,45S rDNA
Chr2,3475000,3476000,1524,25.9511610586366,0,45S rDNA
Chr2,3477000,3478000,249,4.86510420631634,5.06485798515861e-86,45S rDNA
Chr2,3478000,3479000,156,3.71096805425275,3.55290903078473e-40,45S rDNA
Chr2,3479000,3480000,409,10.0803404247339,3.84289874829094e-251,45S rDNA
Chr2,3480000,3481000,257,6.22076000496011,3.5408261641395e-111,45S rDNA
Chr2,3481000,3482000,222,5.02798089149609,2.60116674262473e-79,45S rDNA
Chr2,3482000,3483000,651,10.3392552249419,0,45S rDNA
Chr2,3483000,3484000,174,3.80504015121263,4.10700438283531e-46,45S rDNA
Chr2,3485000,3486000,3738,55.9643254305215,0,45S rDNA
Chr2,3486000,3487000,991,17.1752717097956,0,45S rDNA
Chr2,3487000,3488000,478,11.4414802872464,1.11253693099605e-308,45S rDNA
Chr2,3488000,3489000,330,7.06179784393594,6.24570848868566e-158,45S rDNA
Chr2,3489000,3490000,334,8.3793806521861,2.1666515672156e-181,45S rDNA
Chr2,3490000,3491000,376,8.74538952044375,2.99942698724648e-210,45S rDNA
Chr2,3491000,3492000,318,6.97575479126014,9.05148698170195e-151,45S rDNA
Chr2,3492000,3493000,145,3.11757348300056,1.19864676898234e-29,45S rDNA
Chr2,3493000,3494000,620,8.84397724993674,0,45S rDNA
Chr2,3494000,3495000,163,3.25807916600641,2.21288330427264e-35,45S rDNA
Chr2,3496000,3497000,2286,45.96843118216,0,45S rDNA
Chr2,3497000,3498000,212,4.23961816018618,1.73783278364728e-63,45S rDNA
Chr2,3498000,3499000,293,6.9509630146399,1.35159751096015e-138,45S rDNA
Chr2,3500000,3501000,320,6.79550570566819,1.31674485075637e-148,45S rDNA
Chr2,3501000,3502000,422,9.20368548020006,3.57489212188208e-244,45S rDNA
Chr2,3502000,3503000,294,6.30996771541828,1.37153027668302e-128,45S rDNA
Chr2,3503000,3504000,418,7.10635385444923,8.73839809249972e-201,45S rDNA
Chr2,3504000,3505000,492,8.89465131721034,4.82004872971432e-278,45S rDNA
Chr2,3505000,3506000,169,3.05375989349463,2.07921453703222e-33,45S rDNA
Chr2,3506000,3507000,547,6.87059896950527,1.29566717508376e-255,45S rDNA
Chr2,3507000,3508000,1893,31.9600545691922,0,45S rDNA
Chr2,3509000,3510000,270,6.02681810641183,1.17861048135328e-113,45S rDNA
Chr2,3510000,3511000,155,3.67430053587301,1.95477320348916e-39,45S rDNA
Chr2,3511000,3512000,458,10.8582511392051,1.74691929477674e-294,45S rDNA
Chr2,3512000,3513000,287,5.84159872583292,1.57870102096836e-117,45S rDNA
Chr2,3513000,3514000,271,7.00106246406649,5.64740657815894e-129,45S rDNA
Chr2,3514000,3515000,677,11.042138818589,0,45S rDNA
Chr2,3515000,3516000,211,3.55547642729974,3.13078469857407e-51,45S rDNA
Chr2,3516000,3517000,669,9.18086966979235,0,45S rDNA
Chr2,3518000,3519000,3459,67.9486444920419,0,45S rDNA
Chr2,3519000,3520000,1193,20.0867035758439,0,45S rDNA
Chr2,3520000,3521000,333,7.02500059384294,1.03629582366074e-158,45S rDNA
Chr2,3521000,3522000,449,8.32090012266382,2.41286522928033e-242,45S rDNA
Chr2,3522000,3523000,313,8.53373502084404,3.16979288171659e-172,45S rDNA
Chr2,3523000,3524000,382,9.16058598676087,2.03328177380362e-220,45S rDNA
Chr2,3524000,3525000,307,6.5503575023771,1.91855602386847e-138,45S rDNA
Chr2,3525000,3526000,192,4.53903029156428,5.81647154708957e-62,45S rDNA
Chr2,3526000,3527000,684,9.26697886654256,0,45S rDNA
Chr2,3527000,3528000,174,4.07166648171955,6.2696017955903e-50,45S rDNA
Chr2,3529000,3530000,2842,57.5972056025115,0,45S rDNA
Chr2,3530000,3531000,260,3.844067048789,2.28913063092389e-69,45S rDNA
Chr2,3531000,3532000,365,8.76656692934895,1.83586441661694e-204,45S rDNA
Chr2,3533000,3534000,377,8.9981094737834,6.11071744719438e-215,45S rDNA
Chr2,3534000,3535000,420,8.83104835663974,2.51156724807042e-236,45S rDNA
Chr2,3535000,3536000,285,6.71502425909632,3.44468233227605e-131,45S rDNA
Chr2,3536000,3537000,362,6.46619492620998,2.26499045333587e-161,45S rDNA
Chr2,3537000,3538000,383,5.74233161681635,3.39326451393508e-154,45S rDNA
Chr2,3538000,3539000,208,3.38168016291388,2.72098176418101e-47,45S rDNA
Chr2,3540000,3541000,2279,47.2710616522437,0,45S rDNA
Chr2,3541000,3542000,971,16.8505276104704,0,45S rDNA
Chr2,3542000,3543000,274,5.85560839794086,1.77427419195841e-112,45S rDNA
Chr2,3543000,3544000,270,4.92793614699678,2.09006289901433e-94,45S rDNA
Chr2,3544000,3545000,327,8.39415871551686,7.90878753168345e-178,45S rDNA
Chr2,3545000,3546000,370,8.53936578292306,1.59263153330329e-203,45S rDNA
Chr2,3546000,3547000,285,6.21102281930457,4.8809185915134e-123,45S rDNA
Chr2,3547000,3548000,179,4.1105933045113,6.6960190953051e-52,45S rDNA
Chr2,3548000,3549000,701,9.26530535299296,0,45S rDNA
Chr2,3549000,3550000,330,6.48029913967069,1.89451837801581e-147,45S rDNA
Chr2,3550000,3551000,213,3.2880730488472,1.36128882749258e-46,45S rDNA
Chr2,3551000,3552000,3893,64.1787108722537,0,45S rDNA
Chr2,3552000,3553000,1536,25.3021947745832,0,45S rDNA
Chr2,3553000,3554000,320,7.03736255727873,9.26826379945466e-153,45S rDNA
Chr2,3554000,3555000,602,11.6937452348616,0,45S rDNA
Chr2,3555000,3556000,422,10.609723830905,1.45960010022245e-267,45S rDNA
Chr2,3556000,3557000,767,19.5835875688781,0,45S rDNA
Chr2,3557000,3558000,313,8.46114181178204,3.34721038271903e-171,45S rDNA
Chr2,3558000,3559000,208,4.49940675592885,1.92043018060533e-66,45S rDNA
Chr2,3559000,3560000,731,9.79897149300649,0,45S rDNA
Chr2,3560000,3561000,198,4.39492098645885,1.01018169257406e-61,45S rDNA
Chr2,3562000,3563000,1851,27.3698322972566,0,45S rDNA
Chr2,3563000,3564000,1373,26.9368713083617,0,45S rDNA
Chr2,3564000,3565000,171,4.00614787639399,3.56132890649637e-48,45S rDNA
Chr2,3565000,3566000,329,6.66731934002097,1.90038391922266e-150,45S rDNA
Chr2,3566000,3567000,260,6.87388734336769,5.26117421528233e-122,45S rDNA
Chr2,3567000,3568000,472,11.8534030744199,1.11253692925749e-308,45S rDNA
Chr2,3568000,3569000,275,7.48393141314288,1.00561421041301e-137,45S rDNA
Chr2,3569000,3570000,213,5.24643446979569,2.70841582042433e-79,45S rDNA
Chr2,3570000,3571000,665,9.65300966518731,0,45S rDNA
Chr2,3573000,3574000,1218,14.9575830756302,0,45S rDNA
Chr2,3574000,3575000,2932,56.9591162722054,0,45S rDNA
Chr2,3575000,3576000,239,4.3532066197757,1.41735547307052e-73,45S rDNA
Chr2,3576000,3577000,459,9.7452360903434,1.10046473041977e-275,45S rDNA
Chr2,3577000,3578000,394,10.3693408356751,2.53132671667047e-246,45S rDNA
Chr2,3578000,3579000,794,19.4506409650919,0,45S rDNA
Chr2,3579000,3580000,342,9.12373553940299,6.80592001817081e-197,45S rDNA
Chr2,3580000,3581000,250,5.10432840945347,1.58052222031478e-90,45S rDNA
Chr2,3581000,3582000,606,8.13998410806159,1.11253692925366e-308,45S rDNA
Chr2,3583000,3584000,387,6.46702240765002,1.80213421547096e-172,45S rDNA
Chr2,3584000,3585000,645,9.03419525831684,0,45S rDNA
Chr2,3585000,3586000,4264,77.5209948497539,0,45S rDNA
Chr2,3586000,3587000,267,5.53181472521794,3.41976709586782e-104,45S rDNA
Chr2,3587000,3588000,564,12.3517924242006,0,45S rDNA
Chr2,3588000,3589000,220,4.07102626422299,6.53919196509651e-63,45S rDNA
Chr2,3589000,3590000,429,9.61399727403879,1.83975195246571e-255,45S rDNA
Chr2,3590000,3591000,280,6.74851637695341,2.04084962824573e-129,45S rDNA
Chr2,3591000,3592000,265,6.5409347493564,1.76798971407754e-119,45S rDNA
Chr2,3592000,3593000,632,10.0081189898651,0,45S rDNA
Chr2,3593000,3594000,223,3.94443071601849,1.82810547541206e-61,45S rDNA
Chr2,3594000,3595000,198,3.45883598772878,1.98699202927224e-46,45S rDNA
Chr2,3595000,3596000,266,3.48827325981105,8.47550737184106e-63,45S rDNA
Chr2,3596000,3597000,2198,42.1457645425279,0,45S rDNA
Chr2,3598000,3599000,274,6.48484921053434,1.21464296110729e-122,45S rDNA
Chr2,3600000,3601000,560,12.8253849534207,0,45S rDNA
Chr2,3601000,3602000,437,10.5496515613928,4.57588327344409e-276,45S rDNA
Chr2,3602000,3603000,622,12.8020586656331,0,45S rDNA
Chr2,3603000,3604000,566,7.79703532536851,2.83463062362011e-291,45S rDNA
Chr2,3604000,3605000,298,4.809172280434,1.32605779826823e-101,45S rDNA
Chr2,3605000,3606000,205,3.39367458713315,7.64829984953543e-47,45S rDNA
Chr2,3607000,3608000,3047,56.4019600724797,0,45S rDNA
Chr2,3608000,3609000,300,5.20771617642202,1.42355648033799e-110,45S rDNA
Chr2,3609000,3610000,358,8.6607824128402,6.90412818888741e-199,45S rDNA
Chr2,3610000,3611000,165,3.48544709728002,3.30623676628978e-39,45S rDNA
Chr2,3611000,3612000,346,7.44717316894609,2.03542156029538e-172,45S rDNA
Chr2,3612000,3613000,418,8.86769343965181,7.160918254029e-236,45S rDNA
Chr2,3613000,3614000,318,6.99222691954264,4.76464602311866e-151,45S rDNA
Chr2,3614000,3615000,404,7.85220090536731,3.0663724996721e-209,45S rDNA
Chr2,3615000,3616000,622,10.9309712640988,0,45S rDNA
Chr2,3616000,3617000,261,3.51302365715527,3.3208039752463e-62,45S rDNA
Chr2,3617000,3618000,194,3.0987060764212,4.5053935967528e-39,45S rDNA
Chr2,3618000,3619000,373,4.4894540770489,3.16567943447309e-118,45S rDNA
Chr2,3619000,3620000,4492,76.6476812570633,0,45S rDNA
Chr2,3620000,3621000,288,5.25215586046349,4.83587751115543e-107,45S rDNA
Chr2,3621000,3622000,495,10.4398182347552,1.1198924629448e-308,45S rDNA
Chr2,3622000,3623000,203,4.18936188864484,5.034705152516e-60,45S rDNA
Chr2,3623000,3624000,408,10.2842182311915,9.99811522438297e-254,45S rDNA
Chr2,3624000,3625000,309,8.20837369900557,1.89448273841039e-165,45S rDNA
Chr2,3625000,3626000,270,6.02513867206238,1.25454917193913e-113,45S rDNA
Chr2,3626000,3627000,477,7.8792359037668,1.65257743114358e-247,45S rDNA
Chr2,3627000,3628000,304,5.52030825743107,2.71559217115169e-118,45S rDNA
Chr2,3628000,3629000,237,3.92682832272725,6.28340985435238e-65,45S rDNA
Chr2,3629000,3630000,446,7.81874589479076,3.51020837052807e-230,45S rDNA
Chr2,3630000,3631000,3800,70.1556143237937,0,45S rDNA
Chr2,3631000,3632000,272,4.57912340515967,2.9403755915443e-88,45S rDNA
Chr2,3632000,3633000,423,9.41629319334764,1.72835016987313e-248,45S rDNA
Chr2,3633000,3634000,242,5.49275851345064,6.64228566305046e-94,45S rDNA
Chr2,3634000,3635000,643,16.1033107314236,0,45S rDNA
Chr2,3635000,3636000,640,19.5021704840752,0,45S rDNA
Chr2,3636000,3637000,267,6.04716620733989,9.9809055170434e-113,45S rDNA
Chr2,3637000,3638000,443,8.56158627395344,6.00002857053564e-244,45S rDNA
Chr2,3638000,3639000,412,8.11243778477901,1.83155097421946e-218,45S rDNA
Chr2,3639000,3640000,424,6.30955772128053,4.76432012511505e-185,45S rDNA
Chr2,3641000,3642000,2830,50.7680619998121,0,45S rDNA
Chr2,3642000,3643000,223,4.15109614683917,3.48546009426362e-65,45S rDNA
Chr2,3643000,3644000,363,8.39911178293406,2.17738924222819e-197,45S rDNA
Chr2,3644000,3645000,147,3.0252559030336,9.4418413818959e-29,45S rDNA
Chr2,3645000,3646000,386,8.51078854471095,8.57832821270155e-212,45S rDNA
Chr2,3646000,3647000,405,9.36657972559482,4.01211389235854e-237,45S rDNA
Chr2,3647000,3648000,264,6.08453574893849,4.64558697282313e-112,45S rDNA
Chr2,3648000,3649000,388,6.66881558411114,2.67543972572189e-177,45S rDNA
Chr2,3649000,3650000,323,5.9747977406277,8.72638794466729e-135,45S rDNA
Chr2,3650000,3651000,203,3.52419352078942,9.30504017554594e-49,45S rDNA
Chr2,3652000,3653000,4368,67.1800107588961,0,45S rDNA
Chr2,3653000,3654000,365,6.61270699421639,1.04991743441472e-165,45S rDNA
Chr2,3654000,3655000,484,11.7680049715549,0,45S rDNA
Chr2,3655000,3656000,247,4.59550079571296,1.61699983438716e-80,45S rDNA
Chr2,3656000,3657000,192,4.67426011115853,7.08167542961911e-64,45S rDNA
Chr2,3657000,3658000,137,3.54912910661944,1.89864573584403e-33,45S rDNA
Chr2,3660000,3661000,537,7.40416372494412,6.14120980476284e-266,45S rDNA
Chr2,3661000,3662000,189,3.30478816694924,1.01592966684335e-41,45S rDNA
Chr2,3663000,3664000,1759,33.9018303973191,0,45S rDNA
Chr2,3664000,3665000,651,11.4930759910057,0,45S rDNA
Chr2,3665000,3666000,275,6.33769327049449,8.93569615553452e-121,45S rDNA
Chr2,3667000,3668000,290,7.08463343183885,3.06385462217465e-139,45S rDNA
Chr2,3668000,3669000,420,10.1496562167596,5.34569430141227e-259,45S rDNA
Chr2,3669000,3670000,293,6.3573400759235,5.90591337821399e-129,45S rDNA
Chr2,3670000,3671000,164,3.61638097759619,7.3394507788957e-41,45S rDNA
Chr2,3671000,3672000,709,9.60958607628387,0,45S rDNA
Chr2,3672000,3673000,193,3.47519719323539,1.47831011228694e-45,45S rDNA
Chr2,3674000,3675000,2537,36.8693666548604,0,45S rDNA
Chr2,3675000,3676000,960,18.629757196778,0,45S rDNA
Chr2,3676000,3677000,262,6.16367988782644,1.90794529707654e-112,45S rDNA
Chr2,3677000,3678000,270,5.02015617333714,3.84614338581317e-96,45S rDNA
Chr2,3678000,3679000,310,8.03503500147994,1.82067874644216e-163,45S rDNA
Chr2,3679000,3680000,376,9.35569727780507,4.90078617301495e-220,45S rDNA
Chr2,3680000,3681000,345,7.72677919924785,1.03622384707503e-176,45S rDNA
Chr2,3681000,3682000,190,4.3049314267045,6.02049418010524e-58,45S rDNA
Chr2,3682000,3683000,667,10.4683845437453,0,45S rDNA
Chr2,3683000,3684000,234,4.72417291553337,1.59023323392378e-78,45S rDNA
Chr2,3685000,3686000,3540,61.1805049913301,0,45S rDNA
Chr2,3686000,3687000,1379,22.8825955308272,0,45S rDNA
Chr2,3687000,3688000,272,6.37309796174836,5.08466581234112e-120,45S rDNA
Chr2,3688000,3689000,522,10.3897626637227,0,45S rDNA
Chr2,3689000,3690000,258,5.70174500164485,1.71625527652014e-103,45S rDNA
Chr2,3690000,3691000,367,9.22404401196903,8.89777684300208e-213,45S rDNA
Chr2,3691000,3692000,290,6.67186520040443,8.73397385694563e-133,45S rDNA
Chr2,3692000,3693000,220,5.03595165248439,1.00349172109742e-78,45S rDNA
Chr2,3693000,3694000,691,9.35770017201803,0,45S rDNA
Chr2,3694000,3695000,207,3.78412158674573,2.39088661060772e-54,45S rDNA
Chr2,3695000,3696000,234,3.49358743554097,1.88332277798406e-55,45S rDNA
Chr2,3696000,3697000,1463,24.5336918762809,0,45S rDNA
Chr2,3697000,3698000,1038,20.1776525578072,0,45S rDNA
Chr2,3698000,3699000,172,3.36539666209934,5.51437945116688e-39,45S rDNA
Chr2,3699000,3700000,289,6.25597329351179,1.64369787693225e-125,45S rDNA
Chr2,3700000,3701000,232,4.85566429137374,4.77863122722517e-80,45S rDNA
Chr2,3701000,3702000,411,9.80259819011973,6.91347341115657e-248,45S rDNA
Chr2,3702000,3703000,267,6.21123933183604,2.53533936481004e-115,45S rDNA
Chr2,3703000,3704000,219,5.44885741424879,1.97907522454903e-84,45S rDNA
Chr2,3704000,3705000,776,10.5031083965421,0,45S rDNA
Chr2,3705000,3706000,251,4.73727967831926,2.07334598055528e-84,45S rDNA
Chr2,3707000,3708000,716,9.75697578293014,0,45S rDNA
Chr2,3708000,3709000,1296,24.1899824410551,0,45S rDNA
Chr2,3710000,3711000,189,4.68381161323084,5.06011143703204e-63,45S rDNA
Chr2,3711000,3712000,239,5.98440004518349,4.35341526867551e-100,45S rDNA
Chr2,3712000,3713000,474,10.5054503760685,1.38255238889313e-298,45S rDNA
Chr2,3713000,3714000,275,6.7552811583786,3.18987682985529e-127,45S rDNA
Chr2,3714000,3715000,259,5.83298385047261,5.28268724455222e-106,45S rDNA
Chr2,3715000,3716000,737,10.3296591333874,0,45S rDNA
Chr2,3716000,3717000,283,5.0019561394712,2.25540192036285e-100,45S rDNA
Chr2,3718000,3719000,525,9.17555946396173,6.2255611825049e-303,45S rDNA
Chr2,3719000,3720000,3423,66.623696233825,0,45S rDNA
Chr2,3720000,3721000,220,4.73799840282148,4.28247399614353e-74,45S rDNA
Chr2,3721000,3722000,422,8.66248650317814,2.5329325800767e-234,45S rDNA
Chr2,3722000,3723000,321,7.05664126595613,1.46377306279646e-153,45S rDNA
Chr2,3723000,3724000,916,21.3126856284543,0,45S rDNA
Chr2,3724000,3725000,386,11.7497278373081,2.28752254142432e-260,45S rDNA
Chr2,3725000,3726000,247,6.0345214854194,3.71106535917292e-104,45S rDNA
Chr2,3726000,3727000,674,10.5633417114564,0,45S rDNA
Chr2,3727000,3728000,232,3.75722834324021,2.74303695811846e-60,45S rDNA
Chr2,3728000,3729000,343,5.43226606473581,2.11676605268265e-131,45S rDNA
Chr2,3729000,3730000,288,4.98406595809035,8.95604590971594e-102,45S rDNA
Chr2,3730000,3731000,4424,86.3291106102231,0,45S rDNA
Chr2,3731000,3732000,321,7.0489011746257,1.97998316794844e-153,45S rDNA
Chr2,3732000,3733000,505,11.1511602362731,0,45S rDNA
Chr2,3733000,3734000,236,4.45102822935825,2.02433670236941e-74,45S rDNA
Chr2,3734000,3735000,450,10.8288822638395,7.08747789393924e-289,45S rDNA
Chr2,3735000,3736000,316,9.26331681157984,7.60031866155932e-184,45S rDNA
Chr2,3736000,3737000,267,6.4495566710643,5.37845990173443e-119,45S rDNA
Chr2,3737000,3738000,609,9.61083076188165,0,45S rDNA
Chr2,3738000,3739000,265,4.58940499585033,3.29714883757799e-86,45S rDNA
Chr2,3739000,3740000,245,3.85079351321045,1.50566174790523e-65,45S rDNA
Chr2,3740000,3741000,225,3.3769730112457,5.34959274614887e-51,45S rDNA
Chr2,3741000,3742000,3030,63.9447599950477,0,45S rDNA
Chr2,3742000,3743000,226,4.20420414104088,5.33951308041319e-67,45S rDNA
Chr2,3743000,3744000,371,9.19244188772793,1.35554151813945e-214,45S rDNA
Chr2,3744000,3745000,184,4.24146946149769,3.11607319424397e-55,45S rDNA
Chr2,3745000,3746000,407,9.96602266785258,4.16852921065536e-248,45S rDNA
Chr2,3746000,3747000,394,8.67714380253893,4.34997839336041e-219,45S rDNA
Chr2,3747000,3748000,274,5.76393185582747,6.34444146910877e-111,45S rDNA
Chr2,3748000,3749000,466,7.27581341361062,7.6415270366921e-228,45S rDNA
Chr2,3749000,3750000,416,7.24807615440955,6.75725509603928e-203,45S rDNA
Chr2,3750000,3751000,225,3.40788644250313,1.26041956845019e-51,45S rDNA
Chr2,3752000,3753000,2121,44.1631176271569,0,45S rDNA
Chr2,3754000,3755000,186,4.52268976873245,8.00054725246449e-60,45S rDNA
Chr2,3755000,3756000,245,4.98850570806184,8.92119982450864e-87,45S rDNA
Chr2,3756000,3757000,538,14.0777230760769,0,45S rDNA
Chr2,3757000,3758000,521,12.7966170757182,0,45S rDNA
Chr2,3759000,3760000,510,9.19432725137756,1.05213390669838e-294,45S rDNA
Chr2,3760000,3761000,553,9.8664725771498,0,45S rDNA
Chr2,3763000,3764000,1396,20.7023665592826,0,45S rDNA
Chr2,3764000,3765000,2089,33.788884102694,0,45S rDNA
Chr2,3765000,3766000,193,4.01986891312814,1.72596042674812e-54,45S rDNA
Chr2,3766000,3767000,347,6.75844763107575,2.27752342691062e-160,45S rDNA
Chr2,3767000,3768000,242,6.20741530658441,1.51385748683442e-104,45S rDNA
Chr2,3768000,3769000,436,9.205173575508,2.86213022163748e-252,45S rDNA
Chr2,3769000,3770000,264,6.60130141549418,6.36064615687625e-120,45S rDNA
Chr2,3770000,3771000,248,5.27855499480596,1.00012724545504e-92,45S rDNA
Chr2,3771000,3772000,648,10.3714175026085,0,45S rDNA
Chr2,3773000,3774000,206,3.38934957169381,5.48815898954649e-47,45S rDNA
Chr2,3774000,3775000,581,8.96507332974021,0,45S rDNA
Chr2,3775000,3776000,4439,83.9382800319922,0,45S rDNA
Chr2,3776000,3777000,320,6.5485669058762,3.08018258142599e-144,45S rDNA
Chr2,3777000,3778000,612,12.8189584590769,0,45S rDNA
Chr2,3778000,3779000,237,4.84285446527312,1.53825568130324e-81,45S rDNA
Chr2,3779000,3780000,498,10.4562748295795,1.11258494284864e-308,45S rDNA
Chr2,3780000,3781000,292,7.12219479918013,9.0356953545807e-141,45S rDNA
Chr2,3781000,3782000,271,6.64479284326801,9.79457314844065e-124,45S rDNA
Chr2,3782000,3783000,603,9.58718132401343,0,45S rDNA
Chr2,3783000,3784000,179,3.44910033000284,6.85109777524937e-42,45S rDNA
Chr2,3784000,3785000,187,3.25347772484003,2.10881180307146e-40,45S rDNA
Chr2,3785000,3786000,243,3.21795729837061,1.80621850817702e-51,45S rDNA
Chr2,3786000,3787000,2151,38.4976251610389,0,45S rDNA
Chr2,3788000,3789000,262,5.22803905565663,4.97712047952427e-97,45S rDNA
Chr2,3790000,3791000,401,9.27835764450843,2.54388425932723e-233,45S rDNA
Chr2,3791000,3792000,325,7.0508929220378,2.30524346042677e-155,45S rDNA
Chr2,3792000,3793000,266,6.00515603528477,1.22836648795331e-111,45S rDNA
Chr2,3793000,3794000,486,7.2311067499189,1.82783246459192e-236,45S rDNA
Chr2,3794000,3795000,215,3.57043866353536,1.81093668518423e-52,45S rDNA
Chr2,3797000,3798000,2981,53.5993595777193,0,45S rDNA
Chr2,3798000,3799000,206,3.76034698777026,1.12594215826206e-53,45S rDNA
Chr2,3799000,3800000,333,7.60781189496399,1.2061094837943e-168,45S rDNA
Chr2,3800000,3801000,164,3.5738677365403,2.97419379467443e-40,45S rDNA
Chr2,3801000,3802000,369,8.55722535793936,2.84821148342245e-203,45S rDNA
Chr2,3802000,3803000,355,8.24115247574586,1.74328960823916e-190,45S rDNA
Chr2,3803000,3804000,261,5.35102036625985,8.50140844914821e-99,45S rDNA
Chr2,3804000,3805000,485,8.22829158973418,1.24660155762452e-259,45S rDNA
Chr2,3805000,3806000,383,6.61154163219217,8.29499277024826e-174,45S rDNA
Chr2,3808000,3809000,4416,78.7574624341525,0,45S rDNA
Chr2,3809000,3810000,349,6.44769871615179,3.05196731723587e-155,45S rDNA
Chr2,3810000,3811000,547,12.3496449929455,0,45S rDNA
Chr2,3811000,3812000,220,4.87972891121521,2.53047154820499e-76,45S rDNA
Chr2,3812000,3813000,357,8.84282126675948,3.44973557909324e-201,45S rDNA
Chr2,3813000,3814000,405,9.69993987254594,1.273189267145e-242,45S rDNA
Chr2,3814000,3815000,290,7.21897059047801,2.83784473404874e-141,45S rDNA
Chr2,3815000,3816000,335,6.34869931591449,3.74365113455311e-147,45S rDNA
Chr2,3816000,3817000,361,5.07338533319896,1.38283463425086e-129,45S rDNA
Chr2,3817000,3818000,250,3.95249879324773,5.65392619862736e-69,45S rDNA
Chr2,3819000,3820000,5396,98.0521737284004,0,45S rDNA
Chr2,3820000,3821000,604,11.4955784010698,0,45S rDNA
Chr2,3821000,3822000,359,8.16872271709208,2.04989918957212e-191,45S rDNA
Chr2,3823000,3824000,328,8.60575922825392,1.70891939413327e-181,45S rDNA
Chr2,3824000,3825000,399,9.92860426093568,1.16081801803507e-242,45S rDNA
Chr2,3825000,3826000,264,5.86607322787505,1.42981079789463e-108,45S rDNA
Chr2,3826000,3827000,319,5.22515263418378,6.72991154979149e-118,45S rDNA
Chr2,3827000,3828000,351,5.19313387838229,7.00977039408146e-129,45S rDNA
Chr2,3828000,3829000,237,3.75215425436032,1.81103024163688e-61,45S rDNA
Chr2,3830000,3831000,3431,77.7248039843993,0,45S rDNA
Chr2,3831000,3832000,269,4.22818007596232,4.24452543937706e-80,45S rDNA
Chr2,3832000,3833000,348,8.39198809548341,3.72680999588012e-189,45S rDNA
Chr2,3833000,3834000,174,3.23146035105303,2.72593830169904e-37,45S rDNA
Chr2,3834000,3835000,367,9.59630674294251,2.09143726842109e-218,45S rDNA
Chr2,3835000,3836000,456,11.5006422029814,1.4825710780241e-303,45S rDNA
Chr2,3836000,3837000,311,7.17975234320879,8.2703278473361e-151,45S rDNA
Chr2,3837000,3838000,388,7.22824770145876,6.69282915086426e-189,45S rDNA
Chr2,3838000,3839000,557,8.68240718368827,1.1990001532523e-308,45S rDNA
Chr2,3841000,3842000,4224,65.4201149986823,0,45S rDNA
Chr2,3842000,3843000,492,8.79419389195012,6.81111556826103e-276,45S rDNA
Chr2,3843000,3844000,521,13.2847514212799,0,45S rDNA
Chr2,3844000,3845000,273,4.89785263043592,7.21355979768017e-95,45S rDNA
Chr2,3845000,3846000,566,14.2184973189762,0,45S rDNA
Chr2,3846000,3847000,732,20.1315806328632,0,45S rDNA
Chr2,3847000,3848000,325,7.32432485895928,5.56016870003637e-160,45S rDNA
Chr2,3848000,3849000,263,4.73605737029715,2.19585492980987e-88,45S rDNA
Chr2,3849000,3850000,621,8.69074290809393,0,45S rDNA
Chr2,3850000,3851000,211,4.0897100815905,1.09458957507154e-60,45S rDNA
Chr2,3852000,3853000,2707,59.2582942153197,0,45S rDNA
Chr2,3853000,3854000,687,10.990351401776,0,45S rDNA
Chr2,3854000,3855000,346,8.10174049484819,1.96892906136389e-183,45S rDNA
Chr2,3855000,3856000,208,4.26944271555047,8.67158779056821e-63,45S rDNA
Chr2,3856000,3857000,350,8.74026307926336,1.08871071134061e-195,45S rDNA
Chr2,3857000,3858000,417,9.71537542431264,4.84605910274416e-250,45S rDNA
Chr2,3858000,3859000,339,8.29789307358149,7.92280478391307e-183,45S rDNA
Chr2,3859000,3860000,202,4.34333559369219,3.73085425320072e-62,45S rDNA
Chr2,3860000,3861000,796,11.315825266276,0,45S rDNA
Chr2,3861000,3862000,210,3.82238507717726,8.42778454489989e-56,45S rDNA
Chr2,3862000,3863000,213,3.20070700071301,7.18929802388208e-45,45S rDNA
Chr2,3863000,3864000,915,16.3164515472664,0,45S rDNA
Chr2,3864000,3865000,1063,21.7624187457558,0,45S rDNA
Chr2,3866000,3867000,173,3.93310704241154,1.07439783616389e-47,45S rDNA
Chr2,3867000,3868000,233,5.07336546283224,6.24785739697652e-84,45S rDNA
Chr2,3868000,3869000,425,8.35731625303243,3.8009317268589e-230,45S rDNA
Chr2,3869000,3870000,273,6.45889121992844,8.5295835562565e-122,45S rDNA
Chr2,3870000,3871000,220,5.86203941606821,1.48004171219808e-90,45S rDNA
Chr2,3871000,3872000,674,9.8439633063756,0,45S rDNA
Chr2,3872000,3873000,767,9.68006746060474,0,45S rDNA
Chr2,3874000,3875000,875,14.2211984710291,0,45S rDNA
Chr2,3875000,3876000,2501,42.7186352834942,0,45S rDNA
Chr2,3876000,3877000,179,3.49638054819548,1.20866749574397e-42,45S rDNA
Chr2,3877000,3878000,395,8.07678252536571,8.00054017485113e-209,45S rDNA
Chr2,3878000,3879000,238,5.94004470390687,4.93922342456085e-99,45S rDNA
Chr2,3879000,3880000,440,12.925732399891,1.11254743472294e-308,45S rDNA
Chr2,3880000,3881000,292,7.50869885192608,1.50484686092146e-146,45S rDNA
Chr2,3881000,3882000,253,5.90614483739771,1.05773704770158e-104,45S rDNA
Chr2,3882000,3883000,708,9.41939088011121,0,45S rDNA
Chr2,3883000,3884000,263,4.16592434641021,4.85896057871385e-77,45S rDNA
Chr2,3884000,3885000,237,3.90646028515671,1.57154690056821e-64,45S rDNA
Chr2,3886000,3887000,3084,59.9032572050355,0,45S rDNA
Chr2,3887000,3888000,243,4.2873956496666,1.47291131382513e-73,45S rDNA
Chr2,3888000,3889000,381,7.7133127860853,8.35583036283489e-195,45S rDNA
Chr2,3889000,3890000,164,3.05098015105662,2.13028922296682e-32,45S rDNA
Chr2,3890000,3891000,361,8.49819633888951,6.33109527199945e-198,45S rDNA
Chr2,3891000,3892000,420,10.0471773124322,2.47068165373148e-257,45S rDNA
Chr2,3892000,3893000,271,5.83760851789146,5.91383242958854e-111,45S rDNA
Chr2,3893000,3894000,468,9.22144790450995,4.83705054751197e-271,45S rDNA
Chr2,3894000,3895000,421,7.60146364507764,7.54852637819145e-213,45S rDNA
Chr2,3895000,3896000,265,5.04430917537721,8.08325405016596e-95,45S rDNA
Chr2,3897000,3898000,4590,89.1556259958214,0,45S rDNA
Chr2,3898000,3899000,441,7.71251961337694,2.49070802777553e-225,45S rDNA
Chr2,3899000,3900000,583,13.8792731856193,0,45S rDNA
Chr2,3900000,3901000,226,3.91127636288745,1.15755851825038e-61,45S rDNA
Chr2,3901000,3902000,341,8.12869814688029,3.16597301908046e-181,45S rDNA
Chr2,3902000,3903000,395,10.4630560605789,2.43833989107567e-248,45S rDNA
Chr2,3903000,3904000,283,6.369551117683,8.80932519649702e-125,45S rDNA
Chr2,3904000,3905000,465,8.48081584468858,2.49245464215799e-254,45S rDNA
Chr2,3905000,3906000,549,8.38470312489573,1.015872443927e-297,45S rDNA
Chr2,3906000,3907000,222,3.58310521528375,2.13394483363482e-54,45S rDNA
Chr2,3908000,3909000,3657,73.3054918826544,0,45S rDNA
Chr2,3909000,3910000,353,5.77733864811618,5.88220133579075e-143,45S rDNA
Chr2,3910000,3911000,432,10.7377553608855,6.43206884131789e-276,45S rDNA
Chr2,3911000,3912000,269,5.83407319115286,4.40021258976305e-110,45S rDNA
Chr2,3912000,3913000,585,13.5994138170247,0,45S rDNA
Chr2,3913000,3914000,727,18.1763136275429,0,45S rDNA
Chr2,3914000,3915000,305,7.33164441460685,2.6416366796892e-150,45S rDNA
Chr2,3915000,3916000,345,7.35879813148056,2.24207808304736e-170,45S rDNA
Chr2,3916000,3917000,499,6.88614733544142,1.10339310757334e-233,45S rDNA
Chr2,3917000,3918000,176,3.10869879766225,1.10481037594571e-35,45S rDNA
Chr2,3919000,3920000,2733,54.2971103440479,0,45S rDNA
Chr2,3920000,3921000,366,5.95892494681119,2.89019027165411e-152,45S rDNA
Chr2,3921000,3922000,354,7.87679877543281,7.18165349947011e-184,45S rDNA
Chr2,3922000,3923000,190,3.8611758703102,3.5489524266901e-51,45S rDNA
Chr2,3923000,3924000,332,7.53979396139684,5.09097606214754e-167,45S rDNA
Chr2,3924000,3925000,449,10.3530877080492,2.61473805654977e-280,45S rDNA
Chr2,3925000,3926000,311,7.45528495723003,3.40433924081706e-155,45S rDNA
Chr2,3926000,3927000,260,5.41452248480281,1.66421878928388e-99,45S rDNA
Chr2,3927000,3928000,551,7.85413206482355,4.23217995088289e-285,45S rDNA
Chr2,3928000,3929000,199,4.12595192690982,7.39904839416991e-58,45S rDNA
Chr2,3930000,3931000,1577,33.9664878877672,0,45S rDNA
Chr2,3931000,3932000,459,8.02416204277795,2.24022414576777e-241,45S rDNA
Chr2,3932000,3933000,173,4.44436553515668,1.12071960152545e-54,45S rDNA
Chr2,3933000,3934000,228,4.65040486003089,2.62681196111126e-75,45S rDNA
Chr2,3934000,3935000,287,6.96544612283824,5.38351926743092e-136,45S rDNA
Chr2,3935000,3936000,391,9.07056429088683,4.23891581784483e-224,45S rDNA
Chr2,3936000,3937000,323,7.35626368770987,1.57601283523448e-159,45S rDNA
Chr2,3937000,3938000,149,3.04466377774555,2.06745071724166e-29,45S rDNA
Chr2,3938000,3939000,661,9.65127822825811,0,45S rDNA
Chr2,3939000,3940000,212,4.69292540929056,9.75582901519335e-71,45S rDNA
Chr2,3941000,3942000,1415,24.075620274419,0,45S rDNA
Chr2,3942000,3943000,711,13.1562086852942,0,45S rDNA
Chr2,3943000,3944000,159,3.94425538085842,4.82566552574008e-44,45S rDNA
Chr2,3944000,3945000,214,5.06750503748004,4.59979437566765e-77,45S rDNA
Chr2,3945000,3946000,329,7.9872003589483,1.10203028453064e-172,45S rDNA
Chr2,3946000,3947000,393,9.44416921955402,2.22074870205339e-231,45S rDNA
Chr2,3947000,3948000,339,6.87380031891659,8.14187275807956e-159,45S rDNA
Chr2,3948000,3949000,154,3.60134367560331,3.25957464854379e-38,45S rDNA
Chr2,3949000,3950000,777,10.6724935553723,0,45S rDNA
Chr2,3950000,3951000,347,6.43062882531034,5.072641920261e-154,45S rDNA
Chr2,3952000,3953000,1957,32.0329697563174,0,45S rDNA
Chr2,3953000,3954000,945,17.1074112114501,0,45S rDNA
Chr2,3954000,3955000,215,5.03696955219128,5.73501212222633e-77,45S rDNA
Chr2,3955000,3956000,298,5.15066793791971,1.08278847807345e-108,45S rDNA
Chr2,3956000,3957000,142,3.54826255371105,1.24269250306852e-34,45S rDNA
Chr2,3958000,3959000,214,6.21907698350631,1.08989569653333e-92,45S rDNA
Chr2,3959000,3960000,191,4.49205005054174,5.67550568286534e-61,45S rDNA
Chr2,3960000,3961000,787,11.2546126293857,0,45S rDNA
Chr2,3961000,3962000,362,7.24151805884906,1.49398623832258e-176,45S rDNA
Chr2,3962000,3963000,251,3.30270747208489,4.21238946150452e-55,45S rDNA
Chr2,3963000,3964000,4770,107.911564668799,0,45S rDNA
Chr2,3964000,3965000,1547,26.8707657340386,0,45S rDNA
Chr2,3965000,3966000,297,6.29972821486978,1.02326489728909e-129,45S rDNA
Chr2,3966000,3967000,535,10.8042622028988,0,45S rDNA
Chr2,3967000,3968000,270,5.5674664328363,5.69686494214367e-106,45S rDNA
Chr2,3968000,3969000,395,8.2254813507235,1.44597274523674e-211,45S rDNA
Chr2,3969000,3970000,273,6.32107066478164,1.21735086125255e-119,45S rDNA
Chr2,3970000,3971000,220,5.06957103506313,3.10171573102458e-79,45S rDNA
Chr2,3971000,3972000,779,11.1805386589777,0,45S rDNA
Chr2,3972000,3973000,313,5.18177592475464,8.81609921645831e-115,45S rDNA
Chr2,3974000,3975000,663,10.5772496106871,0,45S rDNA
Chr2,3975000,3976000,562,10.9167521960004,0,45S rDNA
Chr2,3976000,3977000,162,3.84023668910599,1.83520978559374e-43,45S rDNA
Chr2,3977000,3978000,307,6.51632786734566,7.42399891995669e-138,45S rDNA
Chr2,3980000,3981000,148,3.72796821761279,2.28149294238466e-38,45S rDNA
Chr2,3981000,3982000,242,5.9232075882256,1.95149816032368e-100,45S rDNA
Chr2,3982000,3983000,653,10.4335104290308,0,45S rDNA
Chr2,3984000,3985000,248,4.35775558705796,2.11509045124461e-76,45S rDNA
Chr2,3985000,3986000,1092,17.8422059913603,0,45S rDNA
Chr2,3986000,3987000,3664,67.7478655239104,0,45S rDNA
Chr2,3987000,3988000,264,5.41308068242054,5.33635960494477e-101,45S rDNA
Chr2,3988000,3989000,543,12.743645636181,0,45S rDNA
Chr2,3989000,3990000,248,5.19461061740373,2.48809603804666e-91,45S rDNA
Chr2,3990000,3991000,479,11.2061633761501,1.11254021909618e-308,45S rDNA
Chr2,3991000,3992000,251,6.08251457819665,1.49798707455334e-106,45S rDNA
Chr2,3992000,3993000,277,6.22156788899274,8.85898166401067e-120,45S rDNA
Chr2,3993000,3994000,619,8.56013115521078,0,45S rDNA
Chr2,3994000,3995000,222,4.22579862993864,3.330977203681e-66,45S rDNA
Chr2,3995000,3996000,237,3.88630245093893,3.90682931548162e-64,45S rDNA
Chr2,3996000,3997000,437,5.92698735848724,8.86552413490386e-181,45S rDNA
Chr2,3997000,3998000,2590,45.9846664941258,0,45S rDNA
Chr2,3998000,3999000,182,4.28566905849874,2.87562964287173e-55,45S rDNA
Chr2,3999000,4000000,371,7.93705176884395,9.95274719014938e-194,45S rDNA
Chr2,4000000,4001000,188,5.11107688058254,2.32738078146512e-68,45S rDNA
Chr2,4001000,4002000,488,10.4306369306876,5.20638108491728e-306,45S rDNA
Chr2,4002000,4003000,280,7.11016632231907,7.67797915999742e-135,45S rDNA
Chr2,4003000,4004000,275,6.3888066655974,1.39182684237744e-121,45S rDNA
Chr2,4004000,4005000,561,8.31765567201382,1.72895760710995e-302,45S rDNA
Chr2,4007000,4008000,261,4.06651728678372,2.16755135338736e-74,45S rDNA
Chr2,4008000,4009000,3896,73.7680872690476,0,45S rDNA
Chr2,4009000,4010000,257,4.77622705973777,3.94363942882244e-87,45S rDNA
Chr2,4010000,4011000,454,10.3538980314991,1.95714318645935e-283,45S rDNA
Chr2,4011000,4012000,289,6.89200345503797,8.44533193472027e-136,45S rDNA
Chr2,4012000,4013000,833,20.6754574849196,0,45S rDNA
Chr2,4013000,4014000,536,14.9288056924476,0,45S rDNA
Chr2,4014000,4015000,324,7.54249278089409,4.6248525394525e-163,45S rDNA
Chr2,4015000,4016000,822,14.1562166379123,0,45S rDNA
Chr2,4016000,4017000,290,4.92585338937932,2.69675483037599e-101,45S rDNA
Chr2,4017000,4018000,323,5.00776240585562,1.42128448501941e-114,45S rDNA
Chr2,4018000,4019000,240,3.93372405994025,7.0751094552874e-66,45S rDNA
Chr2,4019000,4020000,4234,79.9901043898483,0,45S rDNA
Chr2,4020000,4021000,292,5.09224520136503,2.33815263020671e-105,45S rDNA
Chr2,4021000,4022000,541,12.3085703916917,0,45S rDNA
Chr2,4022000,4023000,216,4.88766603866925,4.51831219190785e-75,45S rDNA
Chr2,4023000,4024000,380,9.25282755688664,9.68321709542635e-221,45S rDNA
Chr2,4024000,4025000,415,10.3068871211224,2.01516465094766e-258,45S rDNA
Chr2,4025000,4026000,288,6.61900666240021,4.94894642452633e-131,45S rDNA
Chr2,4026000,4027000,538,9.28242851338512,1.11257701721375e-308,45S rDNA
Chr2,4027000,4028000,497,7.03332003471869,1.17912158880521e-236,45S rDNA
Chr2,4028000,4029000,301,5.15071521274848,8.86159213450594e-110,45S rDNA
Chr2,4030000,4031000,1933,39.3362884566481,0,45S rDNA
Chr2,4031000,4032000,2517,49.5777602971119,0,45S rDNA
Chr2,4032000,4033000,240,5.15486241070059,9.16104057558141e-88,45S rDNA
Chr2,4033000,4034000,444,10.6678276844596,2.04023867749355e-282,45S rDNA
Chr2,4034000,4035000,266,6.06949210404665,1.15646507810249e-112,45S rDNA
Chr2,4035000,4036000,379,9.41337959231392,1.09454407073536e-222,45S rDNA
Chr2,4036000,4037000,275,7.27093785535996,9.58385600075492e-135,45S rDNA
Chr2,4037000,4038000,213,5.31476529824882,2.90910345674512e-80,45S rDNA
Chr2,4038000,4039000,687,10.4975387435144,0,45S rDNA
Chr2,4039000,4040000,369,6.35343165040555,4.24857203369857e-162,45S rDNA
Chr2,4040000,4041000,200,3.32340585782842,1.91636226544727e-44,45S rDNA
Chr2,4041000,4042000,896,15.6384607569437,0,45S rDNA
Chr2,4042000,4043000,3126,56.9844165449648,0,45S rDNA
Chr2,4043000,4044000,219,4.41222010503702,1.79091129967128e-68,45S rDNA
Chr2,4044000,4045000,426,8.65057700994003,2.6022060746457e-236,45S rDNA
Chr2,4045000,4046000,348,8.17726351745343,1.02671952518332e-185,45S rDNA
Chr2,4046000,4047000,816,18.2970047155151,0,45S rDNA
Chr2,4047000,4048000,354,9.76864189964945,3.75901088588525e-213,45S rDNA
Chr2,4048000,4049000,256,5.77418927807002,7.45628711510732e-104,45S rDNA
Chr2,4049000,4050000,707,10.4947573214976,0,45S rDNA
Chr2,4050000,4051000,264,5.23818828376156,6.06761875762822e-98,45S rDNA
Chr2,4051000,4052000,231,3.83169599488462,1.75911028894009e-61,45S rDNA
Chr2,4052000,4053000,440,7.49724382358883,3.96537542957262e-220,45S rDNA
Chr2,4053000,4054000,3924,75.6213626479079,0,45S rDNA
Chr2,4054000,4055000,305,6.04091813484894,1.54730013991848e-128,45S rDNA
Chr2,4055000,4056000,526,10.8017474231775,0,45S rDNA
Chr2,4056000,4057000,176,3.76588965126947,4.71749517971447e-46,45S rDNA
Chr2,4057000,4058000,279,6.33866878305583,1.5518008252865e-122,45S rDNA
Chr2,4058000,4059000,311,7.30013041626294,9.62661452483084e-153,45S rDNA
Chr2,4059000,4060000,255,5.94693949132435,3.71597249033888e-106,45S rDNA
Chr2,4060000,4061000,586,8.98956773771826,0,45S rDNA
Chr2,4061000,4062000,244,4.35144133312333,4.59686778347023e-75,45S rDNA
Chr2,4062000,4063000,309,4.89185579491977,3.87818525610098e-107,45S rDNA
Chr2,4063000,4064000,322,3.5062022178798,2.34369700771451e-76,45S rDNA
Chr2,4064000,4065000,4635,90.6364647136484,0,45S rDNA
Chr2,4065000,4066000,297,5.66420431112631,2.60258775425988e-118,45S rDNA
Chr2,4066000,4067000,620,14.0333771286447,0,45S rDNA
Chr2,4067000,4068000,200,4.57343161337713,5.06716973719983e-65,45S rDNA
Chr2,4068000,4069000,391,8.94667921942435,5.01718090735922e-222,45S rDNA
Chr2,4069000,4070000,359,7.92376460242927,2.90216602465113e-187,45S rDNA
Chr2,4070000,4071000,282,6.36134706737067,3.28096776199656e-124,45S rDNA
Chr2,4071000,4072000,613,10.1273978313858,0,45S rDNA
Chr2,4072000,4073000,507,9.77676731072251,4.62255328008131e-305,45S rDNA
Chr2,4074000,4075000,4440,110.904147449481,0,45S rDNA
Chr2,4075000,4076000,1047,18.4517131525296,0,45S rDNA
Chr2,4076000,4077000,757,16.3100398664246,0,45S rDNA
Chr2,4077000,4078000,375,7.04506529614264,5.16755972554354e-179,45S rDNA
Chr2,4078000,4079000,484,12.2787496592261,0,45S rDNA
Chr2,4079000,4080000,632,12.8220150313507,0,45S rDNA
Chr2,4080000,4081000,597,13.2550266628284,0,45S rDNA
Chr2,4081000,4082000,266,6.78521038681345,1.60074753827905e-123,45S rDNA
Chr2,4082000,4083000,564,7.76040621620821,3.03202272558506e-289,45S rDNA
Chr2,4083000,4084000,412,8.99342650348805,9.85721722445763e-235,45S rDNA
Chr2,4084000,4085000,216,3.40930505180749,1.27930930010406e-49,45S rDNA
Chr2,4085000,4086000,4360,89.9459615948834,0,45S rDNA
Chr2,4086000,4087000,1375,21.6370766126098,0,45S rDNA
Chr2,4087000,4088000,415,10.4764916566884,4.45803606731738e-261,45S rDNA
Chr2,4088000,4089000,409,8.44978125691284,3.10494583048922e-223,45S rDNA
Chr2,4089000,4090000,346,8.26510932239018,4.62393211866283e-186,45S rDNA
Chr2,4090000,4091000,401,8.37263279127175,1.76564065528574e-217,45S rDNA
Chr2,4091000,4092000,269,5.7524385417146,1.01075462683071e-108,45S rDNA
Chr2,4092000,4093000,157,3.70024240549375,2.76681730066861e-40,45S rDNA
Chr2,4093000,4094000,642,8.40860057035262,0,45S rDNA
Chr2,4094000,4095000,185,3.33880503398387,1.98887768381336e-41,45S rDNA
Chr2,4096000,4097000,4925,92.1189047238988,0,45S rDNA
Chr2,4097000,4098000,478,9.20557367346728,1.70687065706067e-276,45S rDNA
Chr2,4098000,4099000,571,13.1103072685313,0,45S rDNA
Chr2,4099000,4100000,237,4.55594283196634,1.35205275180829e-76,45S rDNA
Chr2,4100000,4101000,406,10.4677397763667,2.65493842406614e-255,45S rDNA
Chr2,4101000,4102000,479,10.7069439057003,2.65901761766536e-305,45S rDNA
Chr2,4102000,4103000,373,8.49790434032351,1.79611119064884e-204,45S rDNA
Chr2,4103000,4104000,539,11.1985119576525,0,45S rDNA
Chr2,4104000,4105000,387,6.06910245612181,1.63272771377068e-163,45S rDNA
Chr2,4107000,4108000,3681,66.9400896930716,0,45S rDNA
Chr2,4108000,4109000,373,6.63603789128169,8.43549769357087e-170,45S rDNA
Chr2,4109000,4110000,403,11.2549896710414,6.24498080773496e-265,45S rDNA
Chr2,4110000,4111000,237,4.44684785599938,1.17367353478251e-74,45S rDNA
Chr2,4111000,4112000,444,10.7296365720031,1.9988495147899e-283,45S rDNA
Chr2,4112000,4113000,527,15.4226630021097,0,45S rDNA
Chr2,4113000,4114000,182,4.54748933982606,6.85655489139924e-59,45S rDNA
Chr2,4114000,4115000,297,5.94897296208589,1.5292524394977e-123,45S rDNA
Chr2,4115000,4116000,470,6.9200165744824,5.2217491819195e-221,45S rDNA
Chr2,4116000,4117000,232,4.45405224195776,3.169433845261e-73,45S rDNA
Chr2,4118000,4119000,4578,92.6016280386384,0,45S rDNA
Chr2,4119000,4120000,637,11.7537930114053,0,45S rDNA
Chr2,4120000,4121000,605,14.1440055082301,0,45S rDNA
Chr2,4121000,4122000,344,6.89004825103305,1.90872016074745e-161,45S rDNA
Chr2,4122000,4123000,692,18.6372183307869,0,45S rDNA
Chr2,4123000,4124000,889,24.6799626056152,0,45S rDNA
Chr2,4124000,4125000,329,8.57078045023645,1.5690023442582e-181,45S rDNA
Chr2,4125000,4126000,205,3.95865962088206,8.31554401986673e-57,45S rDNA
Chr2,4126000,4127000,739,10.3118491025654,0,45S rDNA
Chr2,4127000,4128000,222,4.23062558568175,2.74566067412289e-66,45S rDNA
Chr2,4129000,4130000,2462,47.6114221078665,0,45S rDNA
Chr2,4130000,4131000,793,13.3597139999443,0,45S rDNA
Chr2,4131000,4132000,307,7.13181764270182,4.10415227690657e-148,45S rDNA
Chr2,4132000,4133000,204,3.86333080930986,6.30975020866614e-55,45S rDNA
Chr2,4133000,4134000,311,6.86848453616179,1.11049986005662e-145,45S rDNA
Chr2,4134000,4135000,391,10.3488854878838,3.74714645721056e-244,45S rDNA
Chr2,4135000,4136000,344,7.19413739613506,5.66309295610506e-167,45S rDNA
Chr2,4136000,4137000,148,3.21069419662853,1.53282251998552e-31,45S rDNA
Chr2,4137000,4138000,714,10.4913178552049,0,45S rDNA
Chr2,4138000,4139000,185,3.21463040767114,2.60112451999105e-39,45S rDNA
Chr2,4140000,4141000,2582,37.0406996264382,0,45S rDNA
Chr2,4141000,4142000,951,17.2331709269262,0,45S rDNA
Chr2,4142000,4143000,292,6.60740038560842,1.1907843985269e-132,45S rDNA
Chr2,4143000,4144000,269,5.16687418473876,1.72205374507079e-98,45S rDNA
Chr2,4144000,4145000,323,7.93000624769313,1.13937231896552e-168,45S rDNA
Chr2,4145000,4146000,380,7.4768302872454,7.71397783606793e-190,45S rDNA
Chr2,4146000,4147000,336,7.33724493261303,1.37986208081457e-165,45S rDNA
Chr2,4147000,4148000,184,4.22275030356021,5.80204637663031e-55,45S rDNA
Chr2,4148000,4149000,846,12.7706590513662,0,45S rDNA
Chr2,4149000,4150000,205,3.34594844443948,5.8834888956915e-46,45S rDNA
Chr2,4151000,4152000,3556,68.31572798403,0,45S rDNA
Chr2,4152000,4153000,1360,22.5935339532648,0,45S rDNA
Chr2,4153000,4154000,289,5.92537958984523,8.00490802797949e-120,45S rDNA
Chr2,4154000,4155000,492,8.58868803128459,1.98951035155582e-271,45S rDNA
Chr2,4155000,4156000,269,6.04256152903586,1.71678402933612e-113,45S rDNA
Chr2,4156000,4157000,394,9.15023209059568,3.83228144999791e-227,45S rDNA
Chr2,4157000,4158000,291,6.0956079458849,1.25798250464081e-123,45S rDNA
Chr2,4158000,4159000,207,5.12798460152767,1.99607239117474e-75,45S rDNA
Chr2,4159000,4160000,750,10.5004704120206,0,45S rDNA
Chr2,4160000,4161000,228,4.29407797776417,3.47234572901134e-69,45S rDNA
Chr2,4161000,4162000,208,3.29876892510963,1.01089086489846e-45,45S rDNA
Chr2,4162000,4163000,1024,20.0104261716543,0,45S rDNA
Chr2,4163000,4164000,826,14.3909865365271,0,45S rDNA
Chr2,4165000,4166000,180,4.30593313389952,5.95547665037999e-55,45S rDNA
Chr2,4166000,4167000,283,7.15820052960079,5.46335353327765e-137,45S rDNA
Chr2,4167000,4168000,387,9.3027750441077,1.34510230794342e-225,45S rDNA
Chr2,4168000,4169000,289,6.28280692855291,5.81628660445817e-126,45S rDNA
Chr2,4169000,4170000,234,5.8964456534785,9.22863737636909e-97,45S rDNA
Chr2,4170000,4171000,639,8.5884366494242,0,45S rDNA
Chr2,4174000,4175000,2963,52.8956648783589,0,45S rDNA
Chr2,4175000,4176000,179,3.10915776754551,2.75127307632709e-36,45S rDNA
Chr2,4176000,4177000,351,7.04823380895988,1.13668243326114e-167,45S rDNA
Chr2,4177000,4178000,203,4.25537926618958,4.4701131327566e-61,45S rDNA
Chr2,4178000,4179000,347,7.08806072847951,1.68712434054442e-166,45S rDNA
Chr2,4179000,4180000,327,7.90461770373291,2.37910369762266e-170,45S rDNA
Chr2,4180000,4181000,224,5.02890283466564,4.94327110006568e-80,45S rDNA
Chr2,4181000,4182000,456,6.78020704870335,5.27330974337056e-211,45S rDNA
Chr2,4182000,4183000,320,5.38947001263455,9.39220912712546e-122,45S rDNA
Chr2,4183000,4184000,223,3.38527745368936,1.01669381505711e-50,45S rDNA
Chr2,4185000,4186000,2447,46.2447933014164,0,45S rDNA
Chr2,4187000,4188000,309,6.72600254227295,2.35842699208314e-142,45S rDNA
Chr2,4189000,4190000,390,9.0552354724822,2.8361088305852e-223,45S rDNA
Chr2,4190000,4191000,624,17.5544198100702,0,45S rDNA
Chr2,4191000,4192000,293,6.20239776690945,2.55901412809364e-126,45S rDNA
Chr2,4192000,4193000,416,6.41411059742331,4.49405813783175e-184,45S rDNA
Chr2,4193000,4194000,472,8.23130046248046,9.21767474109494e-253,45S rDNA
Chr2,4194000,4195000,208,3.39436008527237,1.57265921114295e-47,45S rDNA
Chr2,4196000,4197000,2998,45.4460136813054,0,45S rDNA
Chr2,4197000,4198000,482,8.90731056427115,1.1251056165017e-272,45S rDNA
Chr2,4198000,4199000,352,8.51100157538715,3.2488978586282e-193,45S rDNA
Chr2,4199000,4200000,179,3.53256961197985,3.2344963168067e-43,45S rDNA
Chr2,4200000,4201000,336,8.91496409014595,1.87157150047125e-190,45S rDNA
Chr2,4201000,4202000,427,9.32136525023164,3.7371755744521e-249,45S rDNA
Chr2,4202000,4203000,340,7.77039605224869,6.94158818703694e-175,45S rDNA
Chr2,4203000,4204000,161,3.96512695152774,7.29350376169928e-45,45S rDNA
Chr2,4204000,4205000,718,11.3354635795812,0,45S rDNA
Chr2,4205000,4206000,273,5.28247595834673,4.61173906315651e-102,45S rDNA
Chr2,4206000,4207000,210,3.15835281252095,2.04635694249171e-43,45S rDNA
Chr2,4207000,4208000,3892,87.7461782504249,0,45S rDNA
Chr2,4208000,4209000,1031,17.5958595039195,0,45S rDNA
Chr2,4209000,4210000,496,11.539822959011,0,45S rDNA
Chr2,4210000,4211000,336,6.86056721491037,3.53226378797996e-157,45S rDNA
Chr2,4211000,4212000,312,8.22098108570442,3.14720385467093e-167,45S rDNA
Chr2,4212000,4213000,391,9.99731415457897,7.23862682359815e-239,45S rDNA
Chr2,4213000,4214000,335,7.55223912767532,9.97033888493876e-169,45S rDNA
Chr2,4214000,4215000,171,3.75625813887699,1.25778845486143e-44,45S rDNA
Chr2,4215000,4216000,745,9.14024186863035,0,45S rDNA
Chr2,4216000,4217000,236,4.833767932338,4.79089494762283e-81,45S rDNA
Chr2,4218000,4219000,1983,28.3592045346298,0,45S rDNA
Chr2,4219000,4220000,898,13.6731465984922,0,45S rDNA
Chr2,4220000,4221000,227,4.91731734849141,2.50214515950831e-79,45S rDNA
Chr2,4221000,4222000,249,4.65238359776205,3.32060676386149e-82,45S rDNA
Chr2,4222000,4223000,158,3.7192135311396,8.58597338312406e-41,45S rDNA
Chr2,4224000,4225000,209,5.28210711292016,2.56724485624492e-78,45S rDNA
Chr2,4225000,4226000,181,4.16105602187296,3.37036373202705e-53,45S rDNA
Chr2,4226000,4227000,602,9.0065826150358,0,45S rDNA
Chr2,4227000,4228000,207,4.22703055459464,8.35245213262411e-62,45S rDNA
Chr2,4228000,4229000,213,3.03941691878114,1.27732060723402e-41,45S rDNA
Chr2,4229000,4230000,2637,42.7095374099923,0,45S rDNA
Chr2,4230000,4231000,1096,21.8449258686485,0,45S rDNA
Chr2,4231000,4232000,210,4.98487235758509,1.93769439832705e-74,45S rDNA
Chr2,4232000,4233000,363,7.7489273020032,2.82817551404971e-186,45S rDNA
Chr2,4233000,4234000,347,8.39517621750183,1.15240865096799e-188,45S rDNA
Chr2,4234000,4235000,487,11.8273013698562,0,45S rDNA
Chr2,4235000,4236000,437,9.64802165842856,8.29036378104083e-261,45S rDNA
Chr2,4236000,4237000,415,10.8393760056578,1.23686211135812e-266,45S rDNA
Chr2,4237000,4238000,701,11.8267037611583,0,45S rDNA
Chr2,4238000,4239000,167,3.31322255497201,4.43683636002335e-37,45S rDNA
Chr2,4240000,4241000,979,19.0640723207078,0,45S rDNA
Chr2,4241000,4242000,764,13.6841247345959,0,45S rDNA
Chr2,4243000,4244000,568,11.8440494033259,0,45S rDNA
Chr2,4244000,4245000,272,7.23221137315344,9.66512975643788e-133,45S rDNA
Chr2,4245000,4246000,425,10.7248801628693,2.91561948741501e-271,45S rDNA
Chr2,4246000,4247000,302,6.49594355094562,2.82554096417631e-135,45S rDNA
Chr2,4247000,4248000,237,5.76453245334873,4.59932847379167e-96,45S rDNA
Chr2,4248000,4249000,758,11.5727211475401,0,45S rDNA
Chr2,4249000,4250000,199,3.70589198699979,5.9070808760212e-51,45S rDNA
Chr2,4251000,4252000,1279,26.6408279864612,0,45S rDNA
Chr2,4252000,4253000,1375,29.2025361697266,0,45S rDNA
Chr2,4254000,4255000,245,5.15550582031933,1.37761952573173e-89,45S rDNA
Chr2,4255000,4256000,374,9.40234022219733,1.36672067257568e-219,45S rDNA
Chr2,4256000,4257000,884,19.9053582820848,0,45S rDNA
Chr2,4257000,4258000,361,10.051865196674,2.26000049541768e-221,45S rDNA
Chr2,4258000,4259000,270,5.2070640204612,1.38303330577055e-99,45S rDNA
Chr2,4259000,4260000,812,11.6121289136736,0,45S rDNA
Chr2,4260000,4261000,304,5.28677888622112,1.20500676148122e-113,45S rDNA
Chr2,4262000,4263000,620,9.80064908826388,0,45S rDNA
Chr2,4263000,4264000,3395,73.324956506026,0,45S rDNA
Chr2,4264000,4265000,222,4.3490226616155,2.503047309636e-68,45S rDNA
Chr2,4265000,4266000,430,8.88088374854295,7.32733132420099e-243,45S rDNA
Chr2,4266000,4267000,386,9.17082537067293,6.96672956839693e-223,45S rDNA
Chr2,4267000,4268000,853,18.1953310373313,0,45S rDNA
Chr2,4268000,4269000,363,8.97755586186992,1.14004774747424e-206,45S rDNA
Chr2,4269000,4270000,267,6.13918981162064,3.4393336659458e-114,45S rDNA
Chr2,4270000,4271000,666,9.54639588108677,0,45S rDNA
Chr2,4271000,4272000,289,4.72853620505425,6.95344353978878e-97,45S rDNA
Chr2,4273000,4274000,370,5.53829745674513,3.24871392094463e-144,45S rDNA
Chr2,4274000,4275000,4581,87.3244674524209,0,45S rDNA
Chr2,4275000,4276000,311,6.53403424496869,5.95338636870651e-140,45S rDNA
Chr2,4276000,4277000,582,11.3134814919497,0,45S rDNA
Chr2,4277000,4278000,203,4.69810989905133,7.62319674010395e-68,45S rDNA
Chr2,4278000,4279000,449,10.9910966589396,7.25666562888099e-291,45S rDNA
Chr2,4279000,4280000,325,7.39424284158927,3.874855352049e-161,45S rDNA
Chr2,4280000,4281000,280,6.00273612305654,1.98220750714471e-117,45S rDNA
Chr2,4281000,4282000,645,10.1195305767604,0,45S rDNA
Chr2,4282000,4283000,344,5.09220135999119,5.73114301825633e-124,45S rDNA
Chr2,4283000,4284000,220,3.58070266677196,7.21348640358536e-54,45S rDNA
Chr2,4285000,4286000,1821,36.7174725876159,0,45S rDNA
Chr2,4287000,4288000,184,4.20060006535235,1.21365206729545e-54,45S rDNA
Chr2,4288000,4289000,174,3.72947300298181,5.32954760893259e-45,45S rDNA
Chr2,4289000,4290000,383,8.56060668520137,5.20993100252528e-211,45S rDNA
Chr2,4290000,4291000,391,9.36911667628406,5.36039847704123e-229,45S rDNA
Chr2,4291000,4292000,290,6.8757189689625,5.17384083209181e-136,45S rDNA
Chr2,4292000,4293000,508,7.59116254441475,2.17651435685837e-256,45S rDNA
Chr2,4293000,4294000,502,8.55622240554599,3.38305495433669e-276,45S rDNA
Chr2,4296000,4297000,5091,97.1989532276939,0,45S rDNA
Chr2,4297000,4298000,388,6.62812952120198,2.00958002553605e-176,45S rDNA
Chr2,4298000,4299000,647,16.8320023211621,0,45S rDNA
Chr2,4299000,4300000,266,5.63620931586023,1.4124945065978e-105,45S rDNA
Chr2,4300000,4301000,685,14.9258106965362,0,45S rDNA
Chr2,4301000,4302000,676,18.6825691551484,0,45S rDNA
Chr2,4302000,4303000,305,6.78010221042118,2.00420903906059e-141,45S rDNA
Chr2,4303000,4304000,471,7.23621574249099,2.56432694556913e-229,45S rDNA
Chr2,4304000,4305000,467,8.12711400077345,7.89025743826721e-248,45S rDNA
Chr2,4305000,4306000,186,3.26344736960332,2.31600511283335e-40,45S rDNA
Chr2,4307000,4308000,1589,30.7363215983868,0,45S rDNA
Chr2,4309000,4310000,308,7.48463997252897,3.67979440120811e-154,45S rDNA
Chr2,4310000,4311000,161,4.06334913192172,3.79327721373746e-46,45S rDNA
Chr2,4311000,4312000,361,8.2725245537785,3.26488069351075e-194,45S rDNA
Chr2,4312000,4313000,441,11.5963838279546,4.78549459693566e-295,45S rDNA
Chr2,4313000,4314000,286,7.17965681484853,9.42028914541994e-139,45S rDNA
Chr2,4314000,4315000,470,8.37292448580926,9.37546371696943e-255,45S rDNA
Chr2,4315000,4316000,536,9.00425888964238,2.32396039536245e-305,45S rDNA
Chr2,4318000,4319000,2606,55.4143739659875,0,45S rDNA
Chr2,4319000,4320000,250,4.67433968889993,6.20764810462538e-83,45S rDNA
Chr2,4320000,4321000,365,8.32037786958021,3.69952255629234e-197,45S rDNA
Chr2,4322000,4323000,157,3.70176764968398,2.63981672502177e-40,45S rDNA
Chr2,4324000,4325000,229,5.849228230736,4.76579837444771e-94,45S rDNA
Chr2,4325000,4326000,343,5.41001144917083,6.65582963986054e-131,45S rDNA
Chr2,4326000,4327000,479,7.67388813599046,9.21776166232157e-244,45S rDNA
Chr2,4329000,4330000,4190,61.2095479286874,0,45S rDNA
Chr2,4330000,4331000,397,7.04580307997047,1.78010588439093e-189,45S rDNA
Chr2,4331000,4332000,478,11.6738689993936,1.11253692925387e-308,45S rDNA
Chr2,4332000,4333000,214,4.27427758162069,1.17385125401192e-64,45S rDNA
Chr2,4333000,4334000,315,7.77507338131044,3.65403073510831e-162,45S rDNA
Chr2,4334000,4335000,417,9.43804431870652,2.38048670368964e-245,45S rDNA
Chr2,4335000,4336000,288,6.81256773629919,4.27089884342139e-134,45S rDNA
Chr2,4336000,4337000,312,6.41633428753798,2.561193232834e-138,45S rDNA
Chr2,4337000,4338000,467,6.53440868499425,1.02610137546061e-209,45S rDNA
Chr2,4338000,4339000,204,3.15254354694088,4.37291642546573e-42,45S rDNA
Chr2,4339000,4340000,291,4.41488124755948,8.86155945103495e-91,45S rDNA
Chr2,4340000,4341000,265,4.30576810875541,1.60526405951028e-80,45S rDNA
Chr2,4341000,4342000,4241,78.4601533984523,0,45S rDNA
Chr2,4342000,4343000,291,5.41513900104986,2.76772646878829e-111,45S rDNA
Chr2,4343000,4344000,507,9.96098117958009,1.58468736657912e-308,45S rDNA
Chr2,4344000,4345000,178,3.72021614572022,7.07997291171343e-46,45S rDNA
Chr2,4345000,4346000,389,9.14228630540614,3.85521677920429e-224,45S rDNA
Chr2,4346000,4347000,363,8.89786528335929,2.00983168250587e-205,45S rDNA
Chr2,4347000,4348000,279,5.60637853219793,3.61775973928149e-110,45S rDNA
Chr2,4348000,4349000,413,7.32976491694661,3.58147261819072e-203,45S rDNA
Chr2,4349000,4350000,344,5.76917087272887,3.69807493792918e-139,45S rDNA
Chr2,4350000,4351000,233,3.90335624015824,2.14762536256657e-63,45S rDNA
Chr2,4352000,4353000,4970,103.269723436601,0,45S rDNA
Chr2,4353000,4354000,390,7.12397516984286,9.383429435897e-188,45S rDNA
Chr2,4354000,4355000,679,15.4658554942285,0,45S rDNA
Chr2,4355000,4356000,302,6.67892787632437,2.30227551789067e-138,45S rDNA
Chr2,4356000,4357000,350,7.92699690100734,1.20352617608709e-182,45S rDNA
Chr2,4357000,4358000,443,10.5897877267921,1.66815208666594e-280,45S rDNA
Chr2,4358000,4359000,265,6.69402835808842,9.76460693149793e-122,45S rDNA
Chr2,4359000,4360000,462,7.84672828169839,4.96143108231254e-239,45S rDNA
Chr2,4360000,4361000,755,12.3048263188754,0,45S rDNA
Chr2,4361000,4362000,354,6.46637746185737,7.891701693395e-158,45S rDNA
Chr2,4363000,4364000,4328,81.7004498885981,0,45S rDNA
Chr2,4364000,4365000,362,7.13107475479301,1.7891356738278e-174,45S rDNA
Chr2,4365000,4366000,469,9.00712009234485,2.33045333354545e-267,45S rDNA
Chr2,4366000,4367000,229,4.23972357446791,1.6219519342991e-68,45S rDNA
Chr2,4368000,4369000,402,8.63254225978599,1.0072146317217e-222,45S rDNA
Chr2,4369000,4370000,263,6.27906717718426,1.19790819622167e-114,45S rDNA
Chr2,4370000,4371000,473,8.92974975511823,4.65188327686962e-268,45S rDNA
Chr2,4371000,4372000,437,7.13752889240304,1.38099037099175e-210,45S rDNA
Chr2,4374000,4375000,4863,90.397602102318,0,45S rDNA
Chr2,4375000,4376000,445,8.07814989795846,3.55317109161942e-235,45S rDNA
Chr2,4376000,4377000,649,14.7406067048901,0,45S rDNA
Chr2,4377000,4378000,255,4.43984015856624,3.9472531102089e-80,45S rDNA
Chr2,4378000,4379000,491,10.3342269467948,4.25180806931445e-306,45S rDNA
Chr2,4379000,4380000,599,15.3038513726997,0,45S rDNA
Chr2,4380000,4381000,285,6.10306568932949,3.19492480599772e-121,45S rDNA
Chr2,4381000,4382000,415,8.28270532183904,2.48757475636427e-223,45S rDNA
Chr2,4382000,4383000,521,9.38291960456792,3.8806947031203e-305,45S rDNA
Chr2,4384000,4385000,1847,30.9097246939065,0,45S rDNA
Chr2,4385000,4386000,1423,26.5901998982599,0,45S rDNA
Chr2,4386000,4387000,199,4.15283179300998,2.77985263954581e-58,45S rDNA
Chr2,4387000,4388000,372,7.87138745671588,4.45773427618032e-193,45S rDNA
Chr2,4388000,4389000,263,5.46761348019508,1.48861933623373e-101,45S rDNA
Chr2,4389000,4390000,441,9.60237840819322,2.24800096151416e-262,45S rDNA
Chr2,4390000,4391000,284,6.24325893935059,3.823240480882e-123,45S rDNA
Chr2,4391000,4392000,240,5.45076262395237,1.75908675395912e-92,45S rDNA
Chr2,4392000,4393000,734,10.4337010192189,0,45S rDNA
Chr2,4393000,4394000,278,4.91705515923777,5.75793276683244e-97,45S rDNA
Chr2,4394000,4395000,295,4.94263794612916,2.24519335046661e-103,45S rDNA
Chr2,4395000,4396000,1411,18.4401709043312,0,45S rDNA
Chr2,4396000,4397000,3974,71.8312228522545,0,45S rDNA
Chr2,4397000,4398000,351,6.7312506418248,1.10218729452037e-161,45S rDNA
Chr2,4398000,4399000,672,12.2349693601666,0,45S rDNA
Chr2,4399000,4400000,273,6.71315328907872,1.13192047549643e-125,45S rDNA
Chr2,4400000,4401000,449,10.0515133652172,4.0721798652013e-275,45S rDNA
Chr2,4401000,4402000,251,5.62906846508027,1.48539767906871e-99,45S rDNA
Chr2,4402000,4403000,248,6.182689531305,9.29617530536229e-107,45S rDNA
Chr2,4403000,4404000,706,11.1310907250088,0,45S rDNA
Chr2,4404000,4405000,197,3.71005953327596,1.60545022273762e-50,45S rDNA
Chr2,4406000,4407000,3404,63.173812473,0,45S rDNA
Chr2,4407000,4408000,1028,18.3086579489459,0,45S rDNA
Chr2,4408000,4409000,406,9.11488638783147,1.98332634382028e-233,45S rDNA
Chr2,4409000,4410000,305,5.86538595716374,2.7294512141116e-125,45S rDNA
Chr2,4410000,4411000,389,10.8586957463193,2.95981351929165e-250,45S rDNA
Chr2,4411000,4412000,372,8.07887752039022,9.47134415291343e-197,45S rDNA
Chr2,4412000,4413000,347,7.4783447117528,1.85568330382828e-173,45S rDNA
Chr2,4413000,4414000,174,3.516747522523,8.67855142095288e-42,45S rDNA
Chr2,4414000,4415000,633,8.6987573393448,0,45S rDNA
Chr2,4415000,4416000,219,3.73333031196806,1.64404780326741e-56,45S rDNA
Chr2,4417000,4418000,2807,52.8114769884188,0,45S rDNA
Chr2,4418000,4419000,225,4.4948803070405,9.86771564427311e-72,45S rDNA
Chr2,4419000,4420000,326,7.7388796885564,3.21185699570329e-167,45S rDNA
Chr2,4420000,4421000,158,3.16018892875191,7.07655201888246e-33,45S rDNA
Chr2,4421000,4422000,326,9.04084247865915,1.41948281206823e-186,45S rDNA
Chr2,4422000,4423000,420,9.74162392721373,2.83246306923111e-252,45S rDNA
Chr2,4423000,4424000,277,6.59091340367682,1.2619721932301e-125,45S rDNA
Chr2,4424000,4425000,372,6.31278935551746,1.54873306232312e-162,45S rDNA
Chr2,4425000,4426000,377,5.82467527906275,1.01293737778395e-153,45S rDNA
Chr2,4428000,4429000,4476,81.3826185348392,0,45S rDNA
Chr2,4429000,4430000,388,6.73414511692472,1.0758547992174e-178,45S rDNA
Chr2,4430000,4431000,578,12.4991075837208,0,45S rDNA
Chr2,4431000,4432000,232,4.49478461113229,6.15931949144317e-74,45S rDNA
Chr2,4432000,4433000,316,7.78487936561675,7.94504296137211e-163,45S rDNA
Chr2,4433000,4434000,432,8.46379121732664,5.15492175318194e-236,45S rDNA
Chr2,4434000,4435000,257,5.70989967828488,3.16890929789884e-103,45S rDNA
Chr2,4435000,4436000,350,7.40235464889651,1.31395108695367e-173,45S rDNA
Chr2,4436000,4437000,398,6.68011264356828,4.30353000784707e-182,45S rDNA
Chr2,4438000,4439000,341,4.89628282195899,2.96864804898105e-118,45S rDNA
Chr2,4439000,4440000,4211,75.2723652620611,0,45S rDNA
Chr2,4440000,4441000,314,6.02140021330779,6.16935021446644e-132,45S rDNA
Chr2,4441000,4442000,518,11.4495854129233,0,45S rDNA
Chr2,4442000,4443000,193,3.65639744433288,1.27702511402188e-48,45S rDNA
Chr2,4443000,4444000,425,9.84163284623483,5.84832125669595e-257,45S rDNA
Chr2,4444000,4445000,277,5.91088737780183,1.22825308839296e-114,45S rDNA
Chr2,4445000,4446000,258,6.0085043878207,2.34833422486393e-108,45S rDNA
Chr2,4446000,4447000,458,8.10648941252033,1.25360723416201e-242,45S rDNA
Chr2,4448000,4449000,237,4.1087518724899,1.98824548391501e-68,45S rDNA
Chr2,4449000,4450000,194,3.44227439172767,3.21953468691819e-45,45S rDNA
Chr2,4450000,4451000,5509,99.3033490780707,0,45S rDNA
Chr2,4451000,4452000,521,10.3420976435654,0,45S rDNA
Chr2,4452000,4453000,492,10.4691894230523,1.27160516295673e-308,45S rDNA
Chr2,4453000,4454000,163,3.65512107154124,3.65638291298496e-41,45S rDNA
Chr2,4454000,4455000,417,10.1525259663284,3.34383629133407e-257,45S rDNA
Chr2,4455000,4456000,416,10.2800739433738,1.2822615239437e-258,45S rDNA
Chr2,4456000,4457000,298,6.29227302904857,5.06580367196121e-130,45S rDNA
Chr2,4457000,4458000,535,7.7845812448897,4.77468682315552e-275,45S rDNA
Chr2,4458000,4459000,489,6.16879412603406,2.91560832150238e-209,45S rDNA
Chr2,4460000,4461000,2461,50.2649505613969,0,45S rDNA
Chr2,4461000,4462000,982,19.0974144869419,0,45S rDNA
Chr2,4462000,4463000,267,6.48476594562428,1.57625034422267e-119,45S rDNA
Chr2,4463000,4464000,301,6.33424004115739,4.72514075153647e-132,45S rDNA
Chr2,4464000,4465000,300,7.74975363389357,4.09895144190241e-154,45S rDNA
Chr2,4465000,4466000,358,8.57631983456492,1.52926609523444e-197,45S rDNA
Chr2,4466000,4467000,322,7.93660005884125,2.98422844541489e-168,45S rDNA
Chr2,4467000,4468000,195,4.78511784405698,1.9953972798757e-66,45S rDNA
Chr2,4468000,4469000,841,11.3388009848721,0,45S rDNA
Chr2,4469000,4470000,176,3.17537480485764,8.63406217757576e-37,45S rDNA
Chr2,4471000,4472000,3505,65.97789487179,0,45S rDNA
Chr2,4472000,4473000,229,4.35552449862329,1.42962462279107e-70,45S rDNA
Chr2,4473000,4474000,363,8.26584562122805,3.58664242301514e-195,45S rDNA
Chr2,4474000,4475000,183,4.29809482686906,9.60605018750908e-56,45S rDNA
Chr2,4475000,4476000,469,11.7405093344981,1.11253695441612e-308,45S rDNA
Chr2,4476000,4477000,452,11.2516369203312,5.51184981682366e-297,45S rDNA
Chr2,4477000,4478000,520,12.3662200885316,0,45S rDNA
Chr2,4478000,4479000,569,9.64849195699041,0,45S rDNA
Chr2,4479000,4480000,415,5.84069012888347,1.56993663082278e-169,45S rDNA
Chr2,4481000,4482000,3496,73.5543148745775,0,45S rDNA
Chr2,4482000,4483000,1204,19.1859888188963,0,45S rDNA
Chr2,4483000,4484000,352,8.52541653087413,1.92105369942239e-193,45S rDNA
Chr2,4484000,4485000,423,8.55278824767682,8.26998812053548e-233,45S rDNA
Chr2,4485000,4486000,296,7.404233496242,5.48159657105905e-147,45S rDNA
Chr2,4486000,4487000,335,7.47980366623773,1.63030217680703e-167,45S rDNA
Chr2,4487000,4488000,303,6.62674203291479,6.07043667216096e-138,45S rDNA
Chr2,4488000,4489000,179,4.23845682184856,1.03746879166729e-53,45S rDNA
Chr2,4489000,4490000,616,7.93108542572814,1.11253692925394e-308,45S rDNA
Chr2,4492000,4493000,4390,81.1792031925196,0,45S rDNA
Chr2,4493000,4494000,453,8.01976317819689,3.87536333126347e-238,45S rDNA
Chr2,4494000,4495000,503,11.9272285140849,0,45S rDNA
Chr2,4495000,4496000,236,4.49293121478108,3.64210052332712e-75,45S rDNA
Chr2,4496000,4497000,338,8.92191515326619,1.10160228511083e-191,45S rDNA
Chr2,4497000,4498000,430,10.1583393258011,2.73849659830547e-265,45S rDNA
Chr2,4498000,4499000,270,6.16497851236401,7.10010388320851e-116,45S rDNA
Chr2,4499000,4500000,358,6.38562944204019,5.91285554804671e-158,45S rDNA
Chr2,4500000,4501000,460,7.66514675456895,6.23243642385133e-234,45S rDNA
Chr2,4501000,4502000,199,3.69643642663214,8.5628794963511e-51,45S rDNA
Chr2,4503000,4504000,4614,88.374253469691,0,45S rDNA
Chr2,4504000,4505000,490,7.69132186671654,9.31771763544194e-250,45S rDNA
Chr2,4505000,4506000,552,13.2483949912273,0,45S rDNA
Chr2,4506000,4507000,247,5.08455979767305,4.07012099538643e-89,45S rDNA
Chr2,4507000,4508000,323,9.23393344949502,1.67791420072261e-187,45S rDNA
Chr2,4508000,4509000,447,10.3164770404503,1.91272523777869e-278,45S rDNA
Chr2,4509000,4510000,284,6.88054204158841,2.73428208514413e-133,45S rDNA
Chr2,4510000,4511000,295,7.00546596504327,2.15595658901331e-140,45S rDNA
Chr2,4511000,4512000,528,7.18237741235321,1.74356531496097e-255,45S rDNA
Chr2,4512000,4513000,228,4.48213363154293,1.85021525997336e-72,45S rDNA
Chr2,4514000,4515000,4350,76.0958158599144,0,45S rDNA
Chr2,4515000,4516000,799,13.2215872324331,0,45S rDNA
Chr2,4516000,4517000,542,12.7366004026723,0,45S rDNA
Chr2,4517000,4518000,363,7.15182942497043,2.3934366368992e-175,45S rDNA
Chr2,4518000,4519000,424,9.35533529544802,5.23966626061452e-248,45S rDNA
Chr2,4519000,4520000,581,12.135984549712,0,45S rDNA
Chr2,4520000,4521000,494,11.654462953634,0,45S rDNA
Chr2,4521000,4522000,168,3.6427954912919,3.17970840963544e-42,45S rDNA
Chr2,4522000,4523000,654,9.68540057289137,0,45S rDNA
Chr2,4523000,4524000,360,6.5553421069817,2.70256388409887e-162,45S rDNA
Chr2,4525000,4526000,2320,45.3029571120561,0,45S rDNA
Chr2,4526000,4527000,195,3.50978907945149,1.28095356341344e-46,45S rDNA
Chr2,4527000,4528000,311,7.80089110070872,1.66323844246933e-160,45S rDNA
Chr2,4529000,4530000,615,14.0914690539038,0,45S rDNA
Chr2,4530000,4531000,623,16.7103197493956,0,45S rDNA
Chr2,4531000,4532000,281,6.92603918178382,1.40802718449509e-132,45S rDNA
Chr2,4532000,4533000,379,6.6071531003001,6.57271958962557e-172,45S rDNA
Chr2,4533000,4534000,367,6.22767609572295,1.50764860585182e-158,45S rDNA
Chr2,4534000,4535000,253,3.63637720766191,4.71892018562581e-63,45S rDNA
Chr2,4536000,4537000,2830,51.6426553566587,0,45S rDNA
Chr2,4537000,4538000,246,4.40259995024303,1.2357277277002e-76,45S rDNA
Chr2,4538000,4539000,320,7.14329375482933,1.53805423113408e-154,45S rDNA
Chr2,4539000,4540000,173,4.14913933698425,1.0197661720947e-50,45S rDNA
Chr2,4540000,4541000,348,9.94437413198733,5.69413822335377e-212,45S rDNA
Chr2,4541000,4542000,419,9.59065054123017,3.9352452432197e-249,45S rDNA
Chr2,4542000,4543000,274,6.48255016212598,1.31849628112355e-122,45S rDNA
Chr2,4543000,4544000,349,6.31340807242964,1.47962359952272e-152,45S rDNA
Chr2,4544000,4545000,376,6.59649829533537,2.48590599782962e-170,45S rDNA
Chr2,4545000,4546000,210,3.59859740339576,8.77277853167004e-52,45S rDNA
Chr2,4547000,4548000,3188,60.129433960654,0,45S rDNA
Chr2,4548000,4549000,300,4.90911689588256,2.08667892181652e-104,45S rDNA
Chr2,4549000,4550000,356,7.77483374274113,3.77256534762795e-183,45S rDNA
Chr2,4550000,4551000,162,3.05594261357247,4.34295147958355e-32,45S rDNA
Chr2,4551000,4552000,326,7.31392859902957,2.68639865986786e-160,45S rDNA
Chr2,4552000,4553000,435,10.2971157506212,1.12669271614567e-270,45S rDNA
Chr2,4553000,4554000,279,6.94514756808056,6.32261180366419e-132,45S rDNA
Chr2,4554000,4555000,412,7.73183456849837,5.84178022861758e-211,45S rDNA
Chr2,4555000,4556000,517,7.28776045827685,5.38120086857399e-253,45S rDNA
Chr2,4557000,4558000,1776,24.938362035633,0,45S rDNA
Chr2,4558000,4559000,3310,59.7429243579321,0,45S rDNA
Chr2,4559000,4560000,282,6.40682651190589,6.03942071880991e-125,45S rDNA
Chr2,4560000,4561000,639,13.2706491816907,0,45S rDNA
Chr2,4561000,4562000,232,5.47077229436225,9.99967659954311e-90,45S rDNA
Chr2,4562000,4563000,448,11.6044096333629,7.70484736276541e-300,45S rDNA
Chr2,4563000,4564000,291,6.5499772829046,2.89053649541643e-131,45S rDNA
Chr2,4564000,4565000,237,5.0196103277983,1.76682001063661e-84,45S rDNA
Chr2,4565000,4566000,743,10.9920608072831,0,45S rDNA
Chr2,4566000,4567000,258,4.52770932414978,9.07140582752105e-83,45S rDNA
Chr2,4568000,4569000,4780,85.1203390015825,0,45S rDNA
Chr2,4569000,4570000,437,7.97123232642068,9.42899200529759e-229,45S rDNA
Chr2,4570000,4571000,650,15.5733939407766,0,45S rDNA
Chr2,4571000,4572000,258,5.04760167789511,2.14915607570661e-92,45S rDNA
Chr2,4572000,4573000,381,10.2481459279319,1.79705596097557e-236,45S rDNA
Chr2,4573000,4574000,558,12.5021206012619,0,45S rDNA
Chr2,4574000,4575000,521,11.667251206284,0,45S rDNA
Chr2,4575000,4576000,445,9.86271185095039,2.20952452346048e-269,45S rDNA
Chr2,4576000,4577000,429,6.71251618973236,5.69918511170565e-197,45S rDNA
Chr2,4578000,4579000,373,4.93900819409325,2.17739244676104e-130,45S rDNA
Chr2,4579000,4580000,2385,41.3404065600232,0,45S rDNA
Chr2,4581000,4582000,334,6.42184466789388,4.075515032292e-148,45S rDNA
Chr2,4583000,4584000,214,5.56767008958739,3.68653186592533e-84,45S rDNA
Chr2,4584000,4585000,302,7.17850930251426,1.89113456355114e-146,45S rDNA
Chr2,4585000,4586000,266,5.91576579881197,3.39086978357143e-110,45S rDNA
Chr2,4586000,4587000,542,9.26283384955111,1.11253746325605e-308,45S rDNA
Chr2,4588000,4589000,181,3.01845534081472,4.0806604974308e-35,45S rDNA
Chr2,4589000,4590000,217,3.08440378033381,2.55305797100936e-43,45S rDNA
Chr2,4590000,4591000,3146,55.9928340741065,0,45S rDNA
Chr2,4591000,4592000,211,3.91643013468832,1.03069069151493e-57,45S rDNA
Chr2,4592000,4593000,363,7.86933564719404,2.15942399720911e-188,45S rDNA
Chr2,4593000,4594000,182,4.41845126239693,4.00047728117409e-57,45S rDNA
Chr2,4594000,4595000,437,9.26389881391679,6.38005972630792e-254,45S rDNA
Chr2,4595000,4596000,364,7.9262036840018,6.68680529178812e-190,45S rDNA
Chr2,4596000,4597000,285,7.29496402602333,5.72691064116158e-140,45S rDNA
Chr2,4597000,4598000,609,9.3560218735549,0,45S rDNA
Chr2,4598000,4599000,412,5.0848078893284,4.29306992238234e-148,45S rDNA
Chr2,4600000,4601000,2099,30.382758489614,0,45S rDNA
Chr2,4601000,4602000,860,14.1375122743361,0,45S rDNA
Chr2,4602000,4603000,305,6.72040507451608,1.99002917357473e-140,45S rDNA
Chr2,4603000,4604000,238,4.28258750605689,5.67685781335447e-72,45S rDNA
Chr2,4604000,4605000,313,8.67010947880426,3.97005986079007e-174,45S rDNA
Chr2,4605000,4606000,253,6.12838452819392,4.39975884345889e-108,45S rDNA
Chr2,4606000,4607000,190,4.00046001854772,2.35086632943526e-53,45S rDNA
Chr2,4608000,4609000,504,7.20109850937014,2.0992784375369e-244,45S rDNA
Chr2,4610000,4611000,203,3.20854219253492,6.01487017478969e-43,45S rDNA
Chr2,4611000,4612000,2903,60.3735849629481,0,45S rDNA
Chr2,4612000,4613000,1085,19.8763907425547,0,45S rDNA
Chr2,4613000,4614000,283,5.69104085096583,2.98825551653225e-113,45S rDNA
Chr2,4614000,4615000,387,7.2756279420463,2.31792902780453e-189,45S rDNA
Chr2,4615000,4616000,487,11.0869182217887,1.11253693146964e-308,45S rDNA
Chr2,4616000,4617000,765,18.8254570941948,0,45S rDNA
Chr2,4617000,4618000,337,8.09989357237191,1.17556501399792e-178,45S rDNA
Chr2,4618000,4619000,190,4.35371112353908,1.16296480915942e-58,45S rDNA
Chr2,4619000,4620000,831,9.93774781289112,0,45S rDNA
Chr2,4620000,4621000,204,3.14671404966632,5.65873711639993e-42,45S rDNA
Chr2,4622000,4623000,2504,47.9420198024638,0,45S rDNA
Chr2,4623000,4624000,195,3.48519251267588,3.4077644189374e-46,45S rDNA
Chr2,4624000,4625000,302,7.14246835208817,6.98845264820808e-146,45S rDNA
Chr2,4627000,4628000,374,9.04949678021131,4.65147658333017e-214,45S rDNA
Chr2,4628000,4629000,279,6.06771487874509,4.2265521140792e-118,45S rDNA
Chr2,4629000,4630000,447,7.97951672647223,3.82923168624026e-234,45S rDNA
Chr2,4630000,4631000,429,8.77962122643757,2.08547809083882e-240,45S rDNA
Chr2,4632000,4633000,2712,51.000163403211,0,45S rDNA
Chr2,4633000,4634000,1102,19.4278416432629,0,45S rDNA
Chr2,4634000,4635000,299,7.37333111951711,5.32699176662514e-148,45S rDNA
Chr2,4635000,4636000,308,6.19596125539388,1.26338085051817e-132,45S rDNA
Chr2,4636000,4637000,359,8.25314426437787,8.04399516584084e-193,45S rDNA
Chr2,4637000,4638000,425,8.75593895262395,9.86440290964738e-238,45S rDNA
Chr2,4638000,4639000,536,11.4897216464814,0,45S rDNA
Chr2,4639000,4640000,373,8.75289625395216,1.05840541395679e-208,45S rDNA
Chr2,4640000,4641000,584,8.46342247807312,1.11253692930301e-308,45S rDNA
Chr2,4641000,4642000,173,3.32596539256504,1.38164864344864e-38,45S rDNA
Chr2,4643000,4644000,2507,45.5202553937139,0,45S rDNA
Chr2,4644000,4645000,245,3.87666329772915,4.46677545344507e-66,45S rDNA
Chr2,4645000,4646000,349,7.92406999008549,4.45166759147649e-182,45S rDNA
Chr2,4648000,4649000,268,5.79950577297266,4.1950020485334e-109,45S rDNA
Chr2,4649000,4650000,309,7.42690538238255,9.25086901748773e-154,45S rDNA
Chr2,4650000,4651000,445,9.23450387661414,5.24860380375544e-258,45S rDNA
Chr2,4651000,4652000,706,11.7609078071362,0,45S rDNA
Chr2,4652000,4653000,285,4.73880329965877,9.11805405107182e-96,45S rDNA
Chr2,4653000,4654000,1086,20.3547571220226,0,45S rDNA
Chr2,4654000,4655000,1481,24.6866588322501,0,45S rDNA
Chr2,4655000,4656000,157,3.3539677867435,1.73991287989486e-35,45S rDNA
Chr2,4656000,4657000,261,5.25760566247698,3.52771852800387e-97,45S rDNA
Chr2,4657000,4658000,177,4.27890460556401,1.1197721463457e-53,45S rDNA
Chr2,4658000,4659000,427,9.8260046792959,6.72337192364844e-258,45S rDNA
Chr2,4659000,4660000,251,5.39286265161747,9.8233627969651e-96,45S rDNA
Chr2,4660000,4661000,240,5.499424577102,3.08129295282811e-93,45S rDNA
Chr2,4661000,4662000,785,10.5256543813096,0,45S rDNA
Chr2,4662000,4663000,172,3.20025452105952,2.26798011029149e-36,45S rDNA
Chr2,4663000,4664000,202,3.1240477182594,3.87781800987657e-41,45S rDNA
Chr2,4664000,4665000,4328,71.6242299064706,0,45S rDNA
Chr2,4665000,4666000,355,7.52559285798733,2.80744595658125e-178,45S rDNA
Chr2,4666000,4667000,510,11.3020814840102,0,45S rDNA
Chr2,4667000,4668000,209,4.04311638757339,2.46052272973513e-59,45S rDNA
Chr2,4668000,4669000,370,10.1153527903818,8.82139163927795e-228,45S rDNA
Chr2,4669000,4670000,459,11.4550864764265,7.95712966690964e-305,45S rDNA
Chr2,4670000,4671000,288,6.61407135488021,5.93609818639151e-131,45S rDNA
Chr2,4671000,4672000,409,7.5968460611508,1.03490651006542e-206,45S rDNA
Chr2,4672000,4673000,416,6.34013543333153,2.60872290198087e-182,45S rDNA
Chr2,4674000,4675000,423,9.89489195938214,1.20907642788504e-256,45S rDNA
Chr2,4675000,4676000,2983,51.3810955137114,0,45S rDNA
Chr2,4676000,4677000,214,3.92786810354114,1.00577560337649e-58,45S rDNA
Chr2,4677000,4678000,344,6.44694381401366,5.12298395756502e-153,45S rDNA
Chr2,4678000,4679000,180,3.90172741420584,3.96244124143402e-49,45S rDNA
Chr2,4679000,4680000,463,11.6801299885831,1.11493796295927e-308,45S rDNA
Chr2,4680000,4681000,321,7.98320894522515,1.9127524984485e-168,45S rDNA
Chr2,4681000,4682000,290,6.72596976064868,1.19377878740527e-133,45S rDNA
Chr2,4682000,4683000,710,10.0270455630407,0,45S rDNA
Chr2,4683000,4684000,280,5.04514006706539,3.73371585857146e-100,45S rDNA
Chr2,4685000,4686000,1717,39.391139696256,0,45S rDNA
Chr2,4686000,4687000,431,7.3917033096652,2.38385046521873e-213,45S rDNA
Chr2,4687000,4688000,162,3.93481576679947,9.8118348851421e-45,45S rDNA
Chr2,4688000,4689000,203,4.96015130063386,1.23541828874837e-71,45S rDNA
Chr2,4689000,4690000,324,8.0648312713775,2.91043634437723e-171,45S rDNA
Chr2,4690000,4691000,384,9.20634166196327,2.62529235071638e-222,45S rDNA
Chr2,4691000,4692000,292,6.11975659897101,1.81886103337741e-124,45S rDNA
Chr2,4692000,4693000,174,3.78437181796324,8.24440596673904e-46,45S rDNA
Chr2,4693000,4694000,557,8.01642620061826,1.62879139644107e-292,45S rDNA
Chr2,4694000,4695000,168,3.1854838065159,2.60813918210626e-35,45S rDNA
Chr2,4696000,4697000,3494,55.2357611537658,0,45S rDNA
Chr2,4697000,4698000,1014,19.1857855060809,0,45S rDNA
Chr2,4698000,4699000,413,9.2981066230662,1.29126401941582e-240,45S rDNA
Chr2,4699000,4700000,325,6.36214333475749,4.88137694208116e-143,45S rDNA
Chr2,4700000,4701000,330,6.9339472847337,1.09104194401203e-155,45S rDNA
Chr2,4701000,4702000,401,10.2799141454778,2.53334562999874e-249,45S rDNA
Chr2,4702000,4703000,328,7.23794387337466,5.40232747266988e-160,45S rDNA
Chr2,4703000,4704000,160,3.34104980652865,5.81143859437891e-36,45S rDNA
Chr2,4704000,4705000,687,8.85632663345307,0,45S rDNA
Chr2,4705000,4706000,237,3.82197161573268,7.29652734494538e-63,45S rDNA
Chr2,4707000,4708000,5000,90.1688820770094,0,45S rDNA
Chr2,4708000,4709000,524,9.17851451864089,2.01207142549503e-302,45S rDNA
Chr2,4709000,4710000,840,19.3944935826883,0,45S rDNA
Chr2,4710000,4711000,247,5.495042372738,7.2933909676342e-96,45S rDNA
Chr2,4711000,4712000,340,7.59906998802105,5.03092495623338e-172,45S rDNA
Chr2,4712000,4713000,433,10.8440646138514,3.10876198202988e-278,45S rDNA
Chr2,4713000,4714000,265,5.54054845721161,1.4449524610764e-103,45S rDNA
Chr2,4714000,4715000,360,6.27210066967281,1.79115807924508e-156,45S rDNA
Chr2,4715000,4716000,372,5.61123619677659,1.00919762254894e-146,45S rDNA
Chr2,4716000,4717000,211,3.64931237810446,5.92237628437067e-53,45S rDNA
Chr2,4718000,4719000,2613,44.0472988398856,0,45S rDNA
Chr2,4719000,4720000,245,4.3850952013337,5.32726094892375e-76,45S rDNA
Chr2,4720000,4721000,365,8.47673785042494,9.35231721002298e-200,45S rDNA
Chr2,4722000,4723000,157,4.12679171712292,8.09963004105317e-46,45S rDNA
Chr2,4723000,4724000,141,3.66794147758022,7.31955575567011e-36,45S rDNA
Chr2,4725000,4726000,291,5.29793779318828,4.90231227330146e-109,45S rDNA
Chr2,4726000,4727000,357,4.77037229358141,1.4626128135463e-120,45S rDNA
Chr2,4727000,4728000,224,3.45534854013413,2.36469385377525e-52,45S rDNA
Chr2,4728000,4729000,237,4.79392438732138,1.03424835218928e-80,45S rDNA
Chr2,4729000,4730000,1971,34.4131235035779,0,45S rDNA
Chr2,4731000,4732000,187,5.35016336973694,5.32952606264615e-71,45S rDNA
Chr2,4732000,4733000,179,3.63615772195521,7.75463882319193e-45,45S rDNA
Chr2,4733000,4734000,474,13.3806730466761,0,45S rDNA
Chr2,4734000,4735000,314,7.38613773081111,1.38657941155283e-155,45S rDNA
Chr2,4735000,4736000,257,5.57804705128199,4.41612532760198e-101,45S rDNA
Chr2,4736000,4737000,527,9.34264036105842,9.20686214864506e-308,45S rDNA
Chr2,4737000,4738000,196,3.06104890394059,9.15724320926515e-39,45S rDNA
Chr2,4738000,4739000,195,3.10575846704367,2.11744635493812e-39,45S rDNA
Chr2,4739000,4740000,162,3.18264255510962,4.94404421846983e-34,45S rDNA
Chr2,4740000,4741000,1742,35.4296571119284,0,45S rDNA
Chr2,4742000,4743000,131,3.15430367703428,2.62761903001118e-27,45S rDNA
Chr2,4745000,4746000,132,3.23459729395068,1.67886259631046e-28,45S rDNA
Chr2,4747000,4748000,511,9.10454377211974,2.42107544760523e-293,45S rDNA
Chr2,4748000,4749000,535,6.71250295167721,2.03152063404257e-245,45S rDNA
Chr2,4750000,4751000,1308,25.3229064200042,0,45S rDNA
Chr2,4751000,4752000,629,10.5834381159593,0,45S rDNA
Chr2,4752000,4753000,137,3.1848199879186,6.42569771942918e-29,45S rDNA
Chr2,4753000,4754000,166,3.17447003852774,9.98215795881112e-35,45S rDNA
Chr2,4754000,4755000,329,8.00126916424528,6.65315529397292e-173,45S rDNA
Chr2,4755000,4756000,385,10.0669702889179,2.92558655546702e-236,45S rDNA
Chr2,4756000,4757000,303,6.27443075809909,7.10405315900848e-132,45S rDNA
Chr2,4757000,4758000,162,3.52893955256456,3.93447056631961e-39,45S rDNA
Chr2,4758000,4759000,730,10.0565929660538,0,45S rDNA
Chr2,4759000,4760000,199,3.73507634240296,1.88732577282225e-51,45S rDNA
Chr2,4761000,4762000,1038,18.8771988638648,0,45S rDNA
Chr2,4763000,4764000,330,7.55047425473631,3.40199152293675e-166,45S rDNA
Chr2,4765000,4766000,198,4.63517187059935,2.78635331689589e-65,45S rDNA
Chr2,4768000,4769000,472,7.52950831149607,7.76533479840229e-237,45S rDNA
Chr2,4769000,4770000,274,5.16650242259572,2.6784746833252e-100,45S rDNA
Chr2,4771000,4772000,1925,33.2417984289041,0,45S rDNA
Chr2,4772000,4773000,1047,18.4590252664116,0,45S rDNA
Chr2,4773000,4774000,195,4.58020577588302,1.63260439139155e-63,45S rDNA
Chr2,4774000,4775000,335,5.92104348665319,1.13778470045826e-138,45S rDNA
Chr2,4775000,4776000,257,6.83065463007303,5.25383344270369e-120,45S rDNA
Chr2,4776000,4777000,314,7.71046464208676,1.159384868843e-160,45S rDNA
Chr2,4777000,4778000,244,5.62974304548145,8.21193163361219e-97,45S rDNA
Chr2,4778000,4779000,190,4.76104563318868,2.05216447733808e-64,45S rDNA
Chr2,4779000,4780000,666,9.08706544477196,0,45S rDNA
Chr2,4781000,4782000,1215,22.4499669758961,0,45S rDNA
Chr2,4782000,4783000,1838,32.1639105627659,0,45S rDNA
Chr2,4783000,4784000,199,3.78421274755331,2.8012876453998e-52,45S rDNA
Chr2,4784000,4785000,360,7.14156844978302,1.03225759933112e-173,45S rDNA
Chr2,4785000,4786000,235,5.49780457911332,2.74705500562701e-91,45S rDNA
Chr2,4786000,4787000,395,10.0552835788487,3.41262165402687e-242,45S rDNA
Chr2,4787000,4788000,189,4.84825063969317,2.9386249590613e-65,45S rDNA
Chr2,4788000,4789000,216,4.7949908828659,1.19778194185152e-73,45S rDNA
Chr2,4789000,4790000,734,10.625709183606,0,45S rDNA
Chr2,4790000,4791000,189,3.08480124877592,7.78281304950871e-38,45S rDNA
Chr2,4791000,4792000,2493,41.9520474411054,0,45S rDNA
Chr2,4792000,4793000,253,4.14256139081727,1.12814965154156e-73,45S rDNA
Chr2,4793000,4794000,131,3.27830724033769,8.05147378394611e-29,45S rDNA
Chr2,4795000,4796000,306,7.3096053544838,1.89334074622463e-150,45S rDNA
Chr2,4796000,4797000,363,8.10452935227356,1.89758100144263e-192,45S rDNA
Chr2,4797000,4798000,253,5.2987862878463,6.40283898551192e-95,45S rDNA
Chr2,4798000,4799000,379,8.32436052702648,9.29921920833182e-205,45S rDNA
Chr2,4799000,4800000,395,6.54552644173784,9.08622568118655e-178,45S rDNA
Chr2,4801000,4802000,3520,77.7697876115495,0,45S rDNA
Chr2,4802000,4803000,1198,21.4748586392935,0,45S rDNA
Chr2,4803000,4804000,303,7.21942238254114,1.415148555146e-147,45S rDNA
Chr2,4804000,4805000,491,10.476862959543,1.59906234958543e-308,45S rDNA
Chr2,4805000,4806000,290,6.57812950078397,2.8304760122931e-131,45S rDNA
Chr2,4806000,4807000,378,9.33469153015551,7.15060284887485e-221,45S rDNA
Chr2,4807000,4808000,311,6.77137708758093,4.83840907959064e-144,45S rDNA
Chr2,4808000,4809000,196,4.64593723651604,8.74454696262237e-65,45S rDNA
Chr2,4809000,4810000,700,9.53407566588944,0,45S rDNA
Chr2,4810000,4811000,205,4.12041600516989,1.73426178240886e-59,45S rDNA
Chr2,4811000,4812000,193,3.36517853971327,1.19605647238688e-43,45S rDNA
Chr2,4812000,4813000,2814,57.3023791299286,0,45S rDNA
Chr2,4813000,4814000,483,7.98097977607355,5.85792347276387e-253,45S rDNA
Chr2,4814000,4815000,452,10.2128875268624,9.20440264388141e-280,45S rDNA
Chr2,4815000,4816000,227,4.93520626972445,1.29784742406473e-79,45S rDNA
Chr2,4816000,4817000,540,12.8632355515278,0,45S rDNA
Chr2,4817000,4818000,677,15.94549799162,0,45S rDNA
Chr2,4818000,4819000,249,6.40337703918053,2.26181032327999e-110,45S rDNA
Chr2,4819000,4820000,405,7.69350008488581,1.25037912604877e-206,45S rDNA
Chr2,4820000,4821000,413,6.19676333250515,1.47120885764921e-177,45S rDNA
Chr2,4821000,4822000,1645,31.4443346350633,0,45S rDNA
Chr2,4822000,4823000,1240,23.1663345843341,0,45S rDNA
Chr2,4823000,4824000,240,4.82196522957902,3.32510207418177e-82,45S rDNA
Chr2,4824000,4825000,407,8.46260594405803,2.20314139325584e-222,45S rDNA
Chr2,4825000,4826000,362,7.68171209210466,1.42165937662792e-184,45S rDNA
Chr2,4826000,4827000,576,13.8601363067712,0,45S rDNA
Chr2,4827000,4828000,517,12.5262517135032,0,45S rDNA
Chr2,4828000,4829000,216,4.61757878025906,7.25765922116684e-71,45S rDNA
Chr2,4829000,4830000,656,9.36517214549742,0,45S rDNA
Chr2,4831000,4832000,174,3.27690537456861,5.06291146713575e-38,45S rDNA
Chr2,4832000,4833000,4535,87.7298220939968,0,45S rDNA
Chr2,4833000,4834000,320,5.94788135179527,5.08225760119405e-133,45S rDNA
Chr2,4834000,4835000,523,11.5143376831726,0,45S rDNA
Chr2,4835000,4836000,206,3.76189050336316,1.05832741446222e-53,45S rDNA
Chr2,4836000,4837000,385,10.1324777201393,3.10045071790344e-237,45S rDNA
Chr2,4837000,4838000,408,8.18583988587847,9.47935025450139e-218,45S rDNA
Chr2,4838000,4839000,228,5.47314735055553,3.14923224353548e-88,45S rDNA
Chr2,4839000,4840000,414,7.33321080420188,9.81239516878527e-204,45S rDNA
Chr2,4840000,4841000,362,6.56965170039989,1.75767083887218e-163,45S rDNA
Chr2,4841000,4842000,210,3.30249506805488,3.17187063488366e-46,45S rDNA
Chr2,4842000,4843000,1056,19.2508904691875,0,45S rDNA
Chr2,4843000,4844000,1751,31.4411989327905,0,45S rDNA
Chr2,4844000,4845000,180,3.92617033258213,1.71602078424257e-49,45S rDNA
Chr2,4845000,4846000,301,5.88398111912813,5.30789479616934e-124,45S rDNA
Chr2,4846000,4847000,149,3.88058974404345,1.55138835751474e-40,45S rDNA
Chr2,4847000,4848000,167,4.02961658457545,2.20266437906128e-47,45S rDNA
Chr2,4848000,4849000,150,3.74395902397926,4.42374055736562e-39,45S rDNA
Chr2,4849000,4850000,247,5.58408743857142,2.82789098332815e-97,45S rDNA
Chr2,4850000,4851000,718,9.85263467923296,0,45S rDNA
Chr2,4851000,4852000,222,3.87234476936438,7.19497776334741e-60,45S rDNA
Chr2,4853000,4854000,3920,60.7965075719324,0,45S rDNA
Chr2,4854000,4855000,870,14.1635058281568,0,45S rDNA
Chr2,4855000,4856000,499,10.5230718353522,1.11253757209548e-308,45S rDNA
Chr2,4856000,4857000,308,5.96115684587006,2.59024882744171e-128,45S rDNA
Chr2,4857000,4858000,273,6.29123884927015,3.60491672084517e-119,45S rDNA
Chr2,4858000,4859000,405,8.22747817296921,6.15186346200387e-217,45S rDNA
Chr2,4859000,4860000,321,6.97810217808377,3.17555012068788e-152,45S rDNA
Chr2,4861000,4862000,639,9.00655154262871,0,45S rDNA
Chr2,4862000,4863000,215,3.78570125842133,1.90251504147877e-56,45S rDNA
Chr2,4864000,4865000,2363,39.4329626117367,0,45S rDNA
Chr2,4865000,4866000,871,13.5585036070783,0,45S rDNA
Chr2,4866000,4867000,331,8.40416635355971,3.82933861677066e-180,45S rDNA
Chr2,4867000,4868000,280,5.99663578146807,2.51201819506962e-117,45S rDNA
Chr2,4868000,4869000,283,7.69850631045455,1.0153320604958e-144,45S rDNA
Chr2,4869000,4870000,330,7.45757418771224,1.16639532618375e-164,45S rDNA
Chr2,4870000,4871000,258,6.550679514255,1.74165805643318e-116,45S rDNA
Chr2,4871000,4872000,160,3.73445817780163,1.65408718000951e-41,45S rDNA
Chr2,4872000,4873000,783,11.1786451992856,0,45S rDNA
Chr2,4873000,4874000,491,10.5556152180308,1.13004519897939e-308,45S rDNA
Chr2,4874000,4875000,2317,42.9090201086655,0,45S rDNA
Chr2,4876000,4877000,138,3.46127182470942,1.29886955109306e-32,45S rDNA
Chr2,4877000,4878000,164,3.44560005200921,2.16133920097525e-38,45S rDNA
Chr2,4878000,4879000,345,7.79919594196889,6.29211830531273e-178,45S rDNA
Chr2,4879000,4880000,264,6.84628494600443,1.78209849672156e-123,45S rDNA
Chr2,4880000,4881000,198,4.54952253384203,4.99614772049609e-64,45S rDNA
Chr2,4881000,4882000,576,10.6562245596578,0,45S rDNA
Chr2,4882000,4883000,329,5.93926490171931,1.44747923592389e-136,45S rDNA
Chr2,4884000,4885000,4203,80.4098499865335,0,45S rDNA
Chr2,4885000,4886000,464,7.95356937867811,1.93696753517187e-242,45S rDNA
Chr2,4886000,4887000,503,11.8000457399131,0,45S rDNA
Chr2,4887000,4888000,235,4.1780971258614,3.7518361293264e-69,45S rDNA
Chr2,4888000,4889000,224,5.88636096713668,1.59980137726054e-92,45S rDNA
Chr2,4889000,4890000,403,9.31763407516576,3.86514324613452e-235,45S rDNA
Chr2,4890000,4891000,294,6.56363299129319,7.8018469436293e-133,45S rDNA
Chr2,4891000,4892000,322,6.00121336603408,6.95388194982584e-135,45S rDNA
Chr2,4892000,4893000,541,8.35397340236721,1.23454840745579e-292,45S rDNA
Chr2,4893000,4894000,227,4.14595146054441,3.01832539123213e-66,45S rDNA
Chr2,4894000,4895000,615,10.9152669200784,0,45S rDNA
Chr2,4895000,4896000,1039,20.9539483894159,0,45S rDNA
Chr2,4897000,4898000,189,4.22820115292048,1.62105335255636e-56,45S rDNA
Chr2,4898000,4899000,328,7.13298346634712,3.32487965435874e-158,45S rDNA
Chr2,4899000,4900000,974,24.9117493049912,0,45S rDNA
Chr2,4900000,4901000,551,12.6005237135698,0,45S rDNA
Chr2,4901000,4902000,283,7.80186686750073,3.81061500969468e-146,45S rDNA
Chr2,4902000,4903000,506,8.31129312475247,8.99772828472709e-273,45S rDNA
Chr2,4903000,4904000,430,7.63722911785851,3.85607784878581e-218,45S rDNA
Chr2,4905000,4906000,2357,38.0161966275731,0,45S rDNA
Chr2,4906000,4907000,2359,41.7426590575838,0,45S rDNA
Chr2,4907000,4908000,249,4.9892699044208,3.411751165482e-88,45S rDNA
Chr2,4908000,4909000,515,10.3047337935061,1.11253692925456e-308,45S rDNA
Chr2,4909000,4910000,222,4.72390254454798,1.55499145920727e-74,45S rDNA
Chr2,4910000,4911000,397,11.0037632069233,1.84154155679267e-257,45S rDNA
Chr2,4911000,4912000,247,5.4677008306357,1.99334696447216e-95,45S rDNA
Chr2,4912000,4913000,258,6.13299785916655,2.83889493325526e-110,45S rDNA
Chr2,4913000,4914000,542,4.67531850276042,7.71545173542168e-179,45S rDNA
Chr2,4914000,4915000,211,3.77115702653647,3.75418169860316e-55,45S rDNA
Chr2,4915000,4916000,553,8.87753097491764,1.11280424469537e-308,45S rDNA
Chr2,4916000,4917000,2497,62.3672030793255,0,45S rDNA
Chr2,4917000,4918000,231,4.40738156964261,4.27490711770474e-72,45S rDNA
Chr2,4918000,4919000,285,6.05803059187147,1.86010248575926e-120,45S rDNA
Chr2,4921000,4922000,131,3.12890216209753,5.41443854829581e-27,45S rDNA
Chr2,4922000,4923000,241,5.83841656570859,8.98193176670886e-99,45S rDNA
Chr2,4923000,4924000,540,10.8206448996913,0,45S rDNA
Chr2,4924000,4925000,296,3.25818027200203,1.27428824912801e-63,45S rDNA
Chr2,4926000,4927000,2563,52.0693740147265,0,45S rDNA
Chr2,4927000,4928000,284,5.38728057235796,4.14556909702011e-108,45S rDNA
Chr2,4928000,4929000,327,7.52094248059233,3.28245104255508e-164,45S rDNA
Chr2,4930000,4931000,151,3.61998530717437,9.96458915972967e-38,45S rDNA
Chr2,4932000,4933000,240,6.04954013599498,1.9165793621066e-101,45S rDNA
Chr2,4933000,4934000,377,8.81267350879738,6.44578863702913e-212,45S rDNA
Chr2,4934000,4935000,461,4.90268832146848,9.15528497657794e-160,45S rDNA
Chr2,4935000,4936000,1747,30.696229561668,0,45S rDNA
Chr2,4936000,4937000,671,11.5931409808429,0,45S rDNA
Chr2,4938000,4939000,174,3.3487279581208,3.63438429809172e-39,45S rDNA
Chr2,4939000,4940000,197,5.08867658454165,2.7174584233324e-71,45S rDNA
Chr2,4940000,4941000,419,11.2370562570489,3.76686009158652e-275,45S rDNA
Chr2,4941000,4942000,268,5.98150810018467,4.34805387513619e-112,45S rDNA
Chr2,4942000,4943000,224,5.31341718342782,2.39277916194764e-84,45S rDNA
Chr2,4943000,4944000,667,9.41778074899602,0,45S rDNA
Chr2,4944000,4945000,184,4.29212493715205,5.85174941392964e-56,45S rDNA
Chr2,4947000,4948000,1802,30.872786608515,0,45S rDNA
Chr2,4948000,4949000,198,3.56426649618897,2.83494595288463e-48,45S rDNA
Chr2,4949000,4950000,340,7.27734745471733,1.66984789779927e-166,45S rDNA
Chr2,4950000,4951000,194,4.40778323348616,1.1083972971753e-60,45S rDNA
Chr2,4951000,4952000,339,8.02702157880816,1.51122923089103e-178,45S rDNA
Chr2,4952000,4953000,213,4.5321521278031,1.52393940255981e-68,45S rDNA
Chr2,4953000,4954000,161,3.35109601174497,2.49318317638282e-36,45S rDNA
Chr2,4954000,4955000,541,7.34449482346857,2.85494832835376e-266,45S rDNA
Chr2,4957000,4958000,1806,34.465922099929,0,45S rDNA
Chr2,4959000,4960000,183,4.71578842891387,1.79377697398034e-61,45S rDNA
Chr2,4960000,4961000,315,6.61356197323779,3.83367008494451e-143,45S rDNA
Chr2,4961000,4962000,155,3.60913063220697,1.46217962507887e-38,45S rDNA
Chr2,4963000,4964000,159,3.27440344095231,9.02900956987899e-35,45S rDNA
Chr2,4964000,4965000,394,5.97391515729931,3.35058796573855e-164,45S rDNA
Chr2,4965000,4966000,282,3.88567777438416,3.83074354017162e-76,45S rDNA
Chr2,4967000,4968000,1641,30.4153525829592,0,45S rDNA
Chr2,4968000,4969000,354,5.13673240428765,1.27054996429722e-128,45S rDNA
Chr2,4969000,4970000,562,12.991571676933,0,45S rDNA
Chr2,4970000,4971000,374,7.85105760296408,9.5942512457013e-194,45S rDNA
Chr2,4972000,4973000,314,7.79701311341809,5.49970403652369e-162,45S rDNA
Chr2,4973000,4974000,284,6.9482291532037,2.54115686516518e-134,45S rDNA
Chr2,4974000,4975000,165,4.01523336142839,1.24061891553876e-46,45S rDNA
Chr2,4975000,4976000,637,7.96879771135983,0,45S rDNA
Chr2,4977000,4978000,2269,26.832349885035,0,45S rDNA
Chr2,4978000,4979000,717,12.2145006538286,0,45S rDNA
Chr2,4979000,4980000,302,6.95953894681167,5.75519289059825e-143,45S rDNA
Chr2,4980000,4981000,322,6.27152777292908,4.87821761719974e-140,45S rDNA
Chr2,4981000,4982000,313,6.82048612332602,8.46282889158296e-146,45S rDNA
Chr2,4982000,4983000,433,10.5871339183107,3.76489620222726e-274,45S rDNA
Chr2,4983000,4984000,300,5.64267105060834,4.33511648058816e-119,45S rDNA
Chr2,4984000,4985000,200,4.35434655811177,1.02294951019129e-61,45S rDNA
Chr2,4985000,4986000,1419,17.6013998658274,0,45S rDNA
Chr2,4986000,4987000,208,3.74007630017258,7.86895605786843e-54,45S rDNA
Chr2,4988000,4989000,253,4.64838233611919,1.9381192631012e-83,45S rDNA
Chr2,4989000,4990000,1809,27.1916331328126,0,45S rDNA
Chr2,4990000,4991000,190,3.6803612874424,2.86912188101502e-48,45S rDNA
Chr2,4991000,4992000,347,7.72233028010534,1.17829261398362e-177,45S rDNA
Chr2,4992000,4993000,218,5.18091514896454,3.55981582752744e-80,45S rDNA
Chr2,4993000,4994000,321,6.8156572286629,2.02147415859029e-149,45S rDNA
Chr2,4994000,4995000,164,4.18043326911074,1.59233940531551e-48,45S rDNA
Chr2,4995000,4996000,170,3.69135951289038,1.98521922379726e-43,45S rDNA
Chr2,4996000,4997000,599,7.61040643226875,9.98150388195707e-303,45S rDNA
Chr2,4999000,5000000,1832,36.74866058615,0,45S rDNA
Chr2,5000000,5001000,504,7.74291465397647,3.86741999422817e-258,45S rDNA
Chr2,5001000,5002000,657,15.628884690026,0,45S rDNA
Chr2,5002000,5003000,278,5.38703453974857,7.73939835191213e-106,45S rDNA
Chr2,5004000,5005000,327,8.16030462104281,2.64622569006083e-174,45S rDNA
Chr2,5005000,5006000,235,5.40092557522239,8.30343592977007e-90,45S rDNA
Chr2,5006000,5007000,522,9.60571972545198,1.12141817881483e-308,45S rDNA
Chr2,5007000,5008000,314,3.58094094143739,1.52466364991282e-76,45S rDNA
Chr2,5009000,5010000,2561,39.5951225801506,0,45S rDNA
Chr2,5010000,5011000,317,5.36036354014613,5.16081851611968e-120,45S rDNA
Chr2,5011000,5012000,347,8.49734978898265,2.86404360951856e-190,45S rDNA
Chr2,5013000,5014000,352,8.14506392096689,2.60006512181668e-187,45S rDNA
Chr2,5014000,5015000,412,8.33290005321418,1.13200087103753e-222,45S rDNA
Chr2,5015000,5016000,288,5.89461401995279,7.1649883832494e-119,45S rDNA
Chr2,5016000,5017000,347,6.57269342919037,8.3669348721324e-157,45S rDNA
Chr2,5017000,5018000,347,5.42523101911969,9.18128265387752e-133,45S rDNA
Chr2,5020000,5021000,1631,34.7667601401275,0,45S rDNA
Chr2,5021000,5022000,468,7.38304412227834,2.20576377595452e-231,45S rDNA
Chr2,5022000,5023000,300,6.25370581660508,3.2363868086199e-130,45S rDNA
Chr2,5023000,5024000,246,4.7394201360144,8.80044845079836e-83,45S rDNA
Chr2,5024000,5025000,297,7.22961696833223,7.94697135740173e-145,45S rDNA
Chr2,5025000,5026000,269,6.0993634551823,2.10393802938611e-114,45S rDNA
Chr2,5026000,5027000,195,4.39756507245721,7.72389816909e-61,45S rDNA
Chr2,5028000,5029000,658,7.60406924036795,0,45S rDNA
Chr2,5030000,5031000,976,12.684418294821,0,45S rDNA
Chr2,5031000,5032000,1146,18.6121080823736,0,45S rDNA
Chr2,5032000,5033000,135,3.0546186480791,7.67064908030539e-27,45S rDNA
Chr2,5033000,5034000,689,12.495620668111,0,45S rDNA
Chr2,5034000,5035000,231,4.93429232438089,5.49168997483806e-81,45S rDNA
Chr2,5035000,5036000,139,3.06746843845968,8.69986368335455e-28,45S rDNA
Chr2,5037000,5038000,159,3.55864874804001,7.76253614362369e-39,45S rDNA
Chr2,5038000,5039000,647,7.31811716737304,1.11253693032878e-308,45S rDNA
Chr2,5040000,5041000,214,3.23479341155763,9.35547467340923e-46,45S rDNA
Chr2,5041000,5042000,1939,29.5855207415408,0,45S rDNA
Chr2,5042000,5043000,442,7.47565010078636,1.20613680866767e-220,45S rDNA
Chr2,5043000,5044000,635,14.5115290492547,0,45S rDNA
Chr2,5044000,5045000,231,4.63695340755601,4.64303488026761e-76,45S rDNA
Chr2,5045000,5046000,225,5.90256738478758,3.72938108731872e-93,45S rDNA
Chr2,5046000,5047000,640,14.0623673468006,0,45S rDNA
Chr2,5047000,5048000,190,4.43053684542088,8.94339116212419e-60,45S rDNA
Chr2,5048000,5049000,515,7.56171719625418,3.73474842960256e-259,45S rDNA
Chr2,5051000,5052000,1822,34.7629836358824,0,45S rDNA
Chr2,5052000,5053000,311,5.59892201972093,1.46191164052294e-122,45S rDNA
Chr2,5053000,5054000,668,15.9540608659577,0,45S rDNA
Chr2,5054000,5055000,218,4.423904436154,2.33567284205743e-68,45S rDNA
Chr2,5057000,5058000,145,3.89184682758542,1.32942082185304e-39,45S rDNA
Chr2,5058000,5059000,619,8.86762209187739,0,45S rDNA
Chr2,5061000,5062000,1842,33.1540076120494,0,45S rDNA
Chr2,5065000,5066000,1592,29.1923002793488,0,45S rDNA
Chr2,5066000,5067000,703,11.3282343946825,0,45S rDNA
Chr2,5067000,5068000,402,8.31159676628987,6.76078792044222e-217,45S rDNA
Chr2,5068000,5069000,833,16.2431323729776,0,45S rDNA
Chr2,5069000,5070000,589,15.0081404693546,0,45S rDNA
Chr2,5070000,5071000,946,25.2892325485782,0,45S rDNA
Chr2,5071000,5072000,223,4.6161442443525,4.11520941629311e-73,45S rDNA
Chr2,5072000,5073000,139,3.06307910552627,9.94944236033772e-28,45S rDNA
Chr2,5073000,5074000,655,7.16139422278999,1.112536955577e-308,45S rDNA
Chr2,5075000,5076000,273,4.11049054285221,9.7920755381273e-79,45S rDNA
Chr2,5076000,5077000,1751,30.514767366047,0,45S rDNA
Chr2,5077000,5078000,386,8.06028265825037,8.74208673518903e-204,45S rDNA
Chr2,5078000,5079000,722,13.1987236020793,0,45S rDNA
Chr2,5079000,5080000,705,16.7926696082435,0,45S rDNA
Chr2,5080000,5081000,442,10.9246012645689,2.75048921813367e-285,45S rDNA
Chr2,5081000,5082000,186,4.45772026226835,6.4689472147184e-59,45S rDNA
Chr2,5083000,5084000,668,7.38458946487521,0,45S rDNA
Chr2,5085000,5086000,241,5.22087047546564,3.34990729822384e-89,45S rDNA
Chr2,5086000,5087000,1848,28.9120648991583,0,45S rDNA
Chr2,5088000,5089000,189,3.84436597586847,1.20377440886928e-50,45S rDNA
Chr2,5090000,5091000,1460,26.0222456762388,0,45S rDNA
Chr2,5091000,5092000,602,9.74463011506319,0,45S rDNA
Chr2,5092000,5093000,906,20.2368608503045,0,45S rDNA
Chr2,5093000,5094000,385,7.55405086657518,8.19618791828479e-194,45S rDNA
Chr2,5094000,5095000,722,16.3587394214771,0,45S rDNA
Chr2,5095000,5096000,988,21.3399013107214,0,45S rDNA
Chr2,5096000,5097000,564,12.0563675666894,0,45S rDNA
Chr2,5098000,5099000,622,7.21594857974232,6.81885636725359e-302,45S rDNA
Chr2,5100000,5101000,1726,22.6500129968051,0,45S rDNA
Chr2,5101000,5102000,706,11.1870347086281,0,45S rDNA
Chr2,5102000,5103000,387,8.15731332436839,4.51388900101317e-206,45S rDNA
Chr2,5103000,5104000,778,14.9078418630555,0,45S rDNA
Chr2,5104000,5105000,175,4.01827555375928,1.86185548859373e-49,45S rDNA
Chr2,5107000,5108000,145,3.05539264150718,8.65330010769161e-29,45S rDNA
Chr2,5108000,5109000,639,6.87310256871532,1.53909017820417e-298,45S rDNA
Chr2,5110000,5111000,405,5.22686848635691,1.70112810631402e-149,45S rDNA
Chr2,5111000,5112000,1424,28.0473809512353,0,45S rDNA
Chr2,5112000,5113000,455,10.4152636449109,4.11981251421077e-285,45S rDNA
Chr2,5113000,5114000,623,12.31251990222,0,45S rDNA
Chr2,5114000,5115000,264,6.28084608237126,4.14952881558638e-115,45S rDNA
Chr2,5115000,5116000,268,5.69425605292189,2.40502134952588e-107,45S rDNA
Chr2,5116000,5117000,196,4.12548871362188,5.45382175716216e-57,45S rDNA
Chr2,5118000,5119000,680,7.08145017219679,0,45S rDNA
Chr2,5120000,5121000,665,10.9077308838035,0,45S rDNA
Chr2,5121000,5122000,1608,26.4338601594563,0,45S rDNA
Chr2,5122000,5123000,362,7.92315652486732,8.24617350493312e-189,45S rDNA
Chr2,5123000,5124000,804,17.105460465034,0,45S rDNA
Chr2,5124000,5125000,560,11.9294639891814,0,45S rDNA
Chr2,5125000,5126000,1016,22.3743482980523,0,45S rDNA
Chr2,5126000,5127000,244,6.29744494078155,1.10176984956903e-106,45S rDNA
Chr2,5127000,5128000,134,3.59154747028961,3.14136331538205e-33,45S rDNA
Chr2,5128000,5129000,638,7.33189002598144,1.11254658993626e-308,45S rDNA
Chr2,5131000,5132000,1884,33.838470314592,0,45S rDNA
Chr2,5132000,5133000,362,6.3539464082905,4.73359425648315e-159,45S rDNA
Chr2,5133000,5134000,884,18.2876301199707,0,45S rDNA
Chr2,5134000,5135000,590,12.5678737709842,0,45S rDNA
Chr2,5135000,5136000,244,6.04196418127922,5.1958460567391e-103,45S rDNA
Chr2,5136000,5137000,454,9.59481620072998,6.03314879503363e-270,45S rDNA
Chr2,5137000,5138000,356,7.01944166245215,1.66703267338517e-169,45S rDNA
Chr2,5138000,5139000,658,8.36824390294335,0,45S rDNA
Chr2,5140000,5141000,229,3.42391716747638,7.36799486180392e-53,45S rDNA
Chr2,5141000,5142000,1770,31.324418555561,0,45S rDNA
Chr2,5142000,5143000,317,7.01104994847107,6.81568904081093e-151,45S rDNA
Chr2,5143000,5144000,621,12.9728619681471,0,45S rDNA
Chr2,5144000,5145000,161,3.53136313217957,6.27116425355255e-39,45S rDNA
Chr2,5148000,5149000,644,6.91388180801566,2.78267527586201e-302,45S rDNA
Chr2,5150000,5151000,252,3.90003835471917,1.97736666805648e-68,45S rDNA
Chr2,5151000,5152000,1917,31.723191794883,0,45S rDNA
Chr2,5152000,5153000,351,7.58742008047616,2.32355601813021e-177,45S rDNA
Chr2,5153000,5154000,749,15.7074608168242,0,45S rDNA
Chr2,5154000,5155000,480,10.4869258536891,5.05286350864558e-302,45S rDNA
Chr2,5155000,5156000,1040,27.5137162379395,0,45S rDNA
Chr2,5156000,5157000,388,10.374405866274,1.16544696016245e-242,45S rDNA
Chr2,5157000,5158000,144,3.45610304118973,6.20834664567239e-34,45S rDNA
Chr2,5158000,5159000,580,7.19883087091375,4.73353959175943e-281,45S rDNA
Chr2,5161000,5162000,1855,32.4770137528822,0,45S rDNA
Chr2,5162000,5163000,190,3.13615088518105,5.89413026546396e-39,45S rDNA
Chr2,5163000,5164000,209,5.06257852329063,3.27054032499126e-75,45S rDNA
Chr2,5165000,5166000,1648,20.2450048908979,0,45S rDNA
Chr2,5166000,5167000,674,10.2511682004212,0,45S rDNA
Chr2,5167000,5168000,438,10.0525578777377,2.03908085836967e-268,45S rDNA
Chr2,5168000,5169000,807,17.3202175045665,0,45S rDNA
Chr2,5169000,5170000,604,16.405099606682,0,45S rDNA
Chr2,5170000,5171000,937,19.7555942116184,0,45S rDNA
Chr2,5171000,5172000,247,5.34073726236843,2.24905971996488e-93,45S rDNA
Chr2,5172000,5173000,168,3.66522429805461,1.50337429623052e-42,45S rDNA
Chr2,5173000,5174000,557,6.49177683968565,1.28470292083813e-248,45S rDNA
Chr2,5175000,5176000,278,4.5756687916646,4.07807508335697e-90,45S rDNA
Chr2,5176000,5177000,1784,31.9106823742722,0,45S rDNA
Chr2,5178000,5179000,205,4.83124233307766,1.80856925018939e-70,45S rDNA
Chr2,5180000,5181000,801,16.2754264761334,0,45S rDNA
Chr2,5181000,5182000,638,11.2333543944965,0,45S rDNA
Chr2,5182000,5183000,825,17.380471884916,0,45S rDNA
Chr2,5183000,5184000,452,9.53292493355428,1.26593069269874e-267,45S rDNA
Chr2,5184000,5185000,688,16.8128110572355,0,45S rDNA
Chr2,5185000,5186000,928,20.344659123581,0,45S rDNA
Chr2,5186000,5187000,613,14.9745356501413,0,45S rDNA
Chr2,5188000,5189000,629,6.70966743514186,2.79343637953148e-288,45S rDNA
Chr2,5190000,5191000,1628,31.4785402095278,0,45S rDNA
Chr2,5191000,5192000,736,10.3402560766617,0,45S rDNA
Chr2,5192000,5193000,380,7.07460344750285,5.5830092770374e-182,45S rDNA
Chr2,5193000,5194000,831,16.4038489583524,0,45S rDNA
Chr2,5194000,5195000,596,14.8546994646558,0,45S rDNA
Chr2,5195000,5196000,941,21.0904061250405,0,45S rDNA
Chr2,5196000,5197000,405,9.89405703411977,9.54549843887161e-246,45S rDNA
Chr2,5197000,5198000,320,8.42900204462692,1.51675030985341e-174,45S rDNA
Chr2,5198000,5199000,648,7.55413141359527,0,45S rDNA
Chr2,5200000,5201000,251,4.19174959857955,4.48191721917792e-74,45S rDNA
Chr2,5201000,5202000,1861,30.1047078278492,0,45S rDNA
Chr2,5203000,5204000,310,8.28274527578154,4.78288951697313e-167,45S rDNA
Chr2,5204000,5205000,185,4.02273968089313,2.63256696923719e-52,45S rDNA
Chr2,5205000,5206000,338,7.64267737519171,9.53720703088369e-172,45S rDNA
Chr2,5206000,5207000,197,4.98071451265897,8.00119405306821e-70,45S rDNA
Chr2,5207000,5208000,162,3.568348438535,1.08024180232079e-39,45S rDNA
Chr2,5208000,5209000,566,8.11300310614882,8.37346193816751e-300,45S rDNA
Chr2,5211000,5212000,1939,32.6746868944706,0,45S rDNA
Chr2,5212000,5213000,455,6.51540632561267,7.31557817850085e-204,45S rDNA
Chr2,5213000,5214000,787,18.3421361472741,0,45S rDNA
Chr2,5214000,5215000,357,7.53408558357492,1.98380196735988e-179,45S rDNA
Chr2,5215000,5216000,738,19.0226667993023,0,45S rDNA
Chr2,5216000,5217000,551,13.814813381396,0,45S rDNA
Chr2,5218000,5219000,367,5.08858803084281,4.16217387236638e-132,45S rDNA
Chr2,5219000,5220000,362,3.94948843231397,2.04642889955952e-99,45S rDNA
Chr2,5221000,5222000,1734,25.5689927104856,0,45S rDNA
Chr2,5222000,5223000,598,9.51108459881623,0,45S rDNA
Chr2,5223000,5224000,630,14.2428141145749,0,45S rDNA
Chr2,5224000,5225000,297,6.44482817646309,3.44532342415939e-132,45S rDNA
Chr2,5225000,5226000,277,7.02418560842771,3.76431095849188e-132,45S rDNA
Chr2,5226000,5227000,273,6.84558335458848,1.20631217462907e-127,45S rDNA
Chr2,5227000,5228000,189,4.70858289167314,2.31173996964163e-63,45S rDNA
Chr2,5228000,5229000,449,6.35269851767754,5.04002979563609e-197,45S rDNA
Chr2,5229000,5230000,323,3.66198918066731,5.51698850109352e-81,45S rDNA
Chr2,5231000,5232000,1809,34.2343663574942,0,45S rDNA
Chr2,5232000,5233000,336,4.92371991964546,3.51148362064134e-117,45S rDNA
Chr2,5233000,5234000,196,4.53322387934548,3.76320641862463e-63,45S rDNA
Chr2,5235000,5236000,305,5.48326153978566,5.97985461604168e-118,45S rDNA
Chr2,5236000,5237000,1885,34.2248865306739,0,45S rDNA
Chr2,5237000,5238000,401,7.76787513489204,4.69493226665224e-206,45S rDNA
Chr2,5238000,5239000,852,18.9893768418589,0,45S rDNA
Chr2,5239000,5240000,465,9.08366253862971,1.32399400332471e-266,45S rDNA
Chr2,5240000,5241000,1006,21.0617705295516,0,45S rDNA
Chr2,5241000,5242000,353,7.91037553314094,6.37339434391278e-184,45S rDNA
Chr2,5242000,5243000,155,3.93025206455773,8.93992340365653e-43,45S rDNA
Chr2,5243000,5244000,618,7.63497789355822,1.11256052781758e-308,45S rDNA
Chr2,5246000,5247000,1943,37.449930251782,0,45S rDNA
Chr2,5247000,5248000,411,8.49416839143853,3.8053945739123e-225,45S rDNA
Chr2,5248000,5249000,862,18.9923619843453,0,45S rDNA
Chr2,5249000,5250000,584,13.2177886861501,0,45S rDNA
Chr2,5250000,5251000,1025,22.0002163599543,0,45S rDNA
Chr2,5251000,5252000,501,10.6172527158535,1.11253692988007e-308,45S rDNA
Chr2,5252000,5253000,394,8.50453646759893,4.71563762764267e-216,45S rDNA
Chr2,5253000,5254000,637,7.54629747470322,1.1125369292574e-308,45S rDNA
Chr2,5254000,5255000,242,3.15668989235675,7.10999582194993e-50,45S rDNA
Chr2,5256000,5257000,1876,34.411003125255,0,45S rDNA
Chr2,5258000,5259000,182,4.46255460322796,9.86937350056403e-58,45S rDNA
Chr2,5259000,5260000,179,3.55782104033056,1.2951729985961e-43,45S rDNA
Chr2,5260000,5261000,269,6.35786903105272,1.80110652324709e-118,45S rDNA
Chr2,5261000,5262000,296,6.87269153808905,9.21044556714019e-139,45S rDNA
Chr2,5262000,5263000,180,4.15428605655716,8.21307016220563e-53,45S rDNA
Chr2,5263000,5264000,497,6.85925675797361,4.98429380622229e-232,45S rDNA
Chr2,5264000,5265000,328,3.50771858610569,8.30352160188846e-78,45S rDNA
Chr2,5266000,5267000,1776,36.3371177029164,0,45S rDNA
Chr2,5267000,5268000,364,6.58475798958278,1.09623671278373e-164,45S rDNA
Chr2,5268000,5269000,655,13.9198863768916,0,45S rDNA
Chr2,5269000,5270000,266,5.46640563753904,1.10711327750215e-102,45S rDNA
Chr2,5270000,5271000,316,7.34259774427629,7.19148117139212e-156,45S rDNA
Chr2,5271000,5272000,243,5.72611563521268,6.8196196312307e-98,45S rDNA
Chr2,5272000,5273000,163,3.80692031342979,2.85256817702195e-43,45S rDNA
Chr2,5273000,5274000,529,7.54322233156581,1.09079186949096e-265,45S rDNA
Chr2,5276000,5277000,1963,35.8458945503508,0,45S rDNA
Chr2,5277000,5278000,231,3.88856090223324,1.41762642039925e-62,45S rDNA
Chr2,5278000,5279000,197,4.72078375348495,3.47014766328865e-66,45S rDNA
Chr2,5280000,5281000,888,15.3357212302367,0,45S rDNA
Chr2,5281000,5282000,1075,16.9036378056278,0,45S rDNA
Chr2,5285000,5286000,1902,38.1661967326211,0,45S rDNA
Chr2,5286000,5287000,469,9.13195131323175,7.50840004655909e-270,45S rDNA
Chr2,5287000,5288000,830,20.0564434721466,0,45S rDNA
Chr2,5288000,5289000,254,5.12510583495246,2.52764919160721e-92,45S rDNA
Chr2,5289000,5290000,245,5.23809081316938,5.95342691904359e-91,45S rDNA
Chr2,5290000,5291000,843,17.3551606521793,0,45S rDNA
Chr2,5291000,5292000,190,4.1506218654985,1.19531594840225e-55,45S rDNA
Chr2,5292000,5293000,333,5.71981087345626,1.04039261782904e-133,45S rDNA
Chr2,5293000,5294000,451,5.40002320282817,1.52015638288304e-171,45S rDNA
Chr2,5295000,5296000,1757,22.5115906252217,0,45S rDNA
Chr2,5296000,5297000,643,9.35230963616553,0,45S rDNA
Chr2,5297000,5298000,552,11.8074135177437,0,45S rDNA
Chr2,5298000,5299000,546,10.9981160082573,0,45S rDNA
Chr2,5299000,5300000,125,3.50813010576127,3.96477902207705e-30,45S rDNA
Chr2,5303000,5304000,671,8.12136636935596,0,45S rDNA
Chr2,5305000,5306000,895,17.8253842164393,0,45S rDNA
Chr2,5306000,5307000,1056,17.5097961845798,0,45S rDNA
Chr2,5307000,5308000,632,14.5643331602151,0,45S rDNA
Chr2,5308000,5309000,392,7.5602496796136,1.92524252199686e-197,45S rDNA
Chr2,5309000,5310000,133,3.31860931768588,9.64847543671329e-30,45S rDNA
Chr2,5311000,5312000,234,5.26521615250201,2.50083306798314e-87,45S rDNA
Chr2,5313000,5314000,635,5.57127989289374,3.43613273097122e-248,45S rDNA
Chr2,5315000,5316000,666,15.6111124307621,0,45S rDNA
Chr2,5316000,5317000,319,6.47777949805369,1.61781627107145e-142,45S rDNA
Chr2,5317000,5318000,283,7.12713468668347,1.57409501525011e-136,45S rDNA
Chr2,5318000,5319000,273,6.59528629214848,6.85377051440222e-124,45S rDNA
Chr2,5319000,5320000,184,4.00817825723382,8.2461069111417e-52,45S rDNA
Chr2,5320000,5321000,371,5.7313114281293,3.87453319111111e-149,45S rDNA
Chr2,5321000,5322000,702,4.37899896090171,8.0117038162189e-216,45S rDNA
Chr2,5323000,5324000,1800,25.0504705415906,0,45S rDNA
Chr2,5324000,5325000,672,10.0026559914046,0,45S rDNA
Chr2,5325000,5326000,676,13.6276841163926,0,45S rDNA
Chr2,5326000,5327000,559,11.5648342049655,0,45S rDNA
Chr2,5327000,5328000,693,16.4452041048752,0,45S rDNA
Chr2,5328000,5329000,807,15.81934680139,0,45S rDNA
Chr2,5331000,5332000,726,6.65597973181637,0,45S rDNA
Chr2,5333000,5334000,1003,10.651526351698,0,45S rDNA
Chr2,5334000,5335000,1294,17.8990118302419,0,45S rDNA
Chr2,5335000,5336000,342,6.49396057812394,4.81600437172803e-153,45S rDNA
Chr2,5336000,5337000,775,15.6518234518892,0,45S rDNA
Chr2,5337000,5338000,347,8.31927228307618,1.84112329337432e-187,45S rDNA
Chr2,5338000,5339000,589,14.816731754441,0,45S rDNA
Chr2,5339000,5340000,467,12.5226787389362,0,45S rDNA
Chr2,5340000,5341000,150,3.54047339440434,1.93573984664214e-36,45S rDNA
Chr2,5341000,5342000,636,7.16939483135537,3.96587270311672e-307,45S rDNA
Chr2,5344000,5345000,1769,29.3334395942277,0,45S rDNA
Chr2,5345000,5346000,312,7.72435717420172,7.41003555800089e-160,45S rDNA
Chr2,5346000,5347000,714,13.6716757474216,0,45S rDNA
Chr2,5347000,5348000,547,11.8198032352881,0,45S rDNA
Chr2,5348000,5349000,725,17.2382930445129,0,45S rDNA
Chr2,5349000,5350000,198,4.38228841273182,1.56604221223655e-61,45S rDNA
Chr2,5350000,5351000,155,3.73983792415975,2.6417789001998e-40,45S rDNA
Chr2,5351000,5352000,667,6.32701017459973,2.95526990445584e-291,45S rDNA
Chr2,5352000,5353000,792,6.12413423002057,0,45S rDNA
Chr2,5353000,5354000,730,15.9314805994633,0,45S rDNA
Chr2,5354000,5355000,664,12.3630883360509,0,45S rDNA
Chr2,5355000,5356000,777,19.7157072010556,0,45S rDNA
Chr2,5356000,5357000,570,14.2084445320405,0,45S rDNA
Chr2,5357000,5358000,176,3.83599657308832,4.32128167241446e-47,45S rDNA
Chr2,5359000,5360000,718,7.36719440600002,0,45S rDNA
Chr2,5360000,5361000,463,4.55798744077867,6.55394730836192e-149,45S rDNA
Chr2,5361000,5362000,719,15.113945361355,0,45S rDNA
Chr2,5362000,5363000,441,8.34608576585835,1.49813232178422e-238,45S rDNA
Chr2,5363000,5364000,537,13.4570606191249,0,45S rDNA
Chr2,5364000,5365000,550,11.5735844945944,0,45S rDNA
Chr2,5365000,5366000,746,15.9861566798165,0,45S rDNA
Chr2,5366000,5367000,245,3.76868861886424,7.38275451569836e-64,45S rDNA
Chr2,5367000,5368000,1099,6.34883247375645,0,45S rDNA
Chr2,5369000,5370000,1842,27.2851190609911,0,45S rDNA
Chr2,5370000,5371000,667,10.7876328505081,0,45S rDNA
Chr2,5371000,5372000,468,10.7868433610147,1.11264196821603e-299,45S rDNA
Chr2,5372000,5373000,775,14.236502810348,0,45S rDNA
Chr2,5373000,5374000,593,17.5413368119417,0,45S rDNA
Chr2,5374000,5375000,971,24.6133339805257,0,45S rDNA
Chr2,5375000,5376000,137,3.34076367064007,6.82864407300231e-31,45S rDNA
Chr2,5377000,5378000,604,3.16935508409065,6.07974270983238e-124,45S rDNA
Chr2,5378000,5379000,7324,112.834106967663,0,45S rDNA
Chr2,5379000,5380000,196,4.04991081634993,8.40949098782923e-56,45S rDNA
Chr2,5380000,5381000,303,5.58368893310953,3.88981098311799e-119,45S rDNA
Chr2,5381000,5382000,753,18.4609456971975,0,45S rDNA
Chr2,5383000,5384000,408,5.97705278071406,4.43751928835717e-170,45S rDNA
Chr2,5386000,5387000,275,4.91677083641756,6.35625916973765e-96,45S rDNA
Chr2,5391000,5392000,149,3.7496189255813,6.75635449213277e-39,45S rDNA
Chr2,5392000,5393000,637,7.88040871122456,0,45S rDNA
Chr2,5393000,5394000,497,4.54028649469155,4.0204582620991e-159,45S rDNA
Chr2,5394000,5395000,543,5.94106837356225,7.11962887548354e-225,45S rDNA
Chr2,5395000,5396000,1903,26.4508172853984,0,45S rDNA
Chr2,5396000,5397000,523,7.44758729084077,3.56118126600732e-260,45S rDNA
Chr2,5398000,5399000,186,3.31856039665436,2.64611881149267e-41,45S rDNA
Chr2,5400000,5401000,475,10.0471141274065,6.48029216672854e-291,45S rDNA
Chr2,5401000,5402000,667,13.9724508988191,0,45S rDNA
Chr2,5402000,5403000,244,6.02371051305783,9.61282233789879e-103,45S rDNA
Chr2,5403000,5404000,660,7.73455670429862,0,45S rDNA
Chr2,5404000,5405000,471,3.74031166935999,7.31481572975217e-121,45S rDNA
Chr2,5405000,5406000,681,6.61463458769487,2.04506456387296e-308,45S rDNA
Chr2,5406000,5407000,2175,32.4192593756762,0,45S rDNA
Chr2,5407000,5408000,433,8.64755873341592,4.0370968463351e-240,45S rDNA
Chr2,5408000,5409000,821,18.6186923931643,0,45S rDNA
Chr2,5411000,5412000,251,5.53574157948461,4.63528583375333e-98,45S rDNA
Chr2,5412000,5413000,554,11.5437022020268,0,45S rDNA
Chr2,5413000,5414000,660,8.80448438833153,0,Arm
Chr2,5420000,5421000,229,4.5133147147577,2.61130131440187e-73,Arm
Chr2,5424000,5425000,263,5.12464040238246,1.47354489519396e-95,Arm
Chr2,5426000,5427000,214,4.38316244712005,1.87571463144528e-66,Arm
Chr2,5427000,5428000,392,6.79120559010288,9.48615076530857e-182,Arm
Chr2,5430000,5431000,378,7.09144396148346,2.31756951457936e-181,Pericentromere
Chr2,5447000,5448000,262,3.84242296135104,7.38711442302393e-70,Pericentromere
Chr2,5448000,5449000,375,8.14889160190427,1.46632017837834e-199,Pericentromere
Chr2,5451000,5452000,257,5.02680924244298,1.13859345118253e-91,Pericentromere
Chr2,5474000,5475000,227,4.46883789121959,6.43130916620385e-72,Pericentromere
Chr2,7049000,7050000,464,6.91842657021457,3.68809639985209e-218,Pericentromere
Chr2,8729000,8730000,1053,4.92506946140524,0,Pericentromere
Chr2,8859000,8860000,1749,8.16722047823564,0,Pericentromere
Chr2,8908000,8909000,446,5.21158455136348,4.45244726990476e-164,Pericentromere
Chr2,8963000,8964000,1212,4.56253593842292,0,Pericentromere
Chr2,9043000,9044000,1270,8.06830515888654,0,Pericentromere
Chr2,9130000,9131000,1865,8.210953135992,0,Pericentromere
Chr2,9172000,9173000,1655,5.93634733786187,0,Pericentromere
Chr2,9227000,9228000,2390,6.53120631185277,0,Pericentromere
Chr2,10621000,10622000,304,4.27097533601246,1.96778792756813e-91,Centromere
Chr2,10622000,10623000,487,6.46862556592532,7.5290987580103e-217,Centromere
Chr2,10625000,10626000,80,4.33044680547431,5.81139287720852e-25,Centromere
Chr2,10657000,10658000,21,3.17421015204776,7.44886087504987e-05,Centromere
Chr2,11106000,11107000,618,8.37931778572422,0,Centromere
Chr2,11123000,11124000,52,3.65473139600856,1.46033184945167e-13,Centromere
Chr2,12255000,12256000,234,4.02848574399232,4.63720325135583e-66,Pericentromere
Chr2,12258000,12259000,383,6.05738073858267,1.45181133474037e-161,Pericentromere
Chr2,12580000,12581000,421,9.54854751292861,1.34926859974026e-249,Pericentromere
Chr2,13294000,13295000,320,7.18616153002657,2.96729409645178e-155,Pericentromere
Chr2,13295000,13296000,301,4.47603005508065,2.90609976231856e-95,Pericentromere
Chr2,13299000,13300000,241,5.56148631191467,1.38726833088743e-94,Pericentromere
Chr2,13300000,13301000,358,6.79551577296474,3.79385672821164e-166,Pericentromere
Chr2,13882000,13883000,330,6.30497205983134,3.88992049331836e-144,Pericentromere
Chr2,14339000,14340000,489,7.62065642627646,1.51092715786608e-247,Pericentromere
Chr3,11067000,11068000,329,7.49035625860774,1.05075018761067e-164,Pericentromere
Chr3,11336000,11337000,284,5.4263560947381,7.79890765500535e-109,Pericentromere
Chr3,12265000,12266000,425,7.05082550421572,6.83289323587839e-203,Pericentromere
Chr3,12487000,12488000,319,7.95719263285713,5.24411904144836e-167,Pericentromere
Chr3,12626000,12627000,339,10.0160075928015,1.84609833200968e-207,Pericentromere
Chr3,12863000,12864000,426,8.24617246710165,1.64649919461999e-228,Pericentromere
Chr3,12974000,12975000,339,7.15120040554481,8.39391119370322e-164,Pericentromere
Chr3,13487000,13488000,302,5.7103319418612,3.64958693310997e-121,Pericentromere
Chr3,16026000,16027000,297,6.36684706671469,7.23589510195834e-131,Pericentromere
Chr3,16682000,16683000,610,9.82448019099041,0,Pericentromere
Chr3,16693000,16694000,401,7.09540762023149,2.00594886844295e-192,Pericentromere
Chr3,17700000,17701000,259,4.58707625077639,3.13860666860834e-84,Pericentromere
Chr3,18186000,18187000,308,4.93258190654187,1.12164394933677e-107,Pericentromere
Chr3,19015000,19016000,247,6.08164879009584,7.47192541619711e-105,Pericentromere
Chr4,0,1000,233,4.78922574414898,2.76245029592811e-79,Arm
Chr4,4000,5000,186,5.50851571166548,1.52237803851279e-72,45S rDNA
Chr4,5000,6000,105,3.16894651872109,3.65040040645327e-22,45S rDNA
Chr4,6000,7000,616,9.19096831326276,0,45S rDNA
Chr4,7000,8000,367,5.79723233212398,4.80543299943998e-149,45S rDNA
Chr4,9000,10000,957,26.9697753679524,0,45S rDNA
Chr4,10000,11000,230,6.15512001622568,1.07843213466525e-98,45S rDNA
Chr4,13000,14000,91,3.32634273647583,1.26731359608925e-20,45S rDNA
Chr4,14000,15000,478,15.726629601073,0,45S rDNA
Chr4,15000,16000,143,3.39084230122095,7.28515736012418e-33,45S rDNA
Chr4,16000,17000,384,11.6631352572592,6.76030382366584e-258,45S rDNA
Chr4,17000,18000,392,7.18772466906891,5.14246796120116e-190,45S rDNA
Chr4,19000,20000,402,11.1857111171626,2.70288246447739e-263,45S rDNA
Chr4,20000,21000,135,3.14563149420436,5.21621308962298e-28,45S rDNA
Chr4,21000,22000,631,6.85760890049635,2.76540859398664e-294,45S rDNA
Chr4,22000,23000,263,3.79920036180667,3.61382677788104e-69,45S rDNA
Chr4,23000,24000,285,6.25905672768116,7.75454981532603e-124,45S rDNA
Chr4,24000,25000,1288,36.2697989889236,0,45S rDNA
Chr4,26000,27000,258,6.61316278982148,2.18424084296929e-117,45S rDNA
Chr4,27000,28000,200,5.57976501882899,7.35844887027719e-79,45S rDNA
Chr4,28000,29000,425,11.9898311522755,5.29177505431878e-290,45S rDNA
Chr4,29000,30000,357,10.4897780712678,6.86055716048756e-225,45S rDNA
Chr4,30000,31000,535,11.8633276123872,0,45S rDNA
Chr4,31000,32000,518,14.1769815280318,0,45S rDNA
Chr4,32000,33000,208,3.52823635044452,5.14992650820032e-50,45S rDNA
Chr4,34000,35000,1829,50.7616831043797,0,45S rDNA
Chr4,36000,37000,159,3.78188345624544,6.82496462212112e-42,45S rDNA
Chr4,38000,39000,175,4.733866309043,4.76782769330419e-59,45S rDNA
Chr4,39000,40000,350,8.22812225298901,1.32632849699431e-187,45S rDNA
Chr4,40000,41000,481,12.8344858095636,0,45S rDNA
Chr4,41000,42000,477,13.4701091972147,0,45S rDNA
Chr4,42000,43000,195,3.88026875367646,8.22027616424606e-53,45S rDNA
Chr4,44000,45000,823,25.1993913565199,0,45S rDNA
Chr4,45000,46000,1156,24.7641620052619,0,45S rDNA
Chr4,46000,47000,608,16.2470364490597,0,45S rDNA
Chr4,47000,48000,340,7.29645936517296,7.74420934966413e-167,45S rDNA
Chr4,48000,49000,156,4.77655534825894,3.36209001685086e-53,45S rDNA
Chr4,51000,52000,256,5.67665769863759,2.71756989087981e-102,45S rDNA
Chr4,52000,53000,422,8.94402189979848,1.63945124351901e-239,45S rDNA
Chr4,53000,54000,224,3.39788157509705,3.37462649845548e-51,45S rDNA
Chr4,54000,55000,659,17.3561925263448,0,45S rDNA
Chr4,55000,56000,1303,29.9446898289486,0,45S rDNA
Chr4,57000,58000,163,4.71914980863633,7.05325572595148e-55,45S rDNA
Chr4,58000,59000,134,3.78432272948628,1.90202820686801e-35,45S rDNA
Chr4,60000,61000,199,5.68414778231434,8.73134249857604e-80,45S rDNA
Chr4,61000,62000,152,3.23558737576701,1.00115746822775e-32,45S rDNA
Chr4,62000,63000,664,11.8898177481676,0,45S rDNA
Chr4,63000,64000,592,9.38211482876277,0,45S rDNA
Chr4,64000,65000,170,3.58879471807342,6.40164739751754e-42,45S rDNA
Chr4,65000,66000,1942,49.7144969703196,0,45S rDNA
Chr4,67000,68000,207,4.86777559843142,1.09862413657883e-71,45S rDNA
Chr4,72000,73000,529,11.4382591570563,0,45S rDNA
Chr4,73000,74000,233,4.61007646864763,2.9922083382873e-76,45S rDNA
Chr4,75000,76000,1046,32.8436730620861,0,45S rDNA
Chr4,77000,78000,186,5.32916868849497,2.29016716408099e-70,45S rDNA
Chr4,80000,81000,414,10.4466366416047,5.48914163243814e-260,45S rDNA
Chr4,81000,82000,610,13.6298215417529,0,45S rDNA
Chr4,82000,83000,345,8.33218882466693,1.36818996454813e-186,45S rDNA
Chr4,83000,84000,557,6.36704902727534,1.16433267164772e-244,45S rDNA
Chr4,84000,85000,224,3.25201167716685,3.25802346634693e-48,45S rDNA
Chr4,85000,86000,1567,49.3536514163518,0,45S rDNA
Chr4,86000,87000,399,8.17694601098966,8.42298302020918e-213,45S rDNA
Chr4,87000,88000,291,7.31802197497738,3.05401509850646e-143,45S rDNA
Chr4,88000,89000,179,3.51662356397915,5.77928039033938e-43,45S rDNA
Chr4,90000,91000,840,19.6299350829334,0,45S rDNA
Chr4,91000,92000,508,12.8307071454989,0,45S rDNA
Chr4,92000,93000,501,11.8510292912705,0,45S rDNA
Chr4,93000,94000,653,9.40923317084759,0,45S rDNA
Chr4,94000,95000,335,4.89063036958622,4.70318704408293e-116,45S rDNA
Chr4,96000,97000,2136,54.715809035666,0,45S rDNA
Chr4,97000,98000,258,5.39475773877494,2.05834952461685e-98,45S rDNA
Chr4,99000,100000,209,5.32784255363813,5.95257701799311e-79,45S rDNA
Chr4,100000,101000,224,5.84988795044754,5.07294551080679e-92,45S rDNA
Chr4,101000,102000,180,4.87076493851526,1.78173806184694e-62,45S rDNA
Chr4,103000,104000,450,9.30114453789106,3.79342683306122e-262,45S rDNA
Chr4,104000,105000,276,3.28658696860438,4.222049165648e-60,45S rDNA
Chr4,106000,107000,942,29.8662213446512,0,45S rDNA
Chr4,110000,111000,138,4.11006719798134,3.53454106344091e-40,45S rDNA
Chr4,111000,112000,211,6.16680517266397,9.41911949787558e-91,45S rDNA
Chr4,112000,113000,549,14.0434269357562,0,45S rDNA
Chr4,113000,114000,442,10.011797278159,3.69616890811594e-270,45S rDNA
Chr4,114000,115000,465,5.65113154624983,2.38362229591994e-184,45S rDNA
Chr4,116000,117000,1702,45.2935997642223,0,45S rDNA
Chr4,117000,118000,562,11.849763718597,0,45S rDNA
Chr4,120000,121000,508,13.3942578939545,0,45S rDNA
Chr4,121000,122000,901,21.3735380006992,0,45S rDNA
Chr4,124000,125000,622,10.417503211663,0,45S rDNA
Chr4,125000,126000,202,3.72365892112407,5.11509316614989e-52,45S rDNA
Chr4,126000,127000,414,7.29737762937945,5.63667781261914e-203,45S rDNA
Chr4,127000,128000,1868,42.4974179385899,0,45S rDNA
Chr4,128000,129000,239,5.58029862514019,4.29659941007725e-94,45S rDNA
Chr4,132000,133000,218,5.99629445831934,1.60474231445076e-91,45S rDNA
Chr4,133000,134000,437,9.71929793908018,4.64495265453821e-262,45S rDNA
Chr4,134000,135000,640,12.1047954728742,0,45S rDNA
Chr4,135000,136000,203,3.37297698412678,5.15626365101632e-46,45S rDNA
Chr4,137000,138000,2243,50.7461878390705,0,45S rDNA
Chr4,138000,139000,285,5.80000621393052,5.5435832089738e-116,45S rDNA
Chr4,139000,140000,803,16.3750630004679,0,45S rDNA
Chr4,141000,142000,157,3.94796321214177,1.51515912031075e-43,45S rDNA
Chr4,142000,143000,207,4.88614131430123,5.9153571950631e-72,45S rDNA
Chr4,143000,144000,256,6.45650088588429,3.15523145606706e-114,45S rDNA
Chr4,144000,145000,395,8.05334056783499,2.18218227955302e-208,45S rDNA
Chr4,145000,146000,407,6.46453261393651,2.79416151424879e-181,45S rDNA
Chr4,147000,148000,1953,50.9372648793663,0,45S rDNA
Chr4,148000,149000,429,7.85105760296408,4.13363502255613e-222,45S rDNA
Chr4,149000,150000,830,18.3488995325458,0,45S rDNA
Chr4,151000,152000,190,4.92565543364985,1.22566717469594e-66,45S rDNA
Chr4,152000,153000,167,3.91197903261248,8.89253347340874e-46,45S rDNA
Chr4,155000,156000,608,11.4256157203131,0,45S rDNA
Chr4,156000,157000,211,3.50823149512069,2.36774553928281e-50,45S rDNA
Chr4,157000,158000,884,19.1784287479428,0,45S rDNA
Chr4,158000,159000,1430,29.3659673291707,0,45S rDNA
Chr4,160000,161000,239,4.39802110035062,2.14902827325686e-74,45S rDNA
Chr4,161000,162000,198,4.69084549285434,4.35405673328197e-66,45S rDNA
Chr4,162000,163000,615,15.0454219904056,0,45S rDNA
Chr4,163000,164000,562,12.3654804382985,0,45S rDNA
Chr4,164000,165000,394,8.12940077676802,2.86298250214648e-209,45S rDNA
Chr4,165000,166000,1022,16.5666501105904,0,45S rDNA
Chr4,166000,167000,223,3.56618252729892,2.61632248928512e-54,45S rDNA
Chr4,168000,169000,1815,45.5403651471594,0,45S rDNA
Chr4,169000,170000,294,5.62064351121292,2.58683115243057e-116,45S rDNA
Chr4,170000,171000,872,21.1133962459345,0,45S rDNA
Chr4,171000,172000,201,4.48388163619058,5.33904023314701e-64,45S rDNA
Chr4,172000,173000,423,11.0432852362746,7.2884020660372e-275,45S rDNA
Chr4,173000,174000,501,12.293318593782,0,45S rDNA
Chr4,174000,175000,455,9.23384651174767,9.0020207646739e-264,45S rDNA
Chr4,175000,176000,562,12.3127058993301,0,45S rDNA
Chr4,176000,177000,302,5.70467468041953,4.6680845115374e-121,45S rDNA
Chr4,178000,179000,1965,45.6297475892272,0,45S rDNA
Chr4,179000,180000,230,4.70341704202087,7.53832612650128e-77,45S rDNA
Chr4,182000,183000,360,8.27043534284356,1.21278337456356e-193,45S rDNA
Chr4,183000,184000,484,11.234522079511,1.11253692983691e-308,45S rDNA
Chr4,184000,185000,509,12.0938526178106,0,45S rDNA
Chr4,185000,186000,244,6.0263114243329,8.80678893280378e-103,45S rDNA
Chr4,186000,187000,617,12.3370401793993,0,45S rDNA
Chr4,187000,188000,219,3.67512415622405,2.02659163326609e-55,45S rDNA
Chr4,188000,189000,1489,32.8106027907924,0,45S rDNA
Chr4,189000,190000,497,10.0734374620263,7.38879788309589e-305,45S rDNA
Chr4,190000,191000,273,5.55099913701345,7.50218185535064e-107,45S rDNA
Chr4,192000,193000,359,9.92166024659507,2.5255571059971e-218,45S rDNA
Chr4,193000,194000,1042,24.8567711132986,0,45S rDNA
Chr4,194000,195000,541,12.5568680263974,0,45S rDNA
Chr4,195000,196000,486,10.1984337166327,1.78848073006064e-300,45S rDNA
Chr4,196000,197000,908,14.2731931327756,0,45S rDNA
Chr4,197000,198000,344,5.30458886953716,6.81321976995493e-129,45S rDNA
Chr4,199000,200000,2044,46.3670981113471,0,45S rDNA
Chr4,201000,202000,203,4.54979005673032,1.25133747302854e-65,45S rDNA
Chr4,203000,204000,161,4.15180227847865,2.75842933874519e-47,45S rDNA
Chr4,204000,205000,262,6.08997049174539,2.6614398930406e-111,45S rDNA
Chr4,205000,206000,207,4.54929552195465,6.72050756860894e-67,45S rDNA
Chr4,206000,207000,551,10.8376759689981,0,45S rDNA
Chr4,207000,208000,232,4.07786275497239,1.99589155170416e-66,45S rDNA
Chr4,209000,210000,1950,28.0737695460513,0,45S rDNA
Chr4,210000,211000,222,3.67859932878494,3.10173992079782e-56,45S rDNA
Chr4,211000,212000,257,6.20650253329615,5.80790433237937e-111,45S rDNA
Chr4,213000,214000,371,9.20497341093589,8.64753329264264e-215,45S rDNA
Chr4,214000,215000,499,12.7742193554014,0,45S rDNA
Chr4,215000,216000,390,8.46703549980781,3.28652729986593e-213,45S rDNA
Chr4,216000,217000,378,8.33348136052976,2.22746475348335e-204,45S rDNA
Chr4,217000,218000,403,7.84113838931536,1.64816185025078e-208,45S rDNA
Chr4,219000,220000,1658,37.8532175157622,0,45S rDNA
Chr4,220000,221000,436,9.04352035119712,2.75333550164272e-249,45S rDNA
Chr4,221000,222000,466,9.60656103547569,2.80560649345121e-277,45S rDNA
Chr4,222000,223000,620,12.853393466176,0,45S rDNA
Chr4,223000,224000,272,7.37671844136533,9.351417730756e-135,45S rDNA
Chr4,224000,225000,594,15.6103924274215,0,45S rDNA
Chr4,225000,226000,413,8.80313155662669,6.72841458310179e-232,45S rDNA
Chr4,226000,227000,309,6.13197287828274,6.90858066297963e-132,45S rDNA
Chr4,227000,228000,636,11.4725820790982,0,45S rDNA
Chr4,229000,230000,216,4.57628713446491,3.30865111445011e-70,45S rDNA
Chr4,230000,231000,1861,44.3754006762103,0,45S rDNA
Chr4,236000,237000,190,4.05072936333113,3.95316210222562e-54,45S rDNA
Chr4,237000,238000,637,11.9358560694227,0,45S rDNA
Chr4,238000,239000,264,5.04253396776742,1.97082315725887e-94,45S rDNA
Chr4,240000,241000,1861,39.7796139309697,0,45S rDNA
Chr4,241000,242000,234,4.3615362365596,3.34861408047014e-72,45S rDNA
Chr4,242000,243000,867,22.2105063359093,0,45S rDNA
Chr4,243000,244000,154,3.1678503166545,3.57508476198368e-32,45S rDNA
Chr4,244000,245000,319,7.29962602255244,1.21910095914658e-156,45S rDNA
Chr4,245000,246000,432,8.1865919403902,1.60128640189754e-230,45S rDNA
Chr4,246000,247000,417,6.7147286271309,1.54898641961504e-191,45S rDNA
Chr4,247000,248000,237,3.65588216076692,1.62183492301321e-59,45S rDNA
Chr4,249000,250000,1893,37.1169215103551,0,45S rDNA
Chr4,254000,255000,216,5.85679220926744,7.44300030244445e-89,45S rDNA
Chr4,255000,256000,439,10.2902077434002,4.86395908520504e-273,45S rDNA
Chr4,256000,257000,470,9.49207357727474,1.83823675926343e-277,45S rDNA
Chr4,257000,258000,292,5.27274960870123,6.42744707821635e-109,45S rDNA
Chr4,259000,260000,1785,40.432258238719,0,45S rDNA
Chr4,260000,261000,213,4.29609302543818,1.01678489994634e-64,45S rDNA
Chr4,261000,262000,224,5.03709323016184,3.69325028488866e-80,45S rDNA
Chr4,263000,264000,296,7.88343525171915,5.50141735933542e-154,45S rDNA
Chr4,264000,265000,295,6.68321611613639,3.03190915254399e-135,45S rDNA
Chr4,265000,266000,252,5.46537711587555,2.64943407146468e-97,45S rDNA
Chr4,267000,268000,579,10.8954732567876,0,45S rDNA
Chr4,268000,269000,240,3.72050582911767,1.36931242817859e-61,45S rDNA
Chr4,269000,270000,1226,26.9057400757979,0,45S rDNA
Chr4,270000,271000,921,16.9573746571401,0,45S rDNA
Chr4,272000,273000,220,5.92672181290836,1.99580392534361e-91,45S rDNA
Chr4,273000,274000,206,4.92025836177169,4.17907922312112e-72,45S rDNA
Chr4,275000,276000,284,7.57643536020599,1.61785413476174e-143,45S rDNA
Chr4,276000,277000,398,9.62323473580706,3.24522141584589e-237,45S rDNA
Chr4,277000,278000,638,11.3059399108318,0,45S rDNA
Chr4,278000,279000,199,3.79864529045015,1.60538587682761e-52,45S rDNA
Chr4,280000,281000,2038,44.7111514512564,0,45S rDNA
Chr4,281000,282000,141,3.05007861820177,6.08288725004031e-28,45S rDNA
Chr4,282000,283000,181,4.66665246187775,3.6711163108581e-60,45S rDNA
Chr4,284000,285000,126,3.60646909404869,1.88417893535449e-31,45S rDNA
Chr4,285000,286000,187,4.70856095833659,1.0614083984842e-62,45S rDNA
Chr4,286000,287000,453,9.60918541011226,1.28666612117656e-269,45S rDNA
Chr4,287000,288000,548,12.0607573180696,0,45S rDNA
Chr4,288000,289000,277,5.26472163844276,3.22184708379355e-103,45S rDNA
Chr4,290000,291000,1714,49.5947643666355,0,45S rDNA
Chr4,291000,292000,158,3.22248482908947,8.4981015131704e-34,45S rDNA
Chr4,295000,296000,302,8.24112241537877,3.52152741862181e-162,45S rDNA
Chr4,296000,297000,457,9.9264727976719,9.06316154593566e-278,45S rDNA
Chr4,297000,298000,288,7.34452162743369,3.65303032788876e-142,45S rDNA
Chr4,298000,299000,555,10.280541517945,0,45S rDNA
Chr4,299000,300000,213,3.25643523256964,5.686104377698e-46,45S rDNA
Chr4,300000,301000,1717,36.3330282802429,0,45S rDNA
Chr4,301000,302000,537,9.7442633269454,1.11253692925361e-308,45S rDNA
Chr4,303000,304000,166,3.44406724010021,7.91610276712661e-39,45S rDNA
Chr4,306000,307000,139,3.31523393777772,5.22181677219816e-31,45S rDNA
Chr4,307000,308000,193,4.14470152780775,2.00279596943743e-56,45S rDNA
Chr4,308000,309000,675,11.6748448372371,0,45S rDNA
Chr4,309000,310000,182,3.58347347908697,9.65245543333381e-45,45S rDNA
Chr4,310000,311000,222,4.21098461228667,6.03447456504729e-66,45S rDNA
Chr4,311000,312000,1832,37.9345303801076,0,45S rDNA
Chr4,315000,316000,587,13.2646939138741,0,45S rDNA
Chr4,316000,317000,647,14.1270229973283,0,45S rDNA
Chr4,317000,318000,196,5.20833367395998,1.58458701741333e-72,45S rDNA
Chr4,318000,319000,584,11.0445824507218,0,45S rDNA
Chr4,319000,320000,249,4.75013485635527,5.64455069281081e-84,45S rDNA
Chr4,321000,322000,1772,41.545601223508,0,45S rDNA
Chr4,322000,323000,198,4.25276148882798,1.49919665033778e-59,45S rDNA
Chr4,323000,324000,217,4.72575081540321,6.66244805689604e-73,45S rDNA
Chr4,325000,326000,161,4.09561842299479,1.4510204523093e-46,45S rDNA
Chr4,326000,327000,750,19.7256275166432,0,45S rDNA
Chr4,327000,328000,193,4.71494569774103,8.91657211558129e-65,45S rDNA
Chr4,328000,329000,319,6.76386656124881,1.35587036832533e-147,45S rDNA
Chr4,329000,330000,380,7.85146273520016,7.58209116688125e-197,45S rDNA
Chr4,330000,331000,217,3.35318209678927,9.61657768553944e-49,45S rDNA
Chr4,331000,332000,1547,35.2587028518361,0,45S rDNA
Chr4,332000,333000,354,7.39168721130129,2.16733489595614e-175,45S rDNA
Chr4,333000,334000,168,3.39462361436194,1.53620155889904e-38,45S rDNA
Chr4,335000,336000,142,4.05140082376128,1.18638254361737e-40,45S rDNA
Chr4,337000,338000,154,3.54972116825053,1.61806041320318e-37,45S rDNA
Chr4,338000,339000,138,3.48550705921032,6.54310332399232e-33,45S rDNA
Chr4,339000,340000,674,11.7340864404664,0,45S rDNA
Chr4,340000,341000,185,3.30454713079792,7.55591944435926e-41,45S rDNA
Chr4,341000,342000,318,6.4808088871009,3.96734318981488e-142,45S rDNA
Chr4,342000,343000,1913,40.1958822899866,0,45S rDNA
Chr4,344000,345000,279,7.18040227745056,2.18954772211556e-135,45S rDNA
Chr4,345000,346000,140,3.36918808060846,6.47850024805268e-32,45S rDNA
Chr4,346000,347000,681,14.0438340342267,0,45S rDNA
Chr4,347000,348000,539,16.6474639345788,0,45S rDNA
Chr4,348000,349000,401,9.33499878129176,2.88885837546267e-234,45S rDNA
Chr4,349000,350000,596,10.3325574514936,0,45S rDNA
Chr4,350000,351000,229,4.39540298859199,2.86156984191792e-71,45S rDNA
Chr4,351000,352000,182,3.12600877962906,3.5740749737519e-37,45S rDNA
Chr4,352000,353000,1906,38.7022620494815,0,45S rDNA
Chr4,353000,354000,301,5.59836423555842,1.228175506586e-118,45S rDNA
Chr4,354000,355000,134,3.37702213360124,1.13092181486605e-30,45S rDNA
Chr4,356000,357000,153,3.7186962775239,1.61535420394626e-39,45S rDNA
Chr4,358000,359000,191,4.86619700372061,3.48626946928713e-66,45S rDNA
Chr4,360000,361000,613,10.8836295601927,0,45S rDNA
Chr4,361000,362000,227,3.87845930742544,2.57491212567363e-61,45S rDNA
Chr4,362000,363000,1178,27.2110210378952,0,45S rDNA
Chr4,363000,364000,787,15.5960355857545,0,45S rDNA
Chr4,369000,370000,201,4.60208094052978,9.06209974462122e-66,45S rDNA
Chr4,370000,371000,574,9.4616055439945,0,45S rDNA
Chr4,371000,372000,193,3.19766458335645,1.12972671113957e-40,45S rDNA
Chr4,373000,374000,1822,39.3641598544557,0,45S rDNA
Chr4,374000,375000,177,3.54854280903048,5.43982163347548e-43,45S rDNA
Chr4,375000,376000,308,7.08069201512084,9.10956270322454e-148,45S rDNA
Chr4,379000,380000,208,5.04690456018925,1.24499324926696e-74,45S rDNA
Chr4,380000,381000,371,8.26286911256443,2.10140955205885e-199,45S rDNA
Chr4,381000,382000,397,6.7384638951765,6.53209372951853e-183,45S rDNA
Chr4,382000,383000,202,3.10760346662066,8.00244633842219e-41,45S rDNA
Chr4,383000,384000,1688,38.3022694618594,0,45S rDNA
Chr4,384000,385000,451,8.65561884320456,3.17620608827055e-250,45S rDNA
Chr4,388000,389000,127,3.15768132727262,1.55495271166022e-26,45S rDNA
Chr4,389000,390000,188,4.84713073388407,6.67482339980077e-65,45S rDNA
Chr4,390000,391000,138,3.46713581035711,1.10033624691312e-32,45S rDNA
Chr4,391000,392000,644,10.4863821029586,0,45S rDNA
Chr4,392000,393000,223,3.59881012931806,6.05240242693678e-55,45S rDNA
Chr4,393000,394000,247,4.40219765977648,6.18795459326168e-77,45S rDNA
Chr4,394000,395000,1702,35.3084038159934,0,45S rDNA
Chr4,396000,397000,224,5.85179631084111,4.77609453898986e-92,45S rDNA
Chr4,397000,398000,218,5.81184222849422,4.57271452617391e-89,45S rDNA
Chr4,399000,400000,323,7.2239553088101,2.46312516276841e-157,45S rDNA
Chr4,400000,401000,475,10.0000983454338,4.80077440128023e-290,45S rDNA
Chr4,401000,402000,651,11.4320847101447,0,45S rDNA
Chr4,402000,403000,233,4.18546960502567,1.04836112186232e-68,45S rDNA
Chr4,404000,405000,1929,41.7569982117102,0,45S rDNA
Chr4,408000,409000,387,10.9254969970882,6.57578620232726e-250,45S rDNA
Chr4,409000,410000,502,12.1768205458949,0,45S rDNA
Chr4,410000,411000,478,9.48288570802449,5.46282004727221e-282,45S rDNA
Chr4,411000,412000,446,11.5399131655587,1.61056992861563e-297,45S rDNA
Chr4,412000,413000,372,6.54841575852609,1.5787253701897e-167,45S rDNA
Chr4,414000,415000,1672,36.8532084069114,0,45S rDNA
Chr4,420000,421000,433,9.68574888526568,4.36662009869562e-259,45S rDNA
Chr4,422000,423000,606,10.9580809410291,0,45S rDNA
Chr4,423000,424000,186,3.27090045332326,1.7251419079681e-40,45S rDNA
Chr4,424000,425000,808,16.6286174806201,0,45S rDNA
Chr4,425000,426000,1300,25.9665329280913,0,45S rDNA
Chr4,428000,429000,201,4.64886734565531,1.8443868812915e-66,45S rDNA
Chr4,429000,430000,508,12.6283727806291,0,45S rDNA
Chr4,430000,431000,343,8.95822520700872,4.82215301501109e-195,45S rDNA
Chr4,431000,432000,426,8.95579531040626,5.4554484403584e-242,45S rDNA
Chr4,432000,433000,660,13.1915638654106,0,45S rDNA
Chr4,433000,434000,235,4.00097480106831,8.17266815323769e-66,45S rDNA
Chr4,435000,436000,2069,49.9238126556085,0,45S rDNA
Chr4,437000,438000,211,4.48864259194009,3.21367927931439e-67,45S rDNA
Chr4,440000,441000,206,5.59625559242422,2.03333106016895e-81,45S rDNA
Chr4,441000,442000,470,10.4782767674303,1.35322792443731e-295,45S rDNA
Chr4,442000,443000,534,11.8885572843549,0,45S rDNA
Chr4,443000,444000,335,6.27827377236795,8.6751285414933e-146,45S rDNA
Chr4,445000,446000,1871,41.5758792126331,0,45S rDNA
Chr4,446000,447000,227,3.97688443970751,3.73051669112699e-63,45S rDNA
Chr4,449000,450000,252,5.92947007776308,1.19299935819848e-104,45S rDNA
Chr4,450000,451000,342,7.67074539048283,3.05114812475991e-174,45S rDNA
Chr4,451000,452000,245,5.44933700416821,2.27941368072196e-94,45S rDNA
Chr4,453000,454000,651,11.8150196480831,0,45S rDNA
Chr4,455000,456000,1460,30.4664242816711,0,45S rDNA
Chr4,456000,457000,654,12.466754357975,0,45S rDNA
Chr4,461000,462000,318,8.86256366707534,1.40406685692955e-179,45S rDNA
Chr4,462000,463000,396,9.61085945868969,7.87008161887296e-236,45S rDNA
Chr4,463000,464000,684,11.6424202270787,0,45S rDNA
Chr4,464000,465000,233,4.51132096209005,1.53253117485587e-74,45S rDNA
Chr4,465000,466000,166,3.39915381337291,3.70074615008995e-38,45S rDNA
Chr4,466000,467000,1820,44.4513338237847,0,45S rDNA
Chr4,470000,471000,131,3.15734159064606,2.41106872292053e-27,45S rDNA
Chr4,471000,472000,174,4.0084163839079,4.87301243348345e-49,45S rDNA
Chr4,472000,473000,235,4.95627734377269,9.74895748345959e-83,45S rDNA
Chr4,473000,474000,497,9.06815935576808,1.46198017461776e-284,45S rDNA
Chr4,474000,475000,227,4.59048958936945,5.58727228872639e-74,45S rDNA
Chr4,476000,477000,1674,36.1939733136484,0,45S rDNA
Chr4,477000,478000,155,3.27939816916412,5.50197905144662e-34,45S rDNA
Chr4,478000,479000,227,4.75773104425854,9.48497752046801e-77,45S rDNA
Chr4,480000,481000,126,3.23818332199276,2.80175622178523e-27,45S rDNA
Chr4,482000,483000,199,4.20587931446199,4.07671428221824e-59,45S rDNA
Chr4,483000,484000,288,6.3538671041014,1.03421081758378e-126,45S rDNA
Chr4,484000,485000,426,8.12789847908118,3.63852545919229e-226,45S rDNA
Chr4,486000,487000,1530,43.6244409854936,0,45S rDNA
Chr4,487000,488000,349,6.94365089566001,8.79627513180245e-165,45S rDNA
Chr4,488000,489000,143,3.16621118659683,6.63306430168227e-30,45S rDNA
Chr4,489000,490000,228,5.43275992664046,1.25008707025803e-87,45S rDNA
Chr4,490000,491000,119,3.13515387500915,1.18428563530953e-24,45S rDNA
Chr4,493000,494000,151,4.09349997294694,1.07933665150181e-43,45S rDNA
Chr4,494000,495000,619,11.5520875072465,0,45S rDNA
Chr4,495000,496000,247,3.22474722438092,1.85002526234649e-52,45S rDNA
Chr4,496000,497000,277,4.31295266593069,2.76379979720178e-84,45S rDNA
Chr4,497000,498000,1297,26.2271555609952,0,45S rDNA
Chr4,498000,499000,901,17.5187659842569,0,45S rDNA
Chr4,500000,501000,265,5.8661567616132,5.57357922068952e-109,45S rDNA
Chr4,501000,502000,326,7.57188257479441,1.53951417405213e-164,45S rDNA
Chr4,502000,503000,665,16.2378716065695,0,45S rDNA
Chr4,503000,504000,480,10.5630057774422,2.20013882472418e-303,45S rDNA
Chr4,504000,505000,360,8.55513191230462,2.67292211152456e-198,45S rDNA
Chr4,505000,506000,604,11.5560004970234,0,45S rDNA
Chr4,506000,507000,219,4.01228379627114,1.37015660681818e-61,45S rDNA
Chr4,508000,509000,2071,41.3151589398968,0,45S rDNA
Chr4,512000,513000,346,9.43024725763421,1.29954547620871e-203,45S rDNA
Chr4,513000,514000,393,10.3037419811556,1.00611449143888e-244,45S rDNA
Chr4,514000,515000,291,7.06766625534331,1.85716355064193e-139,45S rDNA
Chr4,515000,516000,307,5.61168723531653,3.03059964957378e-121,45S rDNA
Chr4,516000,517000,375,5.48078101389575,9.22209497171814e-145,45S rDNA
Chr4,518000,519000,1518,32.2190923671494,0,45S rDNA
Chr4,519000,520000,444,9.33469931013487,2.77630226922542e-259,45S rDNA
Chr4,520000,521000,165,3.92249894489953,2.21399459244743e-45,45S rDNA
Chr4,521000,522000,334,7.45997184185252,1.10192599204758e-166,45S rDNA
Chr4,522000,523000,139,3.37350874938855,9.54155753522855e-32,45S rDNA
Chr4,524000,525000,134,3.7254636618981,8.88261237686377e-35,45S rDNA
Chr4,525000,526000,140,3.30016197369384,4.93568227886831e-31,45S rDNA
Chr4,526000,527000,642,11.2111007037485,0,45S rDNA
Chr4,529000,530000,1967,40.6227844830074,0,45S rDNA
Chr4,534000,535000,226,4.96386669949336,1.01683983040755e-79,45S rDNA
Chr4,535000,536000,183,3.72440381256805,3.29559987093714e-47,45S rDNA
Chr4,536000,537000,600,11.4750841923338,0,45S rDNA
Chr4,537000,538000,242,4.31385241455715,9.375546665321e-74,45S rDNA
Chr4,539000,540000,2002,47.7346920370296,0,45S rDNA
Chr4,540000,541000,163,3.84414193977149,8.8457157874416e-44,45S rDNA
Chr4,543000,544000,331,8.60887972690072,3.43240801242977e-183,45S rDNA
Chr4,544000,545000,508,12.6890330865623,0,45S rDNA
Chr4,545000,546000,502,9.45539452211339,1.5389316940458e-295,45S rDNA
Chr4,546000,547000,415,9.03969286077329,2.95456302968184e-237,45S rDNA
Chr4,547000,548000,396,7.23753694310127,5.7466893582302e-193,45S rDNA
Chr4,548000,549000,229,3.59945441410919,2.04846445352711e-56,45S rDNA
Chr4,549000,550000,1712,42.1218840745975,0,45S rDNA
Chr4,550000,551000,516,10.4877376588631,0,45S rDNA
Chr4,552000,553000,217,4.73192759459773,5.32869109525727e-73,45S rDNA
Chr4,553000,554000,453,10.6539197533791,6.82446700350978e-288,45S rDNA
Chr4,554000,555000,590,13.9736379553525,0,45S rDNA
Chr4,555000,556000,381,10.0788781899574,5.44753148244235e-234,45S rDNA
Chr4,557000,558000,678,12.018499636767,0,45S rDNA
Chr4,558000,559000,219,3.95831094513185,1.26145028883302e-60,45S rDNA
Chr4,559000,560000,220,5.39165542326215,5.44600109333667e-84,45S rDNA
Chr4,560000,561000,1879,36.7237271945353,0,45S rDNA
Chr4,563000,564000,121,3.1977345698562,9.09313171440652e-26,45S rDNA
Chr4,564000,565000,1170,38.9647015860323,0,45S rDNA
Chr4,565000,566000,404,10.3894149551363,7.38428318850087e-253,45S rDNA
Chr4,566000,567000,491,10.9130354391243,1.11253693570704e-308,45S rDNA
Chr4,567000,568000,647,11.7824781791516,0,45S rDNA
Chr4,568000,569000,235,4.48135092496664,1.20525221837722e-74,45S rDNA
Chr4,570000,571000,1801,39.980456389081,0,45S rDNA
Chr4,571000,572000,200,3.51709726163791,6.353792029324e-48,45S rDNA
Chr4,572000,573000,264,5.52137057019109,7.45887862802571e-103,45S rDNA
Chr4,574000,575000,256,6.60460103507081,2.32001261884804e-116,45S rDNA
Chr4,575000,576000,305,6.8389539684217,2.11700352317597e-142,45S rDNA
Chr4,576000,577000,183,3.97084054671131,5.63168536236176e-51,45S rDNA
Chr4,577000,578000,404,9.7512321931082,7.46030548093311e-243,45S rDNA
Chr4,578000,579000,346,6.5636879926993,3.52365072304015e-156,45S rDNA
Chr4,580000,581000,1826,34.3886736434614,0,45S rDNA
Chr4,581000,582000,438,7.9749408728576,2.37474681581929e-229,45S rDNA
Chr4,582000,583000,187,4.10704494319941,3.92185632489545e-54,45S rDNA
Chr4,585000,586000,187,4.57618484045156,6.93141613951876e-61,45S rDNA
Chr4,586000,587000,428,9.40369212892339,3.42253043209904e-251,45S rDNA
Chr4,587000,588000,289,6.3675088323385,2.24491295372879e-127,45S rDNA
Chr4,588000,589000,650,10.7737947401689,0,45S rDNA
Chr4,589000,590000,222,3.77547036105841,4.56747662000723e-58,45S rDNA
Chr4,590000,591000,525,11.4482119224139,0,45S rDNA
Chr4,591000,592000,1457,31.5038631225538,0,45S rDNA
Chr4,595000,596000,156,3.95335533475837,2.42059633444665e-43,45S rDNA
Chr4,596000,597000,495,12.9103666744938,0,45S rDNA
Chr4,597000,598000,174,4.3440756433909,1.17208962609673e-53,45S rDNA
Chr4,598000,599000,590,10.2882293908714,0,45S rDNA
Chr4,599000,600000,262,4.82281315239086,1.10195703387568e-89,45S rDNA
Chr4,601000,602000,2262,43.5963276627265,0,45S rDNA
Chr4,605000,606000,482,11.8598106062842,0,45S rDNA
Chr4,606000,607000,610,13.6763761704582,0,45S rDNA
Chr4,607000,608000,480,12.1595527091333,0,45S rDNA
Chr4,608000,609000,500,9.93508852541234,5.4149099055647e-304,45S rDNA
Chr4,609000,610000,202,3.4853742750037,7.93154611777707e-48,45S rDNA
Chr4,611000,612000,2143,45.1494679611025,0,45S rDNA
Chr4,612000,613000,364,6.61674460168998,2.46007381038687e-165,45S rDNA
Chr4,613000,614000,208,4.39331218295315,8.97101432708197e-65,45S rDNA
Chr4,617000,618000,528,11.538136720658,0,45S rDNA
Chr4,618000,619000,246,5.59433002139986,4.79992963599424e-97,45S rDNA
Chr4,619000,620000,559,10.9140726157062,0,45S rDNA
Chr4,620000,621000,214,3.57354419379222,2.75375541577643e-52,45S rDNA
Chr4,621000,622000,1081,23.8188783132849,0,45S rDNA
Chr4,622000,623000,1138,24.4688906218897,0,45S rDNA
Chr4,625000,626000,350,10.1463494217281,6.21574086038259e-216,45S rDNA
Chr4,626000,627000,661,15.5549222952408,0,45S rDNA
Chr4,627000,628000,407,9.77473624428535,4.9495204858253e-245,45S rDNA
Chr4,628000,629000,516,11.569516848449,0,45S rDNA
Chr4,629000,630000,518,7.49852638304791,5.0465593923307e-259,45S rDNA
Chr4,630000,631000,312,4.26834865991405,9.40599369911351e-94,45S rDNA
Chr4,632000,633000,2012,42.9293788103672,0,45S rDNA
Chr4,636000,637000,336,7.65277150650697,6.66527191603487e-171,45S rDNA
Chr4,637000,638000,389,9.04985949597376,1.29378156113286e-222,45S rDNA
Chr4,638000,639000,244,4.78820627383283,5.67864249531062e-83,45S rDNA
Chr4,639000,640000,525,10.333893782291,0,45S rDNA
Chr4,640000,641000,362,7.50472328186408,2.13457682459712e-181,45S rDNA
Chr4,642000,643000,1913,44.6813704087957,0,45S rDNA
Chr4,643000,644000,351,5.7924321868961,1.76211485700762e-142,45S rDNA
Chr4,644000,645000,224,5.51601980665816,2.58276132154302e-87,45S rDNA
Chr4,646000,647000,158,3.96588654492757,4.73760751779874e-44,45S rDNA
Chr4,648000,649000,345,8.80766121679119,6.33391376741723e-194,45S rDNA
Chr4,650000,651000,464,8.17798341035927,2.40645399095318e-247,45S rDNA
Chr4,651000,652000,238,4.30775414450673,1.95077395035568e-72,45S rDNA
Chr4,652000,653000,1086,28.6870745743349,0,45S rDNA
Chr4,653000,654000,1135,15.6332462795864,0,45S rDNA
Chr4,657000,658000,148,3.36703311290755,1.14114874248162e-33,45S rDNA
Chr4,658000,659000,370,8.00678035820852,1.95191996171209e-194,45S rDNA
Chr4,659000,660000,431,9.65773670439048,2.07569576370675e-257,45S rDNA
Chr4,660000,661000,565,9.78411144491869,0,45S rDNA
Chr4,661000,662000,187,3.19694019723617,2.0259079774673e-39,45S rDNA
Chr4,663000,664000,1687,40.831858972751,0,45S rDNA
Chr4,665000,666000,218,3.62763105434937,2.81976920723617e-54,45S rDNA
Chr4,667000,668000,684,15.3012064038102,0,45S rDNA
Chr4,668000,669000,509,14.2292539492665,0,45S rDNA
Chr4,669000,670000,441,9.36952862932533,3.57400506717339e-258,45S rDNA
Chr4,670000,671000,532,9.4246037909752,1.11262576204218e-308,45S rDNA
Chr4,673000,674000,2098,45.9997514731109,0,45S rDNA
Chr4,677000,678000,736,19.3016307430482,0,45S rDNA
Chr4,678000,679000,660,15.9043451441846,0,45S rDNA
Chr4,679000,680000,275,6.89832620483468,2.34607447229531e-129,45S rDNA
Chr4,680000,681000,406,7.65655608171506,2.1188467784333e-206,45S rDNA
Chr4,681000,682000,352,6.16221520148702,9.43944408140747e-151,45S rDNA
Chr4,683000,684000,1717,42.7891679292186,0,45S rDNA
Chr4,684000,685000,303,6.09384665922969,1.17292428467029e-128,45S rDNA
Chr4,685000,686000,248,5.93616550468016,4.20556381256663e-103,45S rDNA
Chr4,687000,688000,613,15.8230797989599,0,45S rDNA
Chr4,688000,689000,558,10.837475614336,0,45S rDNA
Chr4,689000,690000,454,11.0985644873942,7.72165940148693e-296,45S rDNA
Chr4,691000,692000,657,10.4275165333168,0,45S rDNA
Chr4,692000,693000,214,3.50384145077694,5.65699071618753e-51,45S rDNA
Chr4,693000,694000,1582,40.6545811900615,0,45S rDNA
Chr4,694000,695000,900,22.0432801551291,0,45S rDNA
Chr4,695000,696000,141,3.44375718085365,4.37656683035598e-33,45S rDNA
Chr4,696000,697000,238,5.3004136595349,2.2940537947347e-89,45S rDNA
Chr4,697000,698000,151,3.67120010932214,2.13669307884828e-38,45S rDNA
Chr4,698000,699000,548,14.4842140001083,0,45S rDNA
Chr4,699000,700000,353,8.31133658862533,1.47270375157619e-190,45S rDNA
Chr4,700000,701000,386,9.37668628113516,3.36099030175657e-226,45S rDNA
Chr4,701000,702000,603,10.0572155814535,0,45S rDNA
Chr4,702000,703000,203,4.13333330096553,4.01038500693058e-59,45S rDNA
Chr4,704000,705000,1985,42.4482918412769,0,45S rDNA
Chr4,708000,709000,469,11.2046209311037,2.40139564659814e-307,45S rDNA
Chr4,709000,710000,574,13.5171358153955,0,45S rDNA
Chr4,710000,711000,211,4.31267130502789,2.17293235433417e-64,45S rDNA
Chr4,711000,712000,422,8.40774552077389,1.69130150298167e-229,45S rDNA
Chr4,712000,713000,194,3.64755653285718,1.01472471718718e-48,45S rDNA
Chr4,714000,715000,1790,42.4598962425705,0,45S rDNA
Chr4,715000,716000,202,3.17518923667161,4.13472223914642e-42,45S rDNA
Chr4,716000,717000,196,4.98787160284918,1.43170128209081e-69,45S rDNA
Chr4,717000,718000,287,5.89947790618539,1.51337054695877e-118,45S rDNA
Chr4,718000,719000,158,4.05641332166482,3.25945206908464e-45,45S rDNA
Chr4,720000,721000,441,9.91343681497109,7.52214772950874e-268,45S rDNA
Chr4,721000,722000,186,4.52681330061496,7.0121515817558e-60,45S rDNA
Chr4,722000,723000,586,11.4272978874098,0,45S rDNA
Chr4,723000,724000,235,4.13150056516024,2.77100565654091e-68,45S rDNA
Chr4,724000,725000,1185,26.9070356263544,0,45S rDNA
Chr4,725000,726000,1101,19.2231603132619,0,45S rDNA
Chr4,726000,727000,230,4.6933495914162,1.11031708780045e-76,45S rDNA
Chr4,730000,731000,313,6.1072283278649,4.00788656411719e-133,45S rDNA
Chr4,731000,732000,368,7.88931033316003,2.50383145230934e-191,45S rDNA
Chr4,732000,733000,553,9.74360297365878,0,45S rDNA
Chr4,733000,734000,173,3.07088182076305,1.82276502786387e-34,45S rDNA
Chr4,735000,736000,1723,44.8683652930061,0,45S rDNA
Chr4,736000,737000,258,5.73370793915754,5.2262945565637e-104,45S rDNA
Chr4,737000,738000,780,17.3788365391971,0,45S rDNA
Chr4,740000,741000,172,4.1615491747659,1.34198269209753e-50,45S rDNA
Chr4,742000,743000,544,11.2947753246894,0,45S rDNA
Chr4,743000,744000,295,5.56562039469418,1.13301812647822e-115,45S rDNA
Chr4,745000,746000,1659,50.0354122272663,0,45S rDNA
Chr4,749000,750000,435,12.3651649099644,3.7937002329702e-302,45S rDNA
Chr4,750000,751000,769,17.8675000365954,0,45S rDNA
Chr4,751000,752000,490,12.0789219662668,0,45S rDNA
Chr4,752000,753000,328,8.56870174087448,5.95249787131807e-181,45S rDNA
Chr4,753000,754000,314,5.70629675731252,7.28412104378389e-126,45S rDNA
Chr4,754000,755000,229,3.33003456491801,6.4890503407312e-51,45S rDNA
Chr4,755000,756000,1614,35.1071249201643,0,45S rDNA
Chr4,756000,757000,375,8.32971688986397,1.06606100918831e-202,45S rDNA
Chr4,760000,761000,256,6.44918888035101,4.02799110977633e-114,45S rDNA
Chr4,761000,762000,221,4.62809990810712,1.17165536865912e-72,45S rDNA
Chr4,762000,763000,133,3.24361820690129,7.99987674347676e-29,45S rDNA
Chr4,763000,764000,654,11.7018578643875,0,45S rDNA
Chr4,764000,765000,209,4.05742656921184,1.41116871563559e-59,45S rDNA
Chr4,765000,766000,154,3.09844763648459,3.65245735994685e-31,45S rDNA
Chr4,766000,767000,1656,36.7514089854747,0,45S rDNA
Chr4,768000,769000,222,4.76543581090223,3.35898676182255e-75,45S rDNA
Chr4,770000,771000,349,7.93577001960121,2.84006899242601e-182,45S rDNA
Chr4,771000,772000,212,5.75612902985337,6.66654646769316e-86,45S rDNA
Chr4,772000,773000,208,5.11666886110726,1.25942086638397e-75,45S rDNA
Chr4,773000,774000,597,10.3454146471673,0,45S rDNA
Chr4,774000,775000,201,3.75553856686816,2.61629653732559e-52,45S rDNA
Chr4,776000,777000,1602,38.6344099426231,0,45S rDNA
Chr4,782000,783000,164,3.43209354472333,3.41398709464656e-38,45S rDNA
Chr4,783000,784000,363,7.33555210475795,8.6295450495774e-179,45S rDNA
Chr4,784000,785000,380,7.92755152115062,3.10427974170476e-198,45S rDNA
Chr4,785000,786000,210,3.65474972520299,8.34252331561583e-53,45S rDNA
Chr4,786000,787000,1617,35.7926456599944,0,45S rDNA
Chr4,787000,788000,339,6.17519379908311,1.78283758542012e-145,45S rDNA
Chr4,790000,791000,213,6.20126799541909,4.8903889121508e-92,45S rDNA
Chr4,791000,792000,308,8.0820769924215,4.22878425762392e-163,45S rDNA
Chr4,792000,793000,213,4.47977932246028,1.04451596364506e-67,45S rDNA
Chr4,794000,795000,637,9.77980476792538,0,45S rDNA
Chr4,796000,797000,211,4.37022712939667,2.52653214855306e-65,45S rDNA
Chr4,797000,798000,1509,34.7366644858292,0,45S rDNA
Chr4,803000,804000,443,10.7216479946668,1.16743272447258e-282,45S rDNA
Chr4,804000,805000,644,13.9098142146808,0,45S rDNA
Chr4,805000,806000,194,3.59705320322883,7.18724168214575e-48,45S rDNA
Chr4,807000,808000,2166,47.0373646365674,0,45S rDNA
Chr4,808000,809000,298,6.37769915280603,1.72477178114996e-131,45S rDNA
Chr4,809000,810000,833,19.8912500087502,0,45S rDNA
Chr4,810000,811000,213,4.35132850719382,1.25705479043599e-65,45S rDNA
Chr4,812000,813000,310,4.21063199914726,9.3063980260693e-92,45S rDNA
Chr4,813000,814000,238,5.35221214180163,3.50630688404095e-90,45S rDNA
Chr4,814000,815000,370,7.68091336416073,1.28133553393484e-188,45S rDNA
Chr4,815000,816000,379,6.04859071336812,1.0930116636942e-159,45S rDNA
Chr4,816000,817000,191,3.17886574571756,6.34121853304082e-40,45S rDNA
Chr4,817000,818000,1768,38.3714110219559,0,45S rDNA
Chr4,818000,819000,557,9.79554608781626,0,45S rDNA
Chr4,819000,820000,215,4.78605918810814,3.57758684862087e-73,45S rDNA
Chr4,821000,822000,525,14.8917588069824,0,45S rDNA
Chr4,822000,823000,910,21.9115751610778,0,45S rDNA
Chr4,823000,824000,346,10.0238595226036,7.82280482907386e-212,45S rDNA
Chr4,824000,825000,302,7.71629054947692,1.21688552893429e-154,45S rDNA
Chr4,825000,826000,674,12.0039255424022,0,45S rDNA
Chr4,826000,827000,205,3.19313807045007,4.55370735507609e-43,45S rDNA
Chr4,827000,828000,334,7.79023214358304,3.8928719427151e-172,45S rDNA
Chr4,828000,829000,1730,34.9989294820898,0,45S rDNA
Chr4,830000,831000,232,4.80343934837742,3.48223349142253e-79,45S rDNA
Chr4,832000,833000,142,3.21028508614228,2.75516029621024e-30,45S rDNA
Chr4,833000,834000,125,3.09316434206143,2.30251287159264e-25,45S rDNA
Chr4,834000,835000,250,7.1659377505757,3.25306243970735e-121,45S rDNA
Chr4,835000,836000,624,12.3146560775163,0,45S rDNA
Chr4,838000,839000,2020,46.7658834493992,0,45S rDNA
Chr4,839000,840000,192,3.37330215218185,1.44116644481296e-43,45S rDNA
Chr4,840000,841000,238,5.55889501165362,2.23463216704795e-93,45S rDNA
Chr4,842000,843000,250,5.08436532089557,3.47074361220087e-90,45S rDNA
Chr4,843000,844000,725,13.5139357976629,0,45S rDNA
Chr4,844000,845000,266,6.31566932173925,1.64215748396005e-116,45S rDNA
Chr4,845000,846000,340,6.57573003117409,1.02209489207396e-153,45S rDNA
Chr4,846000,847000,378,6.72081209902049,7.79300128944504e-174,45S rDNA
Chr4,847000,848000,190,3.25880266321362,3.92904327760508e-41,45S rDNA
Chr4,848000,849000,1598,34.3356851369126,0,45S rDNA
Chr4,849000,850000,435,11.1737049603386,1.18588839500593e-284,45S rDNA
Chr4,854000,855000,181,3.73091957441243,8.41526998018493e-47,45S rDNA
Chr4,856000,857000,656,10.5394825120282,0,45S rDNA
Chr4,857000,858000,192,3.16929364918268,5.87947846804488e-40,45S rDNA
Chr4,858000,859000,254,5.27093030260672,8.04263989755672e-95,45S rDNA
Chr4,859000,860000,1725,40.1311250142795,0,45S rDNA
Chr4,865000,866000,220,5.33548554241411,3.547579505461e-83,45S rDNA
Chr4,866000,867000,618,11.7124832456204,0,45S rDNA
Chr4,867000,868000,234,4.31156050958416,2.65873336561462e-71,45S rDNA
Chr4,869000,870000,1799,44.9221505465763,0,45S rDNA
Chr4,870000,871000,174,3.63017325806082,1.62763591907126e-43,45S rDNA
Chr4,871000,872000,231,5.49443445529998,1.07045278956822e-89,45S rDNA
Chr4,873000,874000,379,10.2108123003427,1.07787818936924e-234,45S rDNA
Chr4,874000,875000,483,11.3501439012744,1.11253692928274e-308,45S rDNA
Chr4,875000,876000,425,9.88221100721524,1.21961933487695e-257,45S rDNA
Chr4,876000,877000,474,10.7983310476817,1.04018238575274e-303,45S rDNA
Chr4,877000,878000,301,6.04209080378511,6.96360039304926e-127,45S rDNA
Chr4,879000,880000,1829,43.6409512035568,0,45S rDNA
Chr4,880000,881000,409,8.19604677144426,1.78297196058318e-218,45S rDNA
Chr4,881000,882000,280,6.48427429556547,2.67968377554607e-125,45S rDNA
Chr4,883000,884000,355,9.3731221827672,4.73878407157108e-208,45S rDNA
Chr4,884000,885000,433,10.5107550801004,6.40221756151722e-273,45S rDNA
Chr4,885000,886000,451,9.81691633192589,3.49406565645498e-272,45S rDNA
Chr4,886000,887000,192,4.59491698333777,9.29540862599885e-63,45S rDNA
Chr4,887000,888000,588,10.0743481128664,0,45S rDNA
Chr4,888000,889000,211,3.32265823201701,7.86679229246903e-47,45S rDNA
Chr4,889000,890000,893,19.6559131664995,0,45S rDNA
Chr4,890000,891000,1306,31.5453666346761,0,45S rDNA
Chr4,893000,894000,164,3.6654337589278,1.47630724516565e-41,45S rDNA
Chr4,894000,895000,342,7.65958981490656,4.70000409222416e-174,45S rDNA
Chr4,895000,896000,202,5.57534951580175,1.38954392117126e-79,45S rDNA
Chr4,896000,897000,178,3.8952779646777,1.70058399316342e-48,45S rDNA
Chr4,897000,898000,551,9.3235248996701,1.11253692925373e-308,45S rDNA
Chr4,898000,899000,196,3.92552880148204,8.19507944306792e-54,45S rDNA
Chr4,900000,901000,1963,47.2550309508533,0,45S rDNA
Chr4,904000,905000,746,19.0692886594977,0,45S rDNA
Chr4,905000,906000,668,14.6856547750387,0,45S rDNA
Chr4,906000,907000,460,10.2104224937933,1.1767675477484e-284,45S rDNA
Chr4,907000,908000,519,10.4019243013743,0,45S rDNA
Chr4,908000,909000,212,4.55346179611885,1.46048999885486e-68,45S rDNA
Chr4,910000,911000,1794,47.345416841919,0,45S rDNA
Chr4,911000,912000,168,3.60337805561368,1.19340772307264e-41,45S rDNA
Chr4,912000,913000,249,6.75203714614932,3.14328521533844e-115,45S rDNA
Chr4,914000,915000,691,19.139396858471,0,45S rDNA
Chr4,915000,916000,321,8.89417092368175,1.05288654347995e-181,45S rDNA
Chr4,916000,917000,253,5.17613797205281,7.70042682583795e-93,45S rDNA
Chr4,917000,918000,156,3.32958498343189,6.42913005864192e-35,45S rDNA
Chr4,918000,919000,442,8.7319193056057,9.7138724551318e-247,45S rDNA
Chr4,920000,921000,1641,37.8492431941052,0,45S rDNA
Chr4,921000,922000,621,12.5498836795778,0,45S rDNA
Chr4,922000,923000,140,3.33094962773567,1.98918694763896e-31,45S rDNA
Chr4,923000,924000,169,3.38290583812165,1.38240884656824e-38,45S rDNA
Chr4,925000,926000,201,4.03535857841881,5.72356470056118e-57,45S rDNA
Chr4,926000,927000,186,3.78854066648272,5.5582085801924e-49,45S rDNA
Chr4,928000,929000,513,9.14872706513225,1.90290355315597e-295,45S rDNA
Chr4,929000,930000,189,3.69730038279122,2.71174293509474e-48,45S rDNA
Chr4,930000,931000,213,3.85717691379851,3.31355600280073e-57,45S rDNA
Chr4,931000,932000,1847,41.3408280522336,0,45S rDNA
Chr4,935000,936000,149,3.55373997646676,2.24432763265171e-36,45S rDNA
Chr4,937000,938000,292,6.34286062080731,2.82683272273972e-128,45S rDNA
Chr4,938000,939000,551,10.5864956670294,0,45S rDNA
Chr4,939000,940000,258,4.60583244637752,2.89286431846851e-84,45S rDNA
Chr4,941000,942000,2168,45.3066668603618,0,45S rDNA
Chr4,945000,946000,117,3.00245213849174,9.15489616409655e-23,45S rDNA
Chr4,946000,947000,191,4.72226934921106,3.25159545715699e-64,45S rDNA
Chr4,947000,948000,221,5.50066949978294,6.16973301767588e-86,45S rDNA
Chr4,948000,949000,370,6.76728745514033,4.07700263674169e-171,45S rDNA
Chr4,949000,950000,244,3.90185553781241,2.55220261030985e-66,45S rDNA
Chr4,950000,951000,235,3.57462771612371,2.31110232601914e-57,45S rDNA
Chr4,951000,952000,1549,41.4949956229718,0,45S rDNA
Chr4,952000,953000,283,5.86786362091971,2.33574402659227e-116,45S rDNA
Chr4,955000,956000,123,3.33398892116123,9.90782248056774e-28,45S rDNA
Chr4,957000,958000,288,6.11498218646391,1.07943018304744e-122,45S rDNA
Chr4,958000,959000,185,4.19211819377284,8.2173189634234e-55,45S rDNA
Chr4,959000,960000,716,13.4438086485269,0,45S rDNA
Chr4,960000,961000,228,3.66325981330068,1.97110768799193e-57,45S rDNA
Chr4,961000,962000,161,3.30793483055922,1.07518464148584e-35,45S rDNA
Chr4,962000,963000,2046,42.41180661829,0,45S rDNA
Chr4,964000,965000,143,3.43395484577288,2.03027003425096e-33,45S rDNA
Chr4,965000,966000,162,3.52280659945089,4.81416680031071e-39,45S rDNA
Chr4,966000,967000,368,8.72246783238204,2.00965466096299e-205,45S rDNA
Chr4,967000,968000,256,5.90968048799648,5.46158921869604e-106,45S rDNA
Chr4,968000,969000,199,4.43457166142489,1.24951653843378e-62,45S rDNA
Chr4,969000,970000,595,11.0881663856439,0,45S rDNA
Chr4,970000,971000,247,4.76556510502282,1.39721295548369e-83,45S rDNA
Chr4,972000,973000,1952,45.1003165891679,0,45S rDNA
Chr4,973000,974000,194,3.76421612346029,1.17268401724323e-50,45S rDNA
Chr4,976000,977000,285,7.48148706871323,1.14412391439823e-142,45S rDNA
Chr4,977000,978000,343,9.25898676253291,2.03479643770672e-199,45S rDNA
Chr4,978000,979000,200,4.46356320997902,2.22917592871951e-63,45S rDNA
Chr4,979000,980000,378,8.03230316138309,4.44409715026965e-199,45S rDNA
Chr4,980000,981000,262,4.80888524826065,2.00848775424834e-89,45S rDNA
Chr4,981000,982000,199,3.1631752128814,2.8467781553525e-41,45S rDNA
Chr4,982000,983000,1662,48.602931970672,0,45S rDNA
Chr4,983000,984000,574,9.86529854784609,0,45S rDNA
Chr4,984000,985000,236,5.24478710713635,9.56710196907052e-88,45S rDNA
Chr4,985000,986000,354,6.06854450331436,1.23070235451698e-149,45S rDNA
Chr4,986000,987000,338,8.14446235541282,6.88049678057322e-180,45S rDNA
Chr4,987000,988000,439,10.448631556367,1.14504267328621e-275,45S rDNA
Chr4,988000,989000,439,10.5584652013913,1.80743931956965e-277,45S rDNA
Chr4,989000,990000,374,10.7333050974009,6.25037079488675e-239,45S rDNA
Chr4,990000,991000,596,10.354974698416,0,45S rDNA
Chr4,991000,992000,253,4.41846714576898,4.24411668574228e-79,45S rDNA
Chr4,992000,993000,239,5.17950536493446,8.42277891214985e-88,45S rDNA
Chr4,993000,994000,1999,38.2640535215883,0,45S rDNA
Chr4,995000,996000,195,4.45096157003066,1.25178678429614e-61,45S rDNA
Chr4,997000,998000,225,5.70701165551836,1.97019078783691e-90,45S rDNA
Chr4,998000,999000,201,4.69524482165479,3.84896669553265e-67,45S rDNA
Chr4,999000,1000000,188,4.3093622794378,2.07449603634189e-57,45S rDNA
Chr4,1000000,1001000,519,9.02304041044055,4.03556532764678e-296,45S rDNA
Chr4,1001000,1002000,214,4.17331203383742,5.80781124257087e-63,45S rDNA
Chr4,1003000,1004000,1886,38.6390619422177,0,45S rDNA
Chr4,1007000,1008000,371,11.0355739473801,4.42913632237006e-241,45S rDNA
Chr4,1008000,1009000,481,11.9135403970254,0,45S rDNA
Chr4,1009000,1010000,443,9.51603779097465,5.2500359329784e-262,45S rDNA
Chr4,1010000,1011000,406,9.9640820549785,1.81242512974318e-247,45S rDNA
Chr4,1011000,1012000,280,6.14891145562042,7.17186459056265e-120,45S rDNA
Chr4,1012000,1013000,236,3.70206970849268,3.32260738048906e-60,45S rDNA
Chr4,1013000,1014000,1650,39.3675662787169,0,45S rDNA
Chr4,1014000,1015000,458,9.96278608627343,4.99417374709212e-279,45S rDNA
Chr4,1017000,1018000,136,3.64637307715005,2.30923969529877e-34,45S rDNA
Chr4,1018000,1019000,144,3.132404359003,1.19201345885507e-29,45S rDNA
Chr4,1021000,1022000,716,13.150278401442,0,45S rDNA
Chr4,1024000,1025000,1930,44.1613577838593,0,45S rDNA
Chr4,1028000,1029000,603,13.9942951639688,0,45S rDNA
Chr4,1029000,1030000,589,12.6049128452933,0,45S rDNA
Chr4,1030000,1031000,183,4.25738891455835,3.64897586618946e-55,45S rDNA
Chr4,1031000,1032000,525,10.1424330463844,0,45S rDNA
Chr4,1032000,1033000,252,4.79070327192547,1.03301973337716e-85,45S rDNA
Chr4,1034000,1035000,1924,50.371202839888,0,45S rDNA
Chr4,1035000,1036000,184,3.38095197770708,6.52521737922115e-42,45S rDNA
Chr4,1038000,1039000,125,3.45700319235364,1.46731144226434e-29,45S rDNA
Chr4,1039000,1040000,408,9.39148068999578,2.71796505010881e-239,45S rDNA
Chr4,1040000,1041000,502,12.2279338575913,0,45S rDNA
Chr4,1041000,1042000,441,11.0017530559667,7.24139106242779e-286,45S rDNA
Chr4,1042000,1043000,431,7.72592994452046,1.5961210041932e-220,45S rDNA
Chr4,1043000,1044000,213,3.37098967355726,3.33095561096688e-48,45S rDNA
Chr4,1044000,1045000,1884,46.8372667777971,0,45S rDNA
Chr4,1045000,1046000,417,8.14480205084083,9.79539353256293e-222,45S rDNA
Chr4,1046000,1047000,192,4.52860250048446,8.20186295201904e-62,45S rDNA
Chr4,1047000,1048000,173,3.32516710978073,1.42196817757831e-38,45S rDNA
Chr4,1048000,1049000,288,7.67394250830747,6.48263365257945e-147,45S rDNA
Chr4,1049000,1050000,513,12.9398525933192,0,45S rDNA
Chr4,1050000,1051000,602,13.4226066670121,0,45S rDNA
Chr4,1051000,1052000,135,3.23253986343785,4.15597691501291e-29,45S rDNA
Chr4,1052000,1053000,647,10.2566057377863,0,45S rDNA
Chr4,1053000,1054000,243,4.20403373978283,5.64041489085177e-72,45S rDNA
Chr4,1054000,1055000,280,5.81469335461475,3.23593828543789e-114,45S rDNA
Chr4,1055000,1056000,1893,40.5632374057027,0,45S rDNA
Chr4,1057000,1058000,180,4.27629694999467,1.54605362887492e-54,45S rDNA
Chr4,1060000,1061000,261,3.84691996440605,1.08100798431857e-69,45S rDNA
Chr4,1061000,1062000,272,6.53171830804352,1.79526716167717e-122,45S rDNA
Chr4,1062000,1063000,498,9.33657166269053,9.4842355605069e-291,45S rDNA
Chr4,1063000,1064000,232,4.34427879896511,2.76598920008341e-71,45S rDNA
Chr4,1065000,1066000,1787,37.4031279017949,0,45S rDNA
Chr4,1066000,1067000,175,3.42041829085494,1.60427228985394e-40,45S rDNA
Chr4,1069000,1070000,286,6.85516469301611,7.86548127890453e-134,45S rDNA
Chr4,1070000,1071000,305,7.75976623548775,8.124940643209e-157,45S rDNA
Chr4,1071000,1072000,173,4.05205505884481,2.25718891417663e-49,45S rDNA
Chr4,1072000,1073000,335,6.14482198665268,3.60802347850704e-143,45S rDNA
Chr4,1073000,1074000,331,5.9240882976773,4.37346519551673e-137,45S rDNA
Chr4,1074000,1075000,212,3.19310994595424,1.63623813585991e-44,45S rDNA
Chr4,1075000,1076000,1710,39.5546350984689,0,45S rDNA
Chr4,1076000,1077000,437,8.00551405944368,1.83060135858731e-229,45S rDNA
Chr4,1079000,1080000,231,6.17692731538132,2.04293336920527e-99,45S rDNA
Chr4,1080000,1081000,324,7.1952787482739,2.44707622354875e-157,45S rDNA
Chr4,1081000,1082000,250,5.50217030933832,3.92324438796375e-97,45S rDNA
Chr4,1082000,1083000,158,3.65813705127122,5.77931121045789e-40,45S rDNA
Chr4,1083000,1084000,573,9.37028614790358,0,45S rDNA
Chr4,1084000,1085000,191,3.258090236036,2.47908837439177e-41,45S rDNA
Chr4,1085000,1086000,339,6.98019823602005,9.51530864931925e-161,45S rDNA
Chr4,1086000,1087000,1969,39.8219695642009,0,45S rDNA
Chr4,1087000,1088000,149,3.40040961669558,2.42315531227526e-34,45S rDNA
Chr4,1088000,1089000,384,8.08684121897904,3.25437277946752e-203,45S rDNA
Chr4,1089000,1090000,209,4.86763744706806,2.2817799491396e-72,45S rDNA
Chr4,1090000,1091000,342,8.78146381370395,7.44266834935298e-192,45S rDNA
Chr4,1091000,1092000,178,4.15023006578396,3.54468173369909e-52,45S rDNA
Chr4,1092000,1093000,187,4.25646844178662,2.43245547446677e-56,45S rDNA
Chr4,1093000,1094000,650,11.687213594605,0,45S rDNA
Chr4,1095000,1096000,1925,35.9554779199981,0,45S rDNA
Chr4,1096000,1097000,248,4.63802786372208,1.28621566376573e-81,45S rDNA
Chr4,1097000,1098000,147,3.81831844628101,3.08618412785124e-39,45S rDNA
Chr4,1098000,1099000,149,3.46942234966993,2.90153746699866e-35,45S rDNA
Chr4,1099000,1100000,293,7.04487802564656,4.65773963850807e-140,45S rDNA
Chr4,1100000,1101000,336,7.77977927973125,5.438643897604e-173,45S rDNA
Chr4,1101000,1102000,227,5.1002577784364,3.30257091786945e-82,45S rDNA
Chr4,1103000,1104000,611,11.1304279329374,0,45S rDNA
Chr4,1104000,1105000,220,3.71338277991978,2.16514505892708e-56,45S rDNA
Chr4,1105000,1106000,1488,33.651570707356,0,45S rDNA
Chr4,1106000,1107000,817,14.4754200248995,0,45S rDNA
Chr4,1107000,1108000,130,3.04293884646626,9.97386272849293e-26,45S rDNA
Chr4,1108000,1109000,209,4.18568613964858,1.02776553192501e-61,45S rDNA
Chr4,1110000,1111000,324,8.03834660334459,7.39614311773101e-171,45S rDNA
Chr4,1111000,1112000,205,4.58537552309868,8.26659901564604e-67,45S rDNA
Chr4,1112000,1113000,190,4.66814433163907,3.91064715696853e-63,45S rDNA
Chr4,1113000,1114000,603,10.597532127637,0,45S rDNA
Chr4,1114000,1115000,167,3.15516715917733,1.25072955396272e-34,45S rDNA
Chr4,1116000,1117000,2202,48.5217913669073,0,45S rDNA
Chr4,1117000,1118000,165,3.25965313444557,7.86620159158909e-36,45S rDNA
Chr4,1118000,1119000,343,6.93874352794678,7.09665276407982e-162,45S rDNA
Chr4,1119000,1120000,162,3.62559040387285,1.67971861832095e-40,45S rDNA
Chr4,1120000,1121000,314,6.7215630288087,1.44674451114497e-144,45S rDNA
Chr4,1121000,1122000,291,6.59334234300531,5.69552552103305e-132,45S rDNA
Chr4,1122000,1123000,203,4.36741708470728,7.80866083446089e-63,45S rDNA
Chr4,1123000,1124000,535,9.82552548834395,0,45S rDNA
Chr4,1124000,1125000,276,5.83297196343937,6.58235196891324e-113,45S rDNA
Chr4,1126000,1127000,1805,50.5900257343454,0,45S rDNA
Chr4,1132000,1133000,206,4.73850813906708,1.94131148519661e-69,45S rDNA
Chr4,1133000,1134000,215,4.58738391860285,4.61561535635279e-70,45S rDNA
Chr4,1134000,1135000,510,9.72872835888974,6.97683618362469e-306,45S rDNA
Chr4,1136000,1137000,1688,38.3000989926884,0,45S rDNA
Chr4,1137000,1138000,548,10.0730550377652,0,45S rDNA
Chr4,1140000,1141000,216,4.79924813019546,1.02956584513016e-73,45S rDNA
Chr4,1141000,1142000,383,9.29084624734626,4.38792337669925e-223,45S rDNA
Chr4,1142000,1143000,255,5.40484908827208,1.90652829575241e-97,45S rDNA
Chr4,1143000,1144000,208,4.68229713005245,2.95070347434558e-69,45S rDNA
Chr4,1144000,1145000,713,12.8297684530192,0,45S rDNA
Chr4,1145000,1146000,202,4.57087286949624,1.25969776718361e-65,45S rDNA
Chr4,1146000,1147000,155,3.05005948257475,1.20265313331362e-30,45S rDNA
Chr4,1147000,1148000,2116,40.8965937288928,0,45S rDNA
Chr4,1149000,1150000,206,4.94059366138009,2.12366730994891e-72,45S rDNA
Chr4,1151000,1152000,173,4.24369792507211,5.24623043186917e-52,45S rDNA
Chr4,1154000,1155000,486,9.40169648019459,4.49541442171452e-285,45S rDNA
Chr4,1155000,1156000,277,5.34412116975395,1.11792368918857e-104,45S rDNA
Chr4,1157000,1158000,1875,44.381495819546,0,45S rDNA
Chr4,1158000,1159000,340,6.52092440654295,1.13537508151207e-152,45S rDNA
Chr4,1159000,1160000,275,6.64079867809971,1.73159202532667e-125,45S rDNA
Chr4,1161000,1162000,388,10.1071321220124,1.0711746001195e-238,45S rDNA
Chr4,1162000,1163000,582,14.1671282005702,0,45S rDNA
Chr4,1163000,1164000,388,8.80407615592504,6.26331812981563e-218,45S rDNA
Chr4,1165000,1166000,625,9.21400814044477,0,45S rDNA
Chr4,1166000,1167000,197,3.21616145058224,7.68708561498302e-42,45S rDNA
Chr4,1167000,1168000,1139,29.200927461812,0,45S rDNA
Chr4,1168000,1169000,923,17.0940256495989,0,45S rDNA
Chr4,1172000,1173000,144,3.34192123318659,1.89173455024769e-32,45S rDNA
Chr4,1173000,1174000,504,11.083846027714,0,45S rDNA
Chr4,1174000,1175000,431,9.80813283152904,5.32472885512975e-260,45S rDNA
Chr4,1175000,1176000,656,12.2838228108669,0,45S rDNA
Chr4,1176000,1177000,210,3.60476836696156,6.76609520632148e-52,45S rDNA
Chr4,1178000,1179000,1842,41.7800970564579,0,45S rDNA
Chr4,1179000,1180000,155,3.37718944068298,2.27247431558455e-35,45S rDNA
Chr4,1180000,1181000,228,4.72820063223878,1.34438055650138e-76,45S rDNA
Chr4,1182000,1183000,319,7.74536754245483,9.47569340629616e-164,45S rDNA
Chr4,1183000,1184000,300,7.19547030821555,9.47271457223891e-146,45S rDNA
Chr4,1184000,1185000,181,4.08069328451359,4.87748634664056e-52,45S rDNA
Chr4,1185000,1186000,539,10.5948808270928,0,45S rDNA
Chr4,1186000,1187000,239,4.76600135079083,6.59802487644116e-81,45S rDNA
Chr4,1188000,1189000,1673,44.345014421932,0,45S rDNA
Chr4,1189000,1190000,270,4.96436897611312,4.2831420543349e-95,45S rDNA
Chr4,1190000,1191000,464,10.9074988032961,3.69694975295466e-299,45S rDNA
Chr4,1191000,1192000,254,5.25404764110124,1.55511733896871e-94,45S rDNA
Chr4,1192000,1193000,349,8.58887364936433,8.5668901366194e-193,45S rDNA
Chr4,1193000,1194000,532,12.0055737408342,0,45S rDNA
Chr4,1194000,1195000,455,9.77957977759308,6.49518326595108e-274,45S rDNA
Chr4,1195000,1196000,300,7.33878185027801,5.78700862258e-148,45S rDNA
Chr4,1196000,1197000,513,11.7342028029905,0,45S rDNA
Chr4,1197000,1198000,188,3.09497328744427,8.04398960294995e-38,45S rDNA
Chr4,1198000,1199000,1612,37.4239663509528,0,45S rDNA
Chr4,1199000,1200000,521,9.25430093019069,2.36022024389804e-302,45S rDNA
Chr4,1204000,1205000,118,3.02153000285463,3.59117354199128e-23,45S rDNA
Chr4,1205000,1206000,140,3.47529766182043,2.99404511001419e-33,45S rDNA
Chr4,1206000,1207000,582,9.62318680918317,0,45S rDNA
Chr4,1208000,1209000,142,3.10678974704474,6.64891413355706e-29,45S rDNA
Chr4,1209000,1210000,1993,44.299158872992,0,45S rDNA
Chr4,1213000,1214000,660,16.4324461457388,0,45S rDNA
Chr4,1214000,1215000,420,11.2262786285374,1.20377526945034e-275,45S rDNA
Chr4,1215000,1216000,192,4.6922336455215,3.96695049446547e-64,45S rDNA
Chr4,1216000,1217000,569,9.88201433877313,0,45S rDNA
Chr4,1217000,1218000,225,4.42924709901734,1.2828025776163e-70,45S rDNA
Chr4,1219000,1220000,1907,51.3739022600738,0,45S rDNA
Chr4,1221000,1222000,250,5.52647183999293,1.59518092443171e-97,45S rDNA
Chr4,1223000,1224000,428,12.7747212342527,7.23232039493606e-303,45S rDNA
Chr4,1224000,1225000,648,17.4041958453687,0,45S rDNA
Chr4,1225000,1226000,177,4.03182938798252,3.29974465666675e-50,45S rDNA
Chr4,1226000,1227000,359,7.6688547616661,7.96171053176278e-183,45S rDNA
Chr4,1227000,1228000,364,6.99563374010872,7.8056774103521e-173,45S rDNA
Chr4,1228000,1229000,206,3.219108269006,8.978366296039e-44,45S rDNA
Chr4,1229000,1230000,1708,49.2077943358034,0,45S rDNA
Chr4,1230000,1231000,530,10.0044355557288,0,45S rDNA
Chr4,1231000,1232000,158,3.37335086726483,5.50747581035231e-36,45S rDNA
Chr4,1233000,1234000,142,3.59993409906711,2.83084203467747e-35,45S rDNA
Chr4,1234000,1235000,136,3.10355269201863,1.13942547213714e-27,45S rDNA
Chr4,1237000,1238000,659,10.6329059871865,0,45S rDNA
Chr4,1238000,1239000,198,3.4559712151147,2.23289232605455e-46,45S rDNA
Chr4,1239000,1240000,343,7.03254394227306,1.37908321606235e-163,45S rDNA
Chr4,1240000,1241000,1985,39.5443463075809,0,45S rDNA
Chr4,1241000,1242000,145,3.15707291864706,3.45138827076646e-30,45S rDNA
Chr4,1242000,1243000,214,4.08984977703928,1.53240890740766e-61,45S rDNA
Chr4,1244000,1245000,612,14.4852639299944,0,45S rDNA
Chr4,1245000,1246000,531,13.1870303880091,0,45S rDNA
Chr4,1246000,1247000,269,6.04731117034777,1.43974661553544e-113,45S rDNA
Chr4,1247000,1248000,526,8.90200225102981,2.30077102882444e-297,45S rDNA
Chr4,1248000,1249000,239,4.13715538119965,1.53756214326504e-69,45S rDNA
Chr4,1250000,1251000,2096,49.7832870759549,0,45S rDNA
Chr4,1251000,1252000,225,3.98086191480769,1.11544456552454e-62,45S rDNA
Chr4,1252000,1253000,259,6.027586159695,4.54477191631926e-109,45S rDNA
Chr4,1254000,1255000,276,6.24852916540328,8.7522182031166e-120,45S rDNA
Chr4,1255000,1256000,336,8.37394018949287,2.18054391533919e-182,45S rDNA
Chr4,1256000,1257000,214,5.10250953842375,1.4093748810378e-77,45S rDNA
Chr4,1257000,1258000,333,7.37061974964837,1.10571080728551e-164,45S rDNA
Chr4,1258000,1259000,423,6.81929643953553,1.07078501081193e-196,45S rDNA
Chr4,1259000,1260000,189,3.10428846644396,3.47425509736833e-38,45S rDNA
Chr4,1260000,1261000,1645,42.9041478374591,0,45S rDNA
Chr4,1261000,1262000,425,8.19393651503498,6.03452129588415e-227,45S rDNA
Chr4,1264000,1265000,158,3.88861160272202,4.80648889673572e-43,45S rDNA
Chr4,1268000,1269000,656,12.5001181727867,0,45S rDNA
Chr4,1269000,1270000,201,3.33725292287215,6.46268512280972e-45,45S rDNA
Chr4,1270000,1271000,271,5.56630076590574,2.433649567472e-106,45S rDNA
Chr4,1271000,1272000,1870,39.4788233467618,0,45S rDNA
Chr4,1275000,1276000,619,13.5890146097907,0,45S rDNA
Chr4,1276000,1277000,546,13.6843108420216,0,45S rDNA
Chr4,1277000,1278000,259,6.20094593862428,9.79497771079944e-112,45S rDNA
Chr4,1278000,1279000,491,9.83926397256511,1.11098450597538e-296,45S rDNA
Chr4,1279000,1280000,220,4.39017524571428,2.05824603347541e-68,45S rDNA
Chr4,1281000,1282000,2004,45.180714597598,0,45S rDNA
Chr4,1282000,1283000,197,3.89202031563527,1.54281985148385e-53,45S rDNA
Chr4,1285000,1286000,332,9.15776435198318,1.22356621567061e-191,45S rDNA
Chr4,1286000,1287000,516,11.8966103460357,0,45S rDNA
Chr4,1287000,1288000,495,10.6074364028273,1.1125428287841e-308,45S rDNA
Chr4,1288000,1289000,432,10.0836248751606,2.84648892236418e-265,45S rDNA
Chr4,1289000,1290000,224,4.87952135663248,1.08149354855333e-77,45S rDNA
Chr4,1291000,1292000,1587,43.3836996798733,0,45S rDNA
Chr4,1292000,1293000,659,12.885349886611,0,45S rDNA
Chr4,1293000,1294000,160,3.99032264342491,6.42427975427383e-45,45S rDNA
Chr4,1294000,1295000,212,3.91900437688124,4.9963148056677e-58,45S rDNA
Chr4,1295000,1296000,249,6.48670009759537,1.49274682867471e-111,45S rDNA
Chr4,1296000,1297000,578,11.3375533248506,0,45S rDNA
Chr4,1297000,1298000,510,11.5422794626439,0,45S rDNA
Chr4,1298000,1299000,227,5.29517587355171,3.42301339345027e-85,45S rDNA
Chr4,1299000,1300000,678,13.3160283413593,0,45S rDNA
Chr4,1300000,1301000,215,3.87499309580938,4.70159268539084e-58,45S rDNA
Chr4,1302000,1303000,2155,46.834047213079,0,45S rDNA
Chr4,1304000,1305000,240,5.58248780412922,1.61850251540753e-94,45S rDNA
Chr4,1306000,1307000,320,6.98404339258551,7.4492606518454e-152,45S rDNA
Chr4,1307000,1308000,345,8.76741295532832,2.56481894967589e-193,45S rDNA
Chr4,1308000,1309000,262,6.4217575716703,2.28483615858456e-116,45S rDNA
Chr4,1309000,1310000,475,9.75292910270267,2.07399298816299e-285,45S rDNA
Chr4,1310000,1311000,242,4.20490162019539,1.06554753842721e-71,45S rDNA
Chr4,1312000,1313000,2009,40.4531813398087,0,45S rDNA
Chr4,1313000,1314000,173,3.30092357545638,3.43873035675767e-38,45S rDNA
Chr4,1316000,1317000,389,10.5070919984622,3.19739223703538e-245,45S rDNA
Chr4,1317000,1318000,530,11.6825811730316,0,45S rDNA
Chr4,1318000,1319000,607,14.1206826757471,0,45S rDNA
Chr4,1319000,1320000,464,9.96606732735447,9.91172307334743e-283,45S rDNA
Chr4,1320000,1321000,328,6.25333261510252,2.76449150227378e-142,45S rDNA
Chr4,1321000,1322000,207,3.60144325690848,4.17125850992825e-51,45S rDNA
Chr4,1322000,1323000,1484,34.1552821534019,0,45S rDNA
Chr4,1323000,1324000,218,4.53656558545578,3.31607703534241e-70,45S rDNA
Chr4,1326000,1327000,185,4.67998031867362,1.18142366222304e-61,45S rDNA
Chr4,1327000,1328000,298,7.28807558330369,3.29569263114933e-146,45S rDNA
Chr4,1328000,1329000,212,5.31764923906832,6.25602600166529e-80,45S rDNA
Chr4,1329000,1330000,176,3.86312317970648,1.72612573865681e-47,45S rDNA
Chr4,1330000,1331000,604,9.64905754874344,0,45S rDNA
Chr4,1331000,1332000,168,3.03980575453912,5.4457824870266e-33,45S rDNA
Chr4,1332000,1333000,254,5.41316798961021,3.31631925677731e-97,45S rDNA
Chr4,1333000,1334000,2059,42.9324432552026,0,45S rDNA
Chr4,1335000,1336000,187,3.96628543063187,5.2868138049763e-52,45S rDNA
Chr4,1337000,1338000,210,5.36357893268771,8.05237501546421e-80,45S rDNA
Chr4,1340000,1341000,572,9.26650964531753,0,45S rDNA
Chr4,1341000,1342000,251,4.57469108177628,2.01541001446985e-81,45S rDNA
Chr4,1343000,1344000,2047,49.8374595996985,0,45S rDNA
Chr4,1344000,1345000,159,3.39669349103322,1.5201941985745e-36,45S rDNA
Chr4,1347000,1348000,433,13.7141991019028,1.11253692930442e-308,45S rDNA
Chr4,1348000,1349000,697,15.3240470356119,0,45S rDNA
Chr4,1349000,1350000,335,7.34907512309014,2.67745274563384e-165,45S rDNA
Chr4,1350000,1351000,398,8.63790813729551,1.30469210684118e-220,45S rDNA
Chr4,1351000,1352000,391,7.65901568713403,7.47497688408522e-199,45S rDNA
Chr4,1352000,1353000,216,3.53023595062053,6.02633138604124e-52,45S rDNA
Chr4,1353000,1354000,1794,46.0789444047467,0,45S rDNA
Chr4,1354000,1355000,315,6.24825326422362,1.3885571297286e-136,45S rDNA
Chr4,1358000,1359000,237,7.04915564158571,1.67890882057207e-113,45S rDNA
Chr4,1359000,1360000,246,6.50848213868028,1.60659172111882e-110,45S rDNA
Chr4,1360000,1361000,208,4.71516837752607,9.39407834713987e-70,45S rDNA
Chr4,1361000,1362000,719,16.1754371976115,0,45S rDNA
Chr4,1362000,1363000,211,3.68721821086267,1.21166271215784e-53,45S rDNA
Chr4,1364000,1365000,2049,49.0833184835264,0,45S rDNA
Chr4,1368000,1369000,469,12.5611670103878,0,45S rDNA
Chr4,1369000,1370000,456,11.0650382167464,1.35691775138233e-296,45S rDNA
Chr4,1370000,1371000,484,12.029516193145,0,45S rDNA
Chr4,1371000,1372000,520,11.3139187975117,0,45S rDNA
Chr4,1372000,1373000,327,6.41666687795305,6.21498521447661e-145,45S rDNA
Chr4,1373000,1374000,176,3.32708998839552,2.92515882714063e-39,45S rDNA
Chr4,1374000,1375000,2001,45.4999306854499,0,45S rDNA
Chr4,1375000,1376000,337,5.95665594058816,3.18776966148683e-140,45S rDNA
Chr4,1376000,1377000,252,5.89448488802981,4.11446902538532e-104,45S rDNA
Chr4,1378000,1379000,344,11.0182349081195,2.2033676967172e-223,45S rDNA
Chr4,1379000,1380000,445,10.0803209040094,3.58974683633916e-273,45S rDNA
Chr4,1380000,1381000,451,11.1264433718901,2.45618555414702e-294,45S rDNA
Chr4,1381000,1382000,186,4.38966948141679,5.91149368609812e-58,45S rDNA
Chr4,1382000,1383000,632,12.1643651713089,0,45S rDNA
Chr4,1383000,1384000,204,3.17830363039838,1.40428712187075e-42,45S rDNA
Chr4,1384000,1385000,1443,30.4384618151373,0,45S rDNA
Chr4,1385000,1386000,781,15.2113763685019,0,45S rDNA
Chr4,1386000,1387000,139,3.02117833825927,3.60300786462377e-27,45S rDNA
Chr4,1387000,1388000,221,4.23474685313018,4.59440805003277e-66,45S rDNA
Chr4,1388000,1389000,190,4.82414382832733,2.8380779279215e-65,45S rDNA
Chr4,1389000,1390000,464,11.7193860541564,1.11266055863211e-308,45S rDNA
Chr4,1390000,1391000,372,8.15406278225404,4.63803540513304e-198,45S rDNA
Chr4,1391000,1392000,360,7.46712689548386,1.0128200383811e-179,45S rDNA
Chr4,1392000,1393000,679,11.7081208273995,0,45S rDNA
Chr4,1393000,1394000,230,3.97294675076655,6.63101764117942e-64,45S rDNA
Chr4,1394000,1395000,142,3.0024480731196,1.74514307150113e-27,45S rDNA
Chr4,1395000,1396000,2191,47.3696019229379,0,45S rDNA
Chr4,1396000,1397000,150,3.21265529086254,5.51457113347947e-32,45S rDNA
Chr4,1397000,1398000,231,4.69390051360161,5.08721945454331e-77,45S rDNA
Chr4,1399000,1400000,538,13.0682673204397,0,45S rDNA
Chr4,1400000,1401000,632,16.0141304049322,0,45S rDNA
Chr4,1401000,1402000,263,6.8540897961831,4.02439313394527e-123,45S rDNA
Chr4,1402000,1403000,503,10.385354544879,1.11253771055258e-308,45S rDNA
Chr4,1403000,1404000,306,6.44827140423438,3.1391553378507e-136,45S rDNA
Chr4,1405000,1406000,1905,53.2734670635546,0,45S rDNA
Chr4,1406000,1407000,297,5.62322534102974,1.53238769036614e-117,45S rDNA
Chr4,1407000,1408000,239,5.2287477391831,1.35615478451192e-88,45S rDNA
Chr4,1410000,1411000,329,8.34650545017641,3.39773439390569e-178,45S rDNA
Chr4,1411000,1412000,283,6.43575364250472,7.47587149019245e-126,45S rDNA
Chr4,1412000,1413000,150,3.30639089802781,2.76610167978266e-33,45S rDNA
Chr4,1413000,1414000,579,11.0045986594164,0,45S rDNA
Chr4,1414000,1415000,250,4.60721611072822,1.05788127283481e-81,45S rDNA
Chr4,1415000,1416000,628,14.6791402748239,0,45S rDNA
Chr4,1416000,1417000,1428,29.9626276323779,0,45S rDNA
Chr4,1419000,1420000,149,3.79904398401197,1.61071357352373e-39,45S rDNA
Chr4,1420000,1421000,446,10.6171317620108,7.53082385653573e-283,45S rDNA
Chr4,1421000,1422000,250,5.66053972165754,1.16890317071303e-99,45S rDNA
Chr4,1422000,1423000,244,5.31808615814517,6.94759594329202e-92,45S rDNA
Chr4,1423000,1424000,654,12.3871416882339,0,45S rDNA
Chr4,1424000,1425000,238,4.84597697354579,6.21752095604641e-82,45S rDNA
Chr4,1426000,1427000,2126,41.9339296383736,0,45S rDNA
Chr4,1427000,1428000,182,3.45765404586793,1.0176425851182e-42,45S rDNA
Chr4,1428000,1429000,232,5.44160937017579,2.75076938090489e-89,45S rDNA
Chr4,1430000,1431000,389,10.5184448801462,2.18810898546344e-245,45S rDNA
Chr4,1431000,1432000,608,14.0096445964614,0,45S rDNA
Chr4,1432000,1433000,651,15.3061047255438,0,45S rDNA
Chr4,1433000,1434000,442,8.63646986560688,7.10853295861998e-245,45S rDNA
Chr4,1434000,1435000,389,8.25072209901496,8.06572880149832e-209,45S rDNA
Chr4,1435000,1436000,182,3.14421696814569,1.7398081948647e-37,45S rDNA
Chr4,1436000,1437000,1678,35.2081856912676,0,45S rDNA
Chr4,1437000,1438000,358,8.27720347123907,1.10327770491859e-192,45S rDNA
Chr4,1438000,1439000,178,4.41230117747217,8.390919047112e-56,45S rDNA
Chr4,1439000,1440000,171,3.2591904681764,4.2311200881511e-37,45S rDNA
Chr4,1440000,1441000,228,5.60177319796688,4.11967246503398e-90,45S rDNA
Chr4,1441000,1442000,289,6.83380015414206,6.84569385025358e-135,45S rDNA
Chr4,1442000,1443000,253,6.03707963355456,1.04772664179451e-106,45S rDNA
Chr4,1443000,1444000,137,3.30992213068907,1.65984319305324e-30,45S rDNA
Chr4,1444000,1445000,643,10.8807257194659,0,45S rDNA
Chr4,1445000,1446000,226,3.05796465030292,1.62918112417245e-44,45S rDNA
Chr4,1446000,1447000,604,15.823343261038,0,45S rDNA
Chr4,1447000,1448000,4512,82.762497921722,0,45S rDNA
Chr4,1449000,1450000,203,4.18310943150055,6.34081303306045e-60,45S rDNA
Chr4,1451000,1452000,421,9.62872324174569,5.79166882948076e-251,45S rDNA
Chr4,1452000,1453000,264,6.40607475706371,5.16380730238431e-117,45S rDNA
Chr4,1453000,1454000,248,5.65909708567218,7.6049914629571e-99,45S rDNA
Chr4,1454000,1455000,634,13.0631449870962,0,45S rDNA
Chr4,1455000,1456000,236,4.87415945268869,1.00879811589673e-81,45S rDNA
Chr4,1457000,1458000,1994,39.0189351908821,0,45S rDNA
Chr4,1461000,1462000,263,6.39304490217079,2.2358225935706e-116,45S rDNA
Chr4,1462000,1463000,347,8.36535410919714,3.41446139996544e-188,45S rDNA
Chr4,1463000,1464000,241,5.07080131361174,9.61538325324822e-87,45S rDNA
Chr4,1464000,1465000,339,7.31617177263224,1.08347436813816e-166,45S rDNA
Chr4,1465000,1466000,372,6.66116295529871,7.26231410896584e-170,45S rDNA
Chr4,1466000,1467000,202,3.11898794638809,4.84549015337771e-41,45S rDNA
Chr4,1467000,1468000,1666,38.5079351321045,0,45S rDNA
Chr4,1468000,1469000,283,5.71544004759309,1.10336714010566e-113,45S rDNA
Chr4,1471000,1472000,134,3.34418646588485,2.83739092179079e-30,45S rDNA
Chr4,1473000,1474000,157,3.72855386873863,1.15429846035811e-40,45S rDNA
Chr4,1474000,1475000,145,3.18495644159961,1.44092728094092e-30,45S rDNA
Chr4,1475000,1476000,637,10.5391226952396,0,45S rDNA
Chr4,1476000,1477000,216,3.85604576906025,5.57871526024488e-58,45S rDNA
Chr4,1477000,1478000,198,4.17241090862224,2.66603524105823e-58,45S rDNA
Chr4,1478000,1479000,1784,39.6470347420816,0,45S rDNA
Chr4,1480000,1481000,243,5.32178290617152,1.43123100713966e-91,45S rDNA
Chr4,1482000,1483000,461,10.5063586603272,1.95489812207698e-290,45S rDNA
Chr4,1483000,1484000,241,6.40030171771781,8.25593320011254e-107,45S rDNA
Chr4,1484000,1485000,257,6.03718462904372,2.21195113633199e-108,45S rDNA
Chr4,1485000,1486000,591,11.6187326170246,0,45S rDNA
Chr4,1486000,1487000,239,3.64197522920266,1.00420960833286e-59,45S rDNA
Chr4,1488000,1489000,1825,40.4706018163426,0,45S rDNA
Chr4,1490000,1491000,213,4.61304839577016,8.03967672163173e-70,45S rDNA
Chr4,1492000,1493000,223,5.10579129222956,7.39889955062617e-81,45S rDNA
Chr4,1493000,1494000,180,4.54230218662698,3.50141054905742e-58,45S rDNA
Chr4,1495000,1496000,639,13.4981860312844,0,45S rDNA
Chr4,1496000,1497000,348,10.4940932623442,2.68124042877195e-219,45S rDNA
Chr4,1497000,1498000,260,4.09684875901396,9.66346175334544e-75,45S rDNA
Chr4,1498000,1499000,3894,67.590295370342,0,45S rDNA
Chr4,1499000,1500000,849,17.5799215571568,0,45S rDNA
Chr4,1500000,1501000,217,4.86711037934144,4.23252346709282e-75,45S rDNA
Chr4,1502000,1503000,115,3.128155763681,9.04343351503558e-24,45S rDNA
Chr4,1506000,1507000,752,21.9255633283972,0,45S rDNA
Chr4,1507000,1508000,205,4.49178106812901,2.22693472621414e-65,45S rDNA
Chr4,1508000,1509000,836,14.1281261115087,0,45S rDNA
Chr4,1509000,1510000,4079,78.5139727952608,0,45S rDNA
Chr4,1511000,1512000,145,3.39107359230882,2.56920221232425e-33,45S rDNA
Chr4,1512000,1513000,155,3.5456244487792,1.06134980961949e-37,45S rDNA
Chr4,1513000,1514000,229,5.24376654151993,3.77018916099839e-85,45S rDNA
Chr4,1516000,1517000,742,15.6261358970897,0,45S rDNA
Chr4,1517000,1518000,143,3.89323200505997,4.39984393441143e-39,45S rDNA
Chr4,1518000,1519000,271,4.44783846247608,2.84636880290525e-85,45S rDNA
Chr4,1519000,1520000,4873,110.579109586934,0,45S rDNA
Chr4,1521000,1522000,142,3.7522179872412,3.90230853320333e-37,45S rDNA
Chr4,1522000,1523000,162,3.33893230636172,2.26521866351665e-36,45S rDNA
Chr4,1523000,1524000,280,6.59372478799783,5.07749301765918e-127,45S rDNA
Chr4,1524000,1525000,325,6.82458987671122,1.98412234401824e-151,45S rDNA
Chr4,1525000,1526000,191,3.9350219763557,1.31179280197664e-52,45S rDNA
Chr4,1526000,1527000,464,9.5564748272487,3.7749815043518e-275,45S rDNA
Chr4,1527000,1528000,383,7.35196836658983,6.54306598877028e-189,45S rDNA
Chr4,1528000,1529000,208,3.73086140089786,1.14552440978578e-53,45S rDNA
Chr4,1529000,1530000,1598,42.1006377501228,0,45S rDNA
Chr4,1530000,1531000,504,9.26171851055985,1.13634624456289e-292,45S rDNA
Chr4,1533000,1534000,200,5.40794081241448,1.22382938972866e-76,45S rDNA
Chr4,1534000,1535000,282,6.37931697434064,1.6789802202003e-124,45S rDNA
Chr4,1535000,1536000,199,4.57854298755861,8.91809387335851e-65,45S rDNA
Chr4,1537000,1538000,593,8.9236145176805,0,45S rDNA
Chr4,1538000,1539000,190,3.07990559785927,6.073229006838e-38,45S rDNA
Chr4,1539000,1540000,512,9.74413309228566,2.14901633216677e-307,45S rDNA
Chr4,1540000,1541000,4661,90.9583172754749,0,45S rDNA
Chr4,1542000,1543000,143,3.3679055995775,1.44325671722505e-32,45S rDNA
Chr4,1543000,1544000,188,3.92511942315255,1.21542493418682e-51,45S rDNA
Chr4,1544000,1545000,329,7.35609199911404,1.79521272330586e-162,45S rDNA
Chr4,1545000,1546000,201,4.29393328111747,4.38133174492435e-61,45S rDNA
Chr4,1546000,1547000,140,3.22497706162487,4.62726111370306e-30,45S rDNA
Chr4,1547000,1548000,577,10.1370309368796,0,45S rDNA
Chr4,1548000,1549000,266,5.3688601392182,5.48783855625266e-101,45S rDNA
Chr4,1550000,1551000,1895,45.2157476931329,0,45S rDNA
Chr4,1551000,1552000,175,3.27616837041586,3.17595489235083e-38,45S rDNA
Chr4,1554000,1555000,360,9.54478993447361,1.67013343711939e-213,45S rDNA
Chr4,1555000,1556000,504,11.3175696610728,0,45S rDNA
Chr4,1556000,1557000,531,11.9951757938432,0,45S rDNA
Chr4,1557000,1558000,525,8.80469391913563,1.40167610352241e-294,45S rDNA
Chr4,1558000,1559000,420,5.57850639738242,1.15900322944739e-164,45S rDNA
Chr4,1559000,1560000,468,9.10628063308128,9.07364693800103e-269,45S rDNA
Chr4,1560000,1561000,1678,32.2382710784732,0,45S rDNA
Chr4,1564000,1565000,438,10.7192057169495,1.93532582024643e-279,45S rDNA
Chr4,1565000,1566000,258,5.76410087823911,1.69531072044917e-104,45S rDNA
Chr4,1566000,1567000,251,6.46228063114347,4.28270856736307e-112,45S rDNA
Chr4,1567000,1568000,671,8.28566712610355,0,45S rDNA
Chr4,1569000,1570000,1938,48.4323325029187,0,45S rDNA
Chr4,1570000,1571000,355,6.67120654722226,2.41871031209434e-162,45S rDNA
Chr4,1571000,1572000,235,5.9045510398798,2.74935290108551e-97,45S rDNA
Chr4,1573000,1574000,232,5.94063525984978,1.44823502813996e-96,45S rDNA
Chr4,1574000,1575000,288,6.40503966187161,1.47826728032474e-127,45S rDNA
Chr4,1575000,1576000,202,4.05259021072933,1.57449519767086e-57,45S rDNA
Chr4,1577000,1578000,673,10.2734216586556,0,45S rDNA
Chr4,1579000,1580000,1948,44.878416037933,0,45S rDNA
Chr4,1583000,1584000,163,4.04900067333212,1.59838326323869e-46,45S rDNA
Chr4,1585000,1586000,146,3.12798838416558,5.43422340450233e-30,45S rDNA
Chr4,1586000,1587000,597,11.5590498470719,0,45S rDNA
Chr4,1587000,1588000,314,6.12942845426418,5.84451379608172e-134,45S rDNA
Chr4,1589000,1590000,1876,40.8815602057903,0,45S rDNA
Chr4,1591000,1592000,203,5.0416821339466,8.78072501071171e-73,45S rDNA
Chr4,1593000,1594000,260,6.9431121658866,5.68020441932484e-123,45S rDNA
Chr4,1594000,1595000,298,6.8764622781148,9.35757410676571e-140,45S rDNA
Chr4,1595000,1596000,204,4.8147599941785,6.87531121110246e-70,45S rDNA
Chr4,1597000,1598000,580,9.70919703564854,0,45S rDNA
Chr4,1598000,1599000,271,3.94178535057274,1.84570456887794e-74,45S rDNA
Chr4,1599000,1600000,867,26.5182349729022,0,45S rDNA
Chr4,1600000,1601000,479,11.0582037697653,1.11361122826217e-308,45S rDNA
Chr4,1602000,1603000,155,3.47475563246353,9.94675790451562e-37,45S rDNA
Chr4,1603000,1604000,152,3.69394261581558,6.07537963751123e-39,45S rDNA
Chr4,1604000,1605000,168,3.61286113873979,8.67452150393492e-42,45S rDNA
Chr4,1607000,1608000,779,18.6507215682947,0,45S rDNA
Chr4,1610000,1611000,4841,101.788345463079,0,45S rDNA
Chr4,1614000,1615000,208,5.45373708678167,2.70709431796862e-80,45S rDNA
Chr4,1615000,1616000,164,3.72236527357812,2.33834437964673e-42,45S rDNA
Chr4,1617000,1618000,550,10.635669166577,0,45S rDNA
Chr4,1618000,1619000,351,5.94005841718766,1.16892774522868e-145,45S rDNA
Chr4,1620000,1621000,890,27.1140154149387,0,45S rDNA
Chr4,1621000,1622000,403,7.73217628605686,2.23696753980574e-206,45S rDNA
Chr4,1622000,1623000,324,7.11985488345197,4.6041120094537e-156,45S rDNA
Chr4,1623000,1624000,208,4.36636358667521,2.40817745108236e-64,45S rDNA
Chr4,1624000,1625000,395,10.0431518549474,5.23877991684909e-242,45S rDNA
Chr4,1625000,1626000,428,10.4463813079854,9.52477260183113e-269,45S rDNA
Chr4,1626000,1627000,445,9.31317961003919,1.81721680151391e-259,45S rDNA
Chr4,1627000,1628000,220,5.46490888425194,4.83949823102338e-85,45S rDNA
Chr4,1628000,1629000,685,18.2050111084263,0,45S rDNA
Chr4,1629000,1630000,285,3.32145188052167,6.05980849994873e-63,45S rDNA
Chr4,1630000,1631000,747,16.9895905424665,0,45S rDNA
Chr4,1631000,1632000,3847,76.5811846737965,0,45S rDNA
Chr4,1633000,1634000,151,3.28806801176998,3.01127489118324e-33,45S rDNA
Chr4,1634000,1635000,208,4.29631256395372,3.19694446599187e-63,45S rDNA
Chr4,1635000,1636000,345,9.07676973021571,6.32726491881952e-198,45S rDNA
Chr4,1636000,1637000,155,3.52128285681878,2.28173994189813e-37,45S rDNA
Chr4,1638000,1639000,706,14.6090532326783,0,45S rDNA
Chr4,1641000,1642000,5162,128.882280144137,0,45S rDNA
Chr4,1642000,1643000,255,5.23336771535355,1.49965535463922e-94,45S rDNA
Chr4,1643000,1644000,341,8.20145019060237,2.21013283905676e-182,45S rDNA
Chr4,1645000,1646000,149,3.41168792388197,1.71048449516822e-34,45S rDNA
Chr4,1646000,1647000,188,4.47431884790892,8.92182981765629e-60,45S rDNA
Chr4,1648000,1649000,442,10.1811275663589,4.68800289349084e-273,45S rDNA
Chr4,1649000,1650000,386,9.62665337726259,3.83655113518113e-230,45S rDNA
Chr4,1651000,1652000,839,22.079454733699,0,45S rDNA
Chr4,1652000,1653000,391,8.02820058769841,8.03595504045889e-206,45S rDNA
Chr4,1654000,1655000,186,4.78847376208559,1.92969925067038e-63,45S rDNA
Chr4,1655000,1656000,132,3.35427554630667,5.92890435892788e-30,45S rDNA
Chr4,1659000,1660000,827,17.8643750820142,0,45S rDNA
Chr4,1661000,1662000,179,3.32354764003984,7.36527572381998e-40,45S rDNA
Chr4,1662000,1663000,3882,72.3837238684006,0,45S rDNA
Chr4,1667000,1668000,175,4.52360807659486,2.41204571061108e-56,45S rDNA
Chr4,1668000,1669000,544,12.9200867273643,0,45S rDNA
Chr4,1669000,1670000,735,19.1661930476788,0,45S rDNA
Chr4,1670000,1671000,189,3.50791935451587,3.54119697739335e-45,45S rDNA
Chr4,1672000,1673000,4516,111.515521608651,0,45S rDNA
Chr4,1673000,1674000,319,6.1070454765777,1.17700671509027e-135,45S rDNA
Chr4,1676000,1677000,172,4.46798217809789,1.13296849392855e-54,45S rDNA
Chr4,1677000,1678000,120,3.20173735790899,1.32131456220923e-25,45S rDNA
Chr4,1679000,1680000,171,3.66733119204337,2.51087201337787e-43,45S rDNA
Chr4,1680000,1681000,669,19.2324981587831,0,45S rDNA
Chr4,1681000,1682000,207,4.02250012688628,1.9800634160496e-58,45S rDNA
Chr4,1682000,1683000,1852,50.0842964146402,0,45S rDNA
Chr4,1683000,1684000,2428,45.6380039836558,0,45S rDNA
Chr4,1685000,1686000,137,3.58086947398068,7.88727450142929e-34,45S rDNA
Chr4,1686000,1687000,133,3.21522210474584,1.79523321959151e-28,45S rDNA
Chr4,1688000,1689000,127,4.92315810769662,9.03029441674861e-45,45S rDNA
Chr4,1690000,1691000,555,17.6116805715564,0,45S rDNA
Chr4,1691000,1692000,168,4.39831708789043,1.56882807349853e-52,45S rDNA
Chr4,1692000,1693000,184,3.66320229446176,1.6940740439655e-46,45S rDNA
Chr4,1693000,1694000,3499,61.131572484132,0,45S rDNA
Chr4,1694000,1695000,321,6.56970272020675,4.5742908176407e-145,45S rDNA
Chr4,1695000,1696000,306,8.42723742704845,6.35165454346162e-167,45S rDNA
Chr4,1696000,1697000,158,4.6730552640482,1.09398488449246e-52,45S rDNA
Chr4,1698000,1699000,182,7.1556870257966,2.31825898540674e-88,45S rDNA
Chr4,1699000,1700000,95,3.01843946090787,9.42039344116181e-19,45S rDNA
Chr4,1700000,1701000,377,12.0175371811313,1.08035464977558e-257,45S rDNA
Chr4,1701000,1702000,107,5.96370007508004,4.32035242090132e-45,45S rDNA
Chr4,1702000,1703000,618,8.93158756651225,0,45S rDNA
Chr4,1703000,1704000,5035,129.70686653652,0,45S rDNA
Chr4,1704000,1705000,131,3.66368064855787,2.54405852477862e-33,45S rDNA
Chr4,1706000,1707000,83,3.26170643177416,2.26389015567989e-18,45S rDNA
Chr4,1712000,1713000,94,18.7626969833548,9.22210525055693e-82,45S rDNA
Chr4,1721000,1722000,73,6.36669297665765,1.03283960744057e-32,45S rDNA
Chr4,1722000,1723000,48,6.86651983281746,4.69791002137494e-23,45S rDNA
Chr4,1725000,1726000,148,9.8634791589835,3.87250833197019e-90,45S rDNA
Chr4,1728000,1729000,206,5.47442829871511,8.32088490115507e-80,45S rDNA
Chr4,1729000,1730000,558,18.966502314529,0,45S rDNA
Chr4,1731000,1732000,145,4.09410979295673,5.40509516102558e-42,45S rDNA
Chr4,1732000,1733000,412,20.5693793458206,0,45S rDNA
Chr4,1733000,1734000,1044,27.4148551293428,0,45S rDNA
Chr4,1734000,1735000,234,3.66037119325598,7.29203023195e-59,45S rDNA
Chr4,1735000,1736000,6634,181.167625360882,0,45S rDNA
Chr4,1736000,1737000,680,16.6366050147131,0,45S rDNA
Chr4,1737000,1738000,347,14.2036563483598,1.75252036091155e-260,45S rDNA
Chr4,1738000,1739000,108,4.23541873429247,1.14261192669031e-32,45S rDNA
Chr4,1740000,1741000,220,16.0394876739361,2.78951314444286e-176,45S rDNA
Chr4,1741000,1742000,76,4.81269955228353,1.80677730384578e-26,45S rDNA
Chr4,1742000,1743000,158,6.23227486599198,9.31216777017506e-69,45S rDNA
Chr4,1743000,1744000,193,7.86384043817802,1.67558768736826e-100,45S rDNA
Chr4,1745000,1746000,806,20.0463118098914,0,45S rDNA
Chr4,1746000,1747000,508,12.3740844614669,0,45S rDNA
Chr4,1747000,1748000,105,5.09852212756156,2.04883458712261e-38,45S rDNA
Chr4,1748000,1749000,123,5.40255422810374,2.21681194851014e-47,45S rDNA
Chr4,1749000,1750000,297,8.05254398104665,6.8062444954387e-157,45S rDNA
Chr4,1750000,1751000,153,5.78214275374504,1.85515397053516e-62,45S rDNA
Chr4,1751000,1752000,397,15.2597065649624,1.21642697356476e-308,45S rDNA
Chr4,1752000,1753000,328,8.85347792789424,4.56836729197617e-185,45S rDNA
Chr4,1753000,1754000,525,14.1929692336347,0,45S rDNA
Chr4,1754000,1755000,112,4.59809710121304,6.06118111952253e-37,45S rDNA
Chr4,1755000,1756000,728,16.3806724744507,0,45S rDNA
Chr4,1756000,1757000,990,26.0686504257304,0,45S rDNA
Chr4,1757000,1758000,391,8.49934525845313,2.52526896179907e-214,45S rDNA
Chr4,1760000,1761000,109,4.23687304289655,5.61851221933164e-33,45S rDNA
Chr4,1761000,1762000,287,6.75261077298068,1.07498058079008e-132,45S rDNA
Chr4,1762000,1763000,212,4.72479320957629,3.15487297931626e-71,45S rDNA
Chr4,1763000,1764000,549,12.7071947410481,0,45S rDNA
Chr4,1764000,1765000,327,10.8639302725383,1.4374806732681e-210,45S rDNA
Chr4,1765000,1766000,279,5.21193891166259,5.69914694011016e-103,45S rDNA
Chr4,1766000,1767000,977,36.1113862441513,0,45S rDNA
Chr4,1767000,1768000,713,14.5530920944376,0,45S rDNA
Chr4,1768000,1769000,322,8.74279975289049,3.83645091118891e-180,45S rDNA
Chr4,1770000,1771000,137,3.92216069440226,8.41257066265187e-38,45S rDNA
Chr4,1771000,1772000,490,14.132242994891,0,45S rDNA
Chr4,1772000,1773000,474,10.7342043150305,1.34169879349618e-302,45S rDNA
Chr4,1774000,1775000,725,15.9343975666701,0,45S rDNA
Chr4,1775000,1776000,307,7.79826231615864,2.05587924865695e-158,45S rDNA
Chr4,1776000,1777000,261,4.03823284335001,8.54371864439058e-74,45S rDNA
Chr4,1777000,1778000,4456,95.035684809801,0,45S rDNA
Chr4,1778000,1779000,307,6.70762899102961,3.97335467321749e-141,45S rDNA
Chr4,1779000,1780000,921,26.2508561125303,0,45S rDNA
Chr4,1783000,1784000,453,10.8736277082477,1.57013119903428e-291,45S rDNA
Chr4,1784000,1785000,329,9.58127103935808,1.11925089962792e-195,45S rDNA
Chr4,1785000,1786000,184,8.06947694920207,1.18191261159874e-97,45S rDNA
Chr4,1787000,1788000,5169,93.2375869103427,0,45S rDNA
Chr4,1788000,1789000,1170,21.3417432995703,0,45S rDNA
Chr4,1789000,1790000,431,9.65071564538382,2.7466413543146e-257,45S rDNA
Chr4,1790000,1791000,289,6.02597187991916,1.3987531098377e-121,45S rDNA
Chr4,1791000,1792000,489,14.4713618300311,0,45S rDNA
Chr4,1792000,1793000,598,15.6938818100019,0,45S rDNA
Chr4,1795000,1796000,751,16.9362634328993,0,45S rDNA
Chr4,1797000,1798000,2704,29.427382248292,0,45S rDNA
Chr4,1798000,1799000,6038,102.498790695788,0,45S rDNA
Chr4,1799000,1800000,218,4.98817409164836,2.70871932078798e-77,45S rDNA
Chr4,1800000,1801000,397,8.00525574292258,1.553274636729e-208,45S rDNA
Chr4,1801000,1802000,292,6.59138289679451,2.17179138823505e-132,45S rDNA
Chr4,1802000,1803000,608,15.8163717614807,0,45S rDNA
Chr4,1803000,1804000,467,11.5140787518347,1.11478367700177e-308,45S rDNA
Chr4,1805000,1806000,809,17.4774352886962,0,45S rDNA
Chr4,1806000,1807000,170,3.98668556973753,1.2550201807358e-47,45S rDNA
Chr4,1807000,1808000,221,3.2976548499295,1.65701918936665e-48,45S rDNA
Chr4,1808000,1809000,6626,125.869460648033,0,45S rDNA
Chr4,1809000,1810000,339,5.93722924055839,1.19213890177853e-140,45S rDNA
Chr4,1810000,1811000,436,9.6042315486334,1.92334071121974e-259,45S rDNA
Chr4,1811000,1812000,218,3.99780426993472,4.68718235965122e-61,45S rDNA
Chr4,1812000,1813000,479,12.8204201993857,0,45S rDNA
Chr4,1813000,1814000,730,20.4444900719279,0,45S rDNA
Chr4,1815000,1816000,543,12.2801094718376,0,45S rDNA
Chr4,1816000,1817000,462,10.5100062065246,3.98465867262138e-291,45S rDNA
Chr4,1817000,1818000,308,4.72978495157474,3.15542801434277e-103,45S rDNA
Chr4,1818000,1819000,4691,77.1120318577358,0,45S rDNA
Chr4,1819000,1820000,2010,36.7477245276402,0,45S rDNA
Chr4,1820000,1821000,216,4.17611060136419,1.36642045297979e-63,45S rDNA
Chr4,1821000,1822000,398,7.47365601580288,1.00027417309624e-198,45S rDNA
Chr4,1822000,1823000,426,10.8176101903854,2.43016025151541e-273,45S rDNA
Chr4,1823000,1824000,618,14.8671974002777,0,45S rDNA
Chr4,1824000,1825000,175,4.5830786255775,4.05980427703768e-57,45S rDNA
Chr4,1826000,1827000,834,18.8112260074625,0,45S rDNA
Chr4,1828000,1829000,2071,33.3750525268723,0,45S rDNA
Chr4,1829000,1830000,5206,109.262129150465,0,45S rDNA
Chr4,1830000,1831000,184,3.73677848175162,1.17620494213584e-47,45S rDNA
Chr4,1831000,1832000,340,7.18023939005259,8.50287113751381e-165,45S rDNA
Chr4,1833000,1834000,199,4.6258568134968,1.79980583564052e-65,45S rDNA
Chr4,1834000,1835000,142,3.14250589513435,2.20019193446902e-29,45S rDNA
Chr4,1836000,1837000,645,13.3675227665374,0,45S rDNA
Chr4,1837000,1838000,234,6.25171958589266,1.00833568093292e-101,45S rDNA
Chr4,1839000,1840000,4725,94.4019063856229,0,45S rDNA
Chr4,1840000,1841000,895,16.6385701684138,0,45S rDNA
Chr4,1841000,1842000,323,7.8735219708771,8.54317721934399e-168,45S rDNA
Chr4,1842000,1843000,167,3.14241541446708,1.9835894775572e-34,45S rDNA
Chr4,1843000,1844000,224,5.66263539720068,2.08006807762175e-89,45S rDNA
Chr4,1844000,1845000,173,3.95060346931402,6.05806078893759e-48,45S rDNA
Chr4,1847000,1848000,780,15.6989580499603,0,45S rDNA
Chr4,1848000,1849000,212,3.72697729202879,1.2956076404638e-54,45S rDNA
Chr4,1849000,1850000,1124,22.5274815313001,0,45S rDNA
Chr4,1850000,1851000,4704,88.4064831345456,0,45S rDNA
Chr4,1851000,1852000,202,4.13864787523594,6.38254017973009e-59,45S rDNA
Chr4,1852000,1853000,355,6.9541779795335,8.48505066130291e-168,45S rDNA
Chr4,1853000,1854000,183,3.83572845147169,6.26840382781815e-49,45S rDNA
Chr4,1854000,1855000,263,6.52252930495864,2.60106540382889e-118,45S rDNA
Chr4,1855000,1856000,122,3.33852381121121,1.46312783485017e-27,45S rDNA
Chr4,1857000,1858000,833,17.9041537466704,0,45S rDNA
Chr4,1858000,1859000,161,3.8206029738599,6.19485803859331e-43,45S rDNA
Chr4,1860000,1861000,5631,117.36983724502,0,45S rDNA
Chr4,1861000,1862000,281,5.56529190819994,3.24328635488835e-110,45S rDNA
Chr4,1862000,1863000,377,8.3732130315171,1.59152147304816e-204,45S rDNA
Chr4,1864000,1865000,224,5.50045885295361,4.33505154480814e-87,45S rDNA
Chr4,1865000,1866000,231,5.75242923194974,1.77115141854898e-93,45S rDNA
Chr4,1867000,1868000,483,11.3835482920604,1.1125369292616e-308,45S rDNA
Chr4,1868000,1869000,451,11.4691759876645,9.53151540804937e-300,45S rDNA
Chr4,1870000,1871000,3668,66.9713471806331,0,45S rDNA
Chr4,1871000,1872000,1419,25.0959888546337,0,45S rDNA
Chr4,1873000,1874000,208,4.35631441846652,3.48294428670148e-64,45S rDNA
Chr4,1874000,1875000,198,4.43202033065358,2.79221945874781e-62,45S rDNA
Chr4,1875000,1876000,237,5.57783655128589,2.8258328507563e-93,45S rDNA
Chr4,1876000,1877000,145,3.31327803309475,2.72854289525767e-32,45S rDNA
Chr4,1878000,1879000,821,17.5971111232648,0,45S rDNA
Chr4,1879000,1880000,223,4.30541868549643,6.99133197401648e-68,45S rDNA
Chr4,1880000,1881000,261,3.46560861392986,4.1573658187128e-61,45S rDNA
Chr4,1881000,1882000,6033,122.789455418736,0,45S rDNA
Chr4,1882000,1883000,173,3.20189891979995,1.32324412616401e-36,45S rDNA
Chr4,1883000,1884000,375,6.83563127818847,8.2320417229281e-175,45S rDNA
Chr4,1884000,1885000,162,3.53086048204721,3.69325087800637e-39,45S rDNA
Chr4,1885000,1886000,277,6.97998053851942,1.68059765187951e-131,45S rDNA
Chr4,1886000,1887000,242,5.60588677673027,1.16837675996838e-95,45S rDNA
Chr4,1887000,1888000,143,3.45529920333215,1.0816883081988e-33,45S rDNA
Chr4,1888000,1889000,566,12.2402716050317,0,45S rDNA
Chr4,1889000,1890000,399,10.9343077929448,9.31078558053496e-258,45S rDNA
Chr4,1890000,1891000,216,3.29940298913716,1.83851193959663e-47,45S rDNA
Chr4,1891000,1892000,5852,97.4531626900614,0,45S rDNA
Chr4,1892000,1893000,1562,30.1572376087239,0,45S rDNA
Chr4,1893000,1894000,364,7.29026777418093,1.94884096674727e-178,45S rDNA
Chr4,1894000,1895000,275,5.44134625823143,1.11193847652158e-105,45S rDNA
Chr4,1895000,1896000,491,11.1016055924007,1.1125369292567e-308,45S rDNA
Chr4,1896000,1897000,596,16.2440097270231,0,45S rDNA
Chr4,1897000,1898000,197,4.94140047215311,2.77850428970508e-69,45S rDNA
Chr4,1899000,1900000,856,18.0592112711418,0,45S rDNA
Chr4,1900000,1901000,226,4.28807704742283,1.76069487446475e-68,45S rDNA
Chr4,1901000,1902000,672,8.51653624640074,0,45S rDNA
Chr4,1902000,1903000,4575,92.5643261855277,0,45S rDNA
Chr4,1903000,1904000,146,3.12064137680406,6.86488205857385e-30,45S rDNA
Chr4,1904000,1905000,196,4.22772029301454,1.42385290860594e-58,45S rDNA
Chr4,1906000,1907000,224,5.09720857332699,4.38371646298166e-81,45S rDNA
Chr4,1909000,1910000,783,16.4584116362625,0,45S rDNA
Chr4,1911000,1912000,237,3.63613047923315,4.11785178599792e-59,45S rDNA
Chr4,1912000,1913000,5322,82.5757481481716,0,45S rDNA
Chr4,1913000,1914000,307,5.56443840883657,2.54724618452235e-120,45S rDNA
Chr4,1914000,1915000,380,8.67218559962632,2.99407819798089e-211,45S rDNA
Chr4,1915000,1916000,151,3.20833083578808,3.92675004818117e-32,45S rDNA
Chr4,1916000,1917000,203,4.96985627413556,9.00441557735605e-72,45S rDNA
Chr4,1917000,1918000,201,4.7114618597345,2.22988369616949e-67,45S rDNA
Chr4,1919000,1920000,286,6.20646719401843,2.16972530085936e-123,45S rDNA
Chr4,1920000,1921000,558,14.5810479191511,0,45S rDNA
Chr4,1921000,1922000,231,4.78793403150015,1.36975079366052e-78,45S rDNA
Chr4,1922000,1923000,3519,77.2320465329073,0,45S rDNA
Chr4,1923000,1924000,2910,54.8085732563102,0,45S rDNA
Chr4,1924000,1925000,190,3.91986542522269,4.22745991530769e-52,45S rDNA
Chr4,1925000,1926000,338,6.33064510056576,4.11997261389892e-148,45S rDNA
Chr4,1926000,1927000,213,5.64359705803327,8.46163204437408e-85,45S rDNA
Chr4,1927000,1928000,289,6.56958885035129,1.09493007395928e-130,45S rDNA
Chr4,1928000,1929000,154,3.52657743286702,3.33270535939415e-37,45S rDNA
Chr4,1929000,1930000,126,3.18041329866023,1.33799310353561e-26,45S rDNA
Chr4,1930000,1931000,840,17.4558494763847,0,45S rDNA
Chr4,1931000,1932000,204,4.48016692086651,6.93474094291178e-65,45S rDNA
Chr4,1933000,1934000,6196,134.175381195578,0,45S rDNA
Chr4,1934000,1935000,207,3.87288515090378,6.9001901968399e-56,45S rDNA
Chr4,1935000,1936000,381,8.57911935008407,3.15434013699021e-210,45S rDNA
Chr4,1936000,1937000,173,3.36850229677845,2.95576667295473e-39,45S rDNA
Chr4,1937000,1938000,267,5.22700099640942,7.59264062764422e-99,45S rDNA
Chr4,1938000,1939000,270,6.74585443609231,8.73074139750865e-125,45S rDNA
Chr4,1939000,1940000,149,3.63803809530606,1.79979170291213e-37,45S rDNA
Chr4,1940000,1941000,555,11.0873714240332,0,45S rDNA
Chr4,1941000,1942000,403,10.3100624186136,5.04701891179297e-251,45S rDNA
Chr4,1943000,1944000,4631,65.8079510141484,0,45S rDNA
Chr4,1944000,1945000,1623,32.1392478224602,0,45S rDNA
Chr4,1945000,1946000,213,4.75926555474324,4.33608483308981e-72,45S rDNA
Chr4,1946000,1947000,291,5.36304639075715,2.73404795991997e-110,45S rDNA
Chr4,1947000,1948000,208,4.91380134829447,1.05522285520534e-72,45S rDNA
Chr4,1948000,1949000,235,5.11135452069773,2.95598282884065e-85,45S rDNA
Chr4,1949000,1950000,149,3.24469389921815,3.20993001214157e-32,45S rDNA
Chr4,1951000,1952000,817,16.5811757890772,0,45S rDNA
Chr4,1952000,1953000,272,4.57201087562729,4.08995139749631e-88,45S rDNA
Chr4,1953000,1954000,241,3.46601591171407,1.69982142492631e-56,45S rDNA
Chr4,1954000,1955000,205,3.15824575756019,2.12953089878605e-42,45S rDNA
Chr4,1956000,1957000,5113,88.8994456433941,0,45S rDNA
Chr4,1957000,1958000,150,3.12197685116307,1.04363559390017e-30,45S rDNA
Chr4,1958000,1959000,194,4.44562261338789,3.07311239842716e-61,45S rDNA
Chr4,1960000,1961000,577,13.4290323228565,0,45S rDNA
Chr4,1961000,1962000,517,13.5975325681394,0,45S rDNA
Chr4,1963000,1964000,547,10.0348645629015,0,45S rDNA
Chr4,1964000,1965000,383,6.82638362602704,2.4900339457078e-178,45S rDNA
Chr4,1966000,1967000,4343,74.1906353365469,0,45S rDNA
Chr4,1967000,1968000,1474,26.7856677972779,0,45S rDNA
Chr4,1968000,1969000,246,5.74776032484025,2.00950164531256e-99,45S rDNA
Chr4,1969000,1970000,266,5.42243393960955,6.39271964467178e-102,45S rDNA
Chr4,1970000,1971000,222,4.89912225423056,2.59139174915793e-77,45S rDNA
Chr4,1971000,1972000,216,5.21604550716195,5.86204901530623e-80,45S rDNA
Chr4,1974000,1975000,864,17.7137225917567,0,45S rDNA
Chr4,1975000,1976000,238,4.33617587408554,5.86494981895966e-73,45S rDNA
Chr4,1976000,1977000,403,6.00777344330469,9.41514934658833e-169,45S rDNA
Chr4,1977000,1978000,5253,104.28488695557,0,45S rDNA
Chr4,1978000,1979000,166,3.37122406505853,9.72135547832882e-38,45S rDNA
Chr4,1979000,1980000,341,6.99404480960702,6.08461456839506e-162,45S rDNA
Chr4,1981000,1982000,243,6.46241743315182,1.50482680967258e-108,45S rDNA
Chr4,1982000,1983000,138,3.3107096111241,9.83448133064556e-31,45S rDNA
Chr4,1984000,1985000,753,15.9678087663717,0,45S rDNA
Chr4,1985000,1986000,260,6.02041544155122,2.24543092265194e-109,45S rDNA
Chr4,1987000,1988000,5664,103.433727238102,0,45S rDNA
Chr4,1988000,1989000,405,6.66845936299132,5.11939396628443e-185,45S rDNA
Chr4,1989000,1990000,336,8.03774184994578,3.81334242930011e-177,45S rDNA
Chr4,1991000,1992000,234,5.2434115750055,5.48673699397378e-87,45S rDNA
Chr4,1992000,1993000,242,5.838269141157,3.54169691991536e-99,45S rDNA
Chr4,1994000,1995000,201,4.03758548577659,5.26603653507691e-57,45S rDNA
Chr4,1995000,1996000,691,15.1862956795684,0,45S rDNA
Chr4,1996000,1997000,204,3.82676988996197,2.64893929778149e-54,45S rDNA
Chr4,1997000,1998000,2288,34.8362692818721,0,45S rDNA
Chr4,1998000,1999000,3383,64.2614223356042,0,45S rDNA
Chr4,1999000,2000000,187,3.81142969506075,1.33318380330561e-49,45S rDNA
Chr4,2000000,2001000,338,6.17129644139967,5.69874392684266e-145,45S rDNA
Chr4,2001000,2002000,167,3.70641636297573,6.84645722893425e-43,45S rDNA
Chr4,2002000,2003000,229,4.7447607630022,3.32930966502751e-77,45S rDNA
Chr4,2005000,2006000,813,17.195520648233,0,45S rDNA
Chr4,2006000,2007000,188,4.59981303374394,1.55196548766364e-61,45S rDNA
Chr4,2008000,2009000,4852,96.4292403816284,0,45S rDNA
Chr4,2010000,2011000,113,3.04008902545737,2.02850787314262e-22,45S rDNA
Chr4,2012000,2013000,198,5.23438397429891,1.32095878794519e-73,45S rDNA
Chr4,2013000,2014000,194,4.4750756955713,1.13954140782493e-61,45S rDNA
Chr4,2015000,2016000,480,10.0351864098037,9.5680148150777e-294,45S rDNA
Chr4,2016000,2017000,436,10.7550589489594,9.66701944243768e-279,45S rDNA
Chr4,2017000,2018000,265,4.27678530850703,6.32667059055863e-80,45S rDNA
Chr4,2018000,2019000,3521,68.3417647400195,0,45S rDNA
Chr4,2019000,2020000,454,8.68945448083319,1.45716044973549e-252,45S rDNA
Chr4,2020000,2021000,200,4.16935427449542,7.82215504347546e-59,45S rDNA
Chr4,2021000,2022000,336,6.73621685782057,6.64421882325279e-155,45S rDNA
Chr4,2022000,2023000,209,5.46064750342539,9.04242311609224e-81,45S rDNA
Chr4,2023000,2024000,278,6.39836148156721,4.72580191370532e-123,45S rDNA
Chr4,2024000,2025000,172,3.8192922190107,8.48126866999984e-46,45S rDNA
Chr4,2026000,2027000,879,19.9645505294275,0,45S rDNA
Chr4,2027000,2028000,189,3.72496279951618,9.69419831301984e-49,45S rDNA
Chr4,2028000,2029000,364,4.69032095454158,8.43191821869499e-121,45S rDNA
Chr4,2029000,2030000,5042,102.02843554563,0,45S rDNA
Chr4,2030000,2031000,162,3.40876756086443,2.13591144046574e-37,45S rDNA
Chr4,2031000,2032000,359,7.71122867081537,1.42855800491676e-183,45S rDNA
Chr4,2033000,2034000,200,4.61986774836931,1.04332302584188e-65,45S rDNA
Chr4,2036000,2037000,594,12.5165739934846,0,45S rDNA
Chr4,2037000,2038000,223,6.19209973082597,3.35676306080874e-96,45S rDNA
Chr4,2039000,2040000,5034,74.4738009473261,0,45S rDNA
Chr4,2040000,2041000,757,12.7725667219095,0,45S rDNA
Chr4,2041000,2042000,307,7.07557755653074,3.30562597388869e-147,45S rDNA
Chr4,2043000,2044000,208,4.90743144494979,1.30756240758114e-72,45S rDNA
Chr4,2044000,2045000,199,5.01292127162519,5.7148681777322e-71,45S rDNA
Chr4,2047000,2048000,834,19.0179898675593,0,45S rDNA
Chr4,2048000,2049000,233,5.04156268554564,2.02352176206076e-83,45S rDNA
Chr4,2049000,2050000,1520,18.8221427364087,0,45S rDNA
Chr4,2050000,2051000,4284,90.1524396555423,0,45S rDNA
Chr4,2051000,2052000,171,3.94793711327047,2.31833630356041e-47,45S rDNA
Chr4,2052000,2053000,325,6.41198717758707,5.7677932507254e-144,45S rDNA
Chr4,2053000,2054000,178,4.21004790121731,5.11259263446091e-53,45S rDNA
Chr4,2054000,2055000,263,5.83252482019148,1.27516492378508e-107,45S rDNA
Chr4,2057000,2058000,800,16.2939696933178,0,45S rDNA
Chr4,2058000,2059000,159,3.7789651630816,7.46985706428388e-42,45S rDNA
Chr4,2059000,2060000,179,3.02516903838676,7.50414757164961e-35,45S rDNA
Chr4,2060000,2061000,5456,97.8721331647495,0,45S rDNA
Chr4,2061000,2062000,248,4.94572051809392,4.34503654522555e-87,45S rDNA
Chr4,2062000,2063000,366,8.12845089671793,1.92988477174676e-194,45S rDNA
Chr4,2064000,2065000,211,5.13307192815459,6.10428885144571e-77,45S rDNA
Chr4,2065000,2066000,205,4.74384830601569,3.48356394988259e-69,45S rDNA
Chr4,2067000,2068000,464,9.78085954812013,2.44949000119858e-279,45S rDNA
Chr4,2068000,2069000,462,10.5882101334234,1.79838243496498e-292,45S rDNA
Chr4,2069000,2070000,260,4.42604582353232,2.05410392810627e-81,45S rDNA
Chr4,2070000,2071000,3708,50.525703630469,0,45S rDNA
Chr4,2071000,2072000,1364,25.6589603520128,0,45S rDNA
Chr4,2073000,2074000,136,3.2115437328473,4.72079699452733e-29,45S rDNA
Chr4,2074000,2075000,199,4.48272200351519,2.3650642235058e-63,45S rDNA
Chr4,2075000,2076000,225,5.7706178576744,2.51569408442018e-91,45S rDNA
Chr4,2078000,2079000,811,17.6396107075994,0,45S rDNA
Chr4,2079000,2080000,224,4.77203948157817,5.61229148352824e-76,45S rDNA
Chr4,2080000,2081000,297,3.76019634200015,5.03956459741115e-77,45S rDNA
Chr4,2081000,2082000,5192,114.837167585708,0,45S rDNA
Chr4,2082000,2083000,175,3.09622593373931,2.81013665380415e-35,45S rDNA
Chr4,2083000,2084000,341,7.39360712477112,5.15412178434211e-169,45S rDNA
Chr4,2084000,2085000,140,3.27146491305302,1.15513609305906e-30,45S rDNA
Chr4,2085000,2086000,207,4.71438570698435,2.07164531233292e-69,45S rDNA
Chr4,2086000,2087000,175,4.30039825128602,2.26524309664134e-53,45S rDNA
Chr4,2088000,2089000,533,11.8643150334319,0,45S rDNA
Chr4,2089000,2090000,306,6.857920348811,3.53153950387424e-143,45S rDNA
Chr4,2090000,2091000,205,3.03999137954111,4.26210530752708e-40,45S rDNA
Chr4,2091000,2092000,5468,101.809287683022,0,45S rDNA
Chr4,2092000,2093000,1421,26.1152979090471,0,45S rDNA
Chr4,2093000,2094000,316,7.01528300783816,1.72069687726948e-150,45S rDNA
Chr4,2094000,2095000,199,3.81099979015125,9.9768840940569e-53,45S rDNA
Chr4,2095000,2096000,269,6.73052922921104,4.22800271856659e-124,45S rDNA
Chr4,2096000,2097000,233,5.48627565398542,2.41523651981387e-90,45S rDNA
Chr4,2097000,2098000,184,4.2727091890167,1.10876767085078e-55,45S rDNA
Chr4,2099000,2100000,882,19.3542101768252,0,45S rDNA
Chr4,2100000,2101000,382,7.46774261404873,1.16858419774851e-190,45S rDNA
Chr4,2102000,2103000,4479,59.5757644483102,0,45S rDNA
Chr4,2103000,2104000,1636,27.8951088941324,0,45S rDNA
Chr4,2104000,2105000,215,5.13552744833867,2.01919739381163e-78,45S rDNA
Chr4,2105000,2106000,303,6.08254252173889,1.87430791662424e-128,45S rDNA
Chr4,2106000,2107000,207,5.13497398640058,1.59120000726786e-75,45S rDNA
Chr4,2107000,2108000,211,5.07784775005989,3.8110926759298e-76,45S rDNA
Chr4,2110000,2111000,863,16.8766104165694,0,45S rDNA
Chr4,2111000,2112000,221,4.20596369803737,1.4502664623623e-65,45S rDNA
Chr4,2112000,2113000,438,5.43922478475984,9.54971596630732e-168,45S rDNA
Chr4,2113000,2114000,5728,101.997409741114,0,45S rDNA
Chr4,2114000,2115000,182,3.42016786364634,4.15474569674742e-42,45S rDNA
Chr4,2115000,2116000,342,7.34843824582235,1.01089456838684e-168,45S rDNA
Chr4,2116000,2117000,161,3.59156688271982,8.85251305363877e-40,45S rDNA
Chr4,2117000,2118000,253,6.84798190029376,2.17563953000797e-118,45S rDNA
Chr4,2118000,2119000,228,5.10667885032535,1.14778987445104e-82,45S rDNA
Chr4,2120000,2121000,725,15.355348049172,0,45S rDNA
Chr4,2121000,2122000,302,7.41443308607841,4.17095784766921e-150,45S rDNA
Chr4,2123000,2124000,5177,79.4728821737452,0,45S rDNA
Chr4,2124000,2125000,888,18.2365849475836,0,45S rDNA
Chr4,2125000,2126000,364,8.75462718293039,1.02863656866899e-203,45S rDNA
Chr4,2126000,2127000,155,3.13495026273835,6.74316460731898e-32,45S rDNA
Chr4,2127000,2128000,233,5.65418893915286,7.62236272824289e-93,45S rDNA
Chr4,2128000,2129000,182,4.16539106434482,1.49711919011943e-53,45S rDNA
Chr4,2129000,2130000,139,3.04248331861435,1.87049029876694e-27,45S rDNA
Chr4,2131000,2132000,790,17.3687190217122,0,45S rDNA
Chr4,2132000,2133000,310,3.74209287617914,6.96063580317637e-80,45S rDNA
Chr4,2133000,2134000,1981,38.342930375843,0,45S rDNA
Chr4,2134000,2135000,4509,83.2413368675373,0,45S rDNA
Chr4,2135000,2136000,173,3.78979544977306,1.24736636439308e-45,45S rDNA
Chr4,2136000,2137000,328,6.3855930170848,8.6232191941401e-145,45S rDNA
Chr4,2137000,2138000,201,4.05487663683922,2.75917415658018e-57,45S rDNA
Chr4,2138000,2139000,285,7.15993990833749,5.60982508870646e-138,45S rDNA
Chr4,2139000,2140000,151,4.01094564153021,1.09452906154227e-42,45S rDNA
Chr4,2141000,2142000,909,21.1363054248439,0,45S rDNA
Chr4,2142000,2143000,158,4.07785369116182,1.7390232206251e-45,45S rDNA
Chr4,2144000,2145000,5289,97.2866789216248,0,45S rDNA
Chr4,2145000,2146000,255,4.23804599562294,3.60416439819112e-76,45S rDNA
Chr4,2146000,2147000,346,7.96525972873594,3.353478570568e-181,45S rDNA
Chr4,2147000,2148000,155,3.23310118521729,2.53854372301202e-33,45S rDNA
Chr4,2148000,2149000,222,5.20005113962556,6.4271182863732e-82,45S rDNA
Chr4,2149000,2150000,177,4.66106524051014,8.89971324334525e-59,45S rDNA
Chr4,2151000,2152000,462,10.6033829669288,9.89493535879534e-293,45S rDNA
Chr4,2152000,2153000,463,9.50020616884241,1.69651433882377e-273,45S rDNA
Chr4,2153000,2154000,219,3.39338502254192,5.53017629628119e-50,45S rDNA
Chr4,2154000,2155000,4539,61.735570958679,0,45S rDNA
Chr4,2155000,2156000,1838,32.5091632470469,0,45S rDNA
Chr4,2156000,2157000,194,4.33811928536393,1.20083640018493e-59,45S rDNA
Chr4,2157000,2158000,359,6.8177297312023,4.83462289253919e-167,45S rDNA
Chr4,2158000,2159000,223,5.21188875312342,1.83783465481543e-82,45S rDNA
Chr4,2159000,2160000,266,6.72990316199992,1.01971025365894e-122,45S rDNA
Chr4,2160000,2161000,147,3.28841716573114,2.16709821069822e-32,45S rDNA
Chr4,2162000,2163000,860,17.0258287498643,0,45S rDNA
Chr4,2163000,2164000,284,3.80304064483903,1.02250628258412e-74,45S rDNA
Chr4,2164000,2165000,341,4.43779838050991,7.9459051765933e-107,45S rDNA
Chr4,2165000,2166000,5587,110.390170254911,0,45S rDNA
Chr4,2166000,2167000,183,3.25517195062034,1.39173462319846e-39,45S rDNA
Chr4,2167000,2168000,344,7.29858809805012,7.95042066168895e-169,45S rDNA
Chr4,2168000,2169000,142,3.24287681290514,1.02386827156776e-30,45S rDNA
Chr4,2169000,2170000,215,4.93787120663652,1.73745025644994e-75,45S rDNA
Chr4,2170000,2171000,169,4.13014315673507,2.6277483531226e-49,45S rDNA
Chr4,2172000,2173000,678,14.9927580380677,0,45S rDNA
Chr4,2173000,2174000,267,7.28602544670905,4.66678664315046e-131,45S rDNA
Chr4,2175000,2176000,4576,85.751318348357,0,45S rDNA
Chr4,2176000,2177000,882,16.2737326895779,0,45S rDNA
Chr4,2177000,2178000,328,7.53658278333428,5.76472005769815e-165,45S rDNA
Chr4,2178000,2179000,158,3.25648953336514,2.69521897439729e-34,45S rDNA
Chr4,2179000,2180000,210,5.33059635651992,2.30473101443875e-79,45S rDNA
Chr4,2180000,2181000,193,4.5767225339636,8.0417637117449e-63,45S rDNA
Chr4,2183000,2184000,1209,29.6659125346956,0,45S rDNA
Chr4,2184000,2185000,262,5.31276368331845,1.6457885023416e-98,45S rDNA
Chr4,2185000,2186000,942,11.8201350473707,0,45S rDNA
Chr4,2186000,2187000,4014,86.1919561394963,0,45S rDNA
Chr4,2188000,2189000,129,3.26478149104991,3.13742939587178e-28,45S rDNA
Chr4,2193000,2194000,805,16.9004388574712,0,45S rDNA
Chr4,2194000,2195000,151,3.35056772515524,4.12269636295345e-34,45S rDNA
Chr4,2196000,2197000,5703,102.860525089861,0,45S rDNA
Chr4,2197000,2198000,259,5.01303330002187,3.94643230682999e-92,45S rDNA
Chr4,2198000,2199000,371,9.4871542282337,3.9597101452596e-219,45S rDNA
Chr4,2200000,2201000,218,4.48228707146732,2.55256497052715e-69,45S rDNA
Chr4,2201000,2202000,213,5.3464166713264,1.04165336991227e-80,45S rDNA
Chr4,2203000,2204000,426,8.66992362925677,1.12380076587506e-236,45S rDNA
Chr4,2204000,2205000,533,15.2211182384546,0,45S rDNA
Chr4,2205000,2206000,182,3.35220188006406,5.45193549605255e-41,45S rDNA
Chr4,2206000,2207000,3858,54.7010761984422,0,45S rDNA
Chr4,2207000,2208000,1575,34.1734150838891,0,45S rDNA
Chr4,2208000,2209000,152,3.3464231889909,2.82595767984036e-34,45S rDNA
Chr4,2209000,2210000,315,6.46905884964958,1.38589321602523e-140,45S rDNA
Chr4,2210000,2211000,160,3.83368021304451,7.56095036027745e-43,45S rDNA
Chr4,2211000,2212000,172,4.21761756955116,2.32978276202409e-51,45S rDNA
Chr4,2214000,2215000,934,23.3385720082121,0,45S rDNA
Chr4,2215000,2216000,301,6.16952061751224,3.66561978121009e-129,45S rDNA
Chr4,2216000,2217000,375,5.94024119383978,1.46167561220832e-155,45S rDNA
Chr4,2217000,2218000,6217,132.763268319947,0,45S rDNA
Chr4,2218000,2219000,224,4.44694739730585,1.31243946145784e-70,45S rDNA
Chr4,2219000,2220000,358,7.37445260391595,4.74929835486939e-177,45S rDNA
Chr4,2220000,2221000,162,3.36334324980241,9.88003107830296e-37,45S rDNA
Chr4,2221000,2222000,267,7.51284971044005,3.97103151917452e-134,45S rDNA
Chr4,2222000,2223000,261,6.81883255598688,1.07800898132389e-121,45S rDNA
Chr4,2223000,2224000,159,3.76577700830686,1.12355833684187e-41,45S rDNA
Chr4,2224000,2225000,588,12.4405556352807,0,45S rDNA
Chr4,2225000,2226000,376,10.0374612037095,2.520973215838e-230,45S rDNA
Chr4,2227000,2228000,4602,103.264902574024,0,45S rDNA
Chr4,2228000,2229000,1465,27.5602221765392,0,45S rDNA
Chr4,2229000,2230000,255,5.43853223215872,5.23938789399547e-98,45S rDNA
Chr4,2230000,2231000,254,4.65223915597624,7.73764092396217e-84,45S rDNA
Chr4,2231000,2232000,222,5.83380417278725,5.49173788242742e-91,45S rDNA
Chr4,2232000,2233000,251,6.7175582097148,1.12952525226089e-115,45S rDNA
Chr4,2233000,2234000,154,3.20289873330978,1.11630093794471e-32,45S rDNA
Chr4,2235000,2236000,839,16.3529622632152,0,45S rDNA
Chr4,2236000,2237000,212,3.91484733677294,5.90642834821613e-58,45S rDNA
Chr4,2237000,2238000,764,10.1942351520225,0,45S rDNA
Chr4,2238000,2239000,5463,112.578832317789,0,45S rDNA
Chr4,2239000,2240000,186,3.5656213157331,2.03701357799937e-45,45S rDNA
Chr4,2240000,2241000,326,6.83268863624795,4.9093740509742e-152,45S rDNA
Chr4,2241000,2242000,165,3.46352030033776,6.93797335091625e-39,45S rDNA
Chr4,2242000,2243000,315,6.80187889724521,2.08803756025012e-146,45S rDNA
Chr4,2243000,2244000,168,4.11953344002672,7.06756042853517e-49,45S rDNA
Chr4,2245000,2246000,800,16.9950737585385,0,45S rDNA
Chr4,2246000,2247000,196,5.10666136122,3.55366436934629e-71,45S rDNA
Chr4,2248000,2249000,6819,113.712650515398,0,45S rDNA
Chr4,2249000,2250000,387,7.26846118062301,3.21961975309111e-189,45S rDNA
Chr4,2250000,2251000,427,9.3683551462876,5.51111052739801e-250,45S rDNA
Chr4,2251000,2252000,226,4.40561294701869,1.59895587390404e-70,45S rDNA
Chr4,2252000,2253000,525,11.8703522118337,0,45S rDNA
Chr4,2253000,2254000,648,16.9041469582876,0,45S rDNA
Chr4,2255000,2256000,335,7.50323427569734,6.59486366205558e-168,45S rDNA
Chr4,2256000,2257000,598,14.3163859357368,0,45S rDNA
Chr4,2257000,2258000,267,4.88052277468897,1.78625790199579e-92,45S rDNA
Chr4,2258000,2259000,3036,44.1339803591543,0,45S rDNA
Chr4,2259000,2260000,2136,42.7353625661567,0,45S rDNA
Chr4,2261000,2262000,164,3.45994234634025,1.33394984061e-38,45S rDNA
Chr4,2262000,2263000,209,4.96142900278616,9.53759416370912e-74,45S rDNA
Chr4,2263000,2264000,289,6.56586121255604,1.25814977315347e-130,45S rDNA
Chr4,2266000,2267000,863,18.2145695155373,0,45S rDNA
Chr4,2267000,2268000,190,4.2112786145985,1.46972370285908e-56,45S rDNA
Chr4,2269000,2270000,5504,109.343749609647,0,45S rDNA
Chr4,2270000,2271000,209,4.24643136905638,1.03557597071826e-62,45S rDNA
Chr4,2271000,2272000,348,7.77830581318558,4.09774718338563e-179,45S rDNA
Chr4,2273000,2274000,225,6.32438652116622,8.65018184795343e-99,45S rDNA
Chr4,2274000,2275000,170,4.31005315125046,5.3851185183701e-52,45S rDNA
Chr4,2276000,2277000,552,12.6501244069737,0,45S rDNA
Chr4,2277000,2278000,369,9.93404511733887,1.46417166633154e-224,45S rDNA
Chr4,2278000,2279000,272,4.43047234026189,3.16492598395831e-85,45S rDNA
Chr4,2279000,2280000,5222,88.406805756061,0,45S rDNA
Chr4,2280000,2281000,2050,37.932809852114,0,45S rDNA
Chr4,2281000,2282000,310,7.88096639383251,3.44068610941621e-161,45S rDNA
Chr4,2282000,2283000,356,6.656570553816,1.64909368845442e-162,45S rDNA
Chr4,2283000,2284000,493,12.2364952461769,0,45S rDNA
Chr4,2284000,2285000,688,16.6371487602853,0,45S rDNA
Chr4,2285000,2286000,198,4.66215699351551,1.13069754951865e-65,45S rDNA
Chr4,2287000,2288000,905,17.5854393703197,0,45S rDNA
Chr4,2288000,2289000,156,3.29428902954392,2.05150113651556e-34,45S rDNA
Chr4,2289000,2290000,413,6.32402104444653,1.28141931935517e-180,45S rDNA
Chr4,2290000,2291000,4906,94.4141939155643,0,45S rDNA
Chr4,2291000,2292000,185,4.04161547817362,1.37392278526962e-52,45S rDNA
Chr4,2292000,2293000,322,6.55498845675307,2.99523476015952e-145,45S rDNA
Chr4,2294000,2295000,177,3.71249329397364,1.6605570474596e-45,45S rDNA
Chr4,2297000,2298000,730,15.9584447782459,0,45S rDNA
Chr4,2298000,2299000,184,5.29459752398239,3.38743141990069e-69,45S rDNA
Chr4,2300000,2301000,4402,101.320886064649,0,45S rDNA
Chr4,2301000,2302000,268,4.84658576023274,3.57666287795192e-92,45S rDNA
Chr4,2302000,2303000,262,6.66068772640038,6.93569564090588e-120,45S rDNA
Chr4,2304000,2305000,201,5.36148101312269,2.09336490585125e-76,45S rDNA
Chr4,2305000,2306000,214,5.13153926690322,5.30864583669984e-78,45S rDNA
Chr4,2307000,2308000,195,4.38275430039168,1.2827161484974e-60,45S rDNA
Chr4,2308000,2309000,642,14.7990401863126,0,45S rDNA
Chr4,2309000,2310000,168,3.04076763141652,5.25479335411166e-33,45S rDNA
Chr4,2310000,2311000,1922,36.2119503273925,0,45S rDNA
Chr4,2311000,2312000,2722,57.0090761878167,0,45S rDNA
Chr4,2318000,2319000,922,18.0887074627163,0,45S rDNA
Chr4,2319000,2320000,308,7.22166732021782,4.93899949789759e-150,45S rDNA
Chr4,2321000,2322000,4403,93.1708348968604,0,45S rDNA
Chr4,2322000,2323000,194,3.67343062157035,3.74371719865754e-49,45S rDNA
Chr4,2323000,2324000,361,9.20615384549848,4.85251995560265e-209,45S rDNA
Chr4,2328000,2329000,461,9.52309834923843,9.45566056033102e-273,45S rDNA
Chr4,2329000,2330000,381,9.41167871449164,7.85764973041556e-224,45S rDNA
Chr4,2331000,2332000,4351,117.388149932978,0,45S rDNA
Chr4,2332000,2333000,2225,41.0401124698889,0,45S rDNA
Chr4,2333000,2334000,342,7.40606526289343,1.00639990224603e-169,45S rDNA
Chr4,2334000,2335000,282,5.45372442261541,1.41322062025192e-108,45S rDNA
Chr4,2335000,2336000,136,3.99288279323646,2.55010907621517e-38,45S rDNA
Chr4,2337000,2338000,385,10.2191260214915,1.61917888827793e-238,45S rDNA
Chr4,2339000,2340000,848,16.5816545008053,0,45S rDNA
Chr4,2340000,2341000,192,4.57658983499371,1.69336135224134e-62,45S rDNA
Chr4,2341000,2342000,279,3.9710187200546,2.65862210381918e-77,45S rDNA
Chr4,2342000,2343000,4668,104.570078405642,0,45S rDNA
Chr4,2344000,2345000,126,3.3254825757463,2.71637576089808e-28,45S rDNA
Chr4,2346000,2347000,195,4.46623772231311,7.46416175275057e-62,45S rDNA
Chr4,2347000,2348000,131,3.09474988762777,1.43851901664316e-26,45S rDNA
Chr4,2349000,2350000,672,13.2619373142484,0,45S rDNA
Chr4,2350000,2351000,95,3.27832233787477,4.3987759878807e-21,45S rDNA
Chr4,2351000,2352000,269,5.00970508163089,1.35639820868681e-95,45S rDNA
Chr4,2352000,2353000,5023,87.7422990718138,0,45S rDNA
Chr4,2353000,2354000,623,10.86603882123,0,45S rDNA
Chr4,2354000,2355000,353,8.42377913023197,2.26809835403536e-192,45S rDNA
Chr4,2355000,2356000,170,3.19931704350905,6.09372793768876e-36,45S rDNA
Chr4,2356000,2357000,150,4.36518574479797,1.32793423242544e-46,45S rDNA
Chr4,2358000,2359000,514,5.65250271914585,1.00358416591071e-203,45S rDNA
Chr4,2359000,2360000,485,5.39597959958089,2.80352142051942e-184,45S rDNA
Chr4,2360000,2361000,470,10.9731691395364,3.96814971116297e-304,45S rDNA
Chr4,2361000,2362000,204,3.31678252735771,3.40981128402597e-45,45S rDNA
Chr4,2362000,2363000,5200,69.6844096625079,0,45S rDNA
Chr4,2363000,2364000,2054,37.5950671119446,0,45S rDNA
Chr4,2364000,2365000,231,4.82716505508689,3.07891947611323e-79,45S rDNA
Chr4,2365000,2366000,412,7.26500296619902,2.5896317405578e-201,45S rDNA
Chr4,2366000,2367000,466,11.2199780512354,1.22629388685421e-305,45S rDNA
Chr4,2367000,2368000,641,14.9795099859051,0,45S rDNA
Chr4,2368000,2369000,213,5.20449372923652,1.07824819684324e-78,45S rDNA
Chr4,2370000,2371000,882,17.5037803874172,0,45S rDNA
Chr4,2371000,2372000,289,6.73084795312282,2.86722474822686e-133,45S rDNA
Chr4,2372000,2373000,493,9.94504213367554,6.0908865120029e-300,45S rDNA
Chr4,2373000,2374000,6757,122.008090524674,0,45S rDNA
Chr4,2374000,2375000,219,4.13059787872749,1.13300504248438e-63,45S rDNA
Chr4,2375000,2376000,418,9.59188755687938,1.46823738596156e-248,45S rDNA
Chr4,2376000,2377000,256,5.67225986742842,3.19889603944878e-102,45S rDNA
Chr4,2377000,2378000,623,15.387801691381,0,45S rDNA
Chr4,2378000,2379000,514,14.9863557856332,0,45S rDNA
Chr4,2379000,2380000,172,3.65723951426907,1.99758078905111e-43,45S rDNA
Chr4,2380000,2381000,329,8.72172242585635,9.85914618140307e-184,45S rDNA
Chr4,2381000,2382000,285,8.32167448837475,3.71244325224173e-154,45S rDNA
Chr4,2382000,2383000,321,4.99979243078247,1.08319698796208e-113,45S rDNA
Chr4,2383000,2384000,6707,117.168813721513,0,45S rDNA
Chr4,2384000,2385000,1489,27.4128218911899,0,45S rDNA
Chr4,2385000,2386000,332,6.99358729657974,1.10323747306823e-157,45S rDNA
Chr4,2386000,2387000,214,3.84433768579793,3.05313496708804e-57,45S rDNA
Chr4,2387000,2388000,273,7.14306181834077,5.81953169512682e-132,45S rDNA
Chr4,2388000,2389000,284,7.01986038158724,2.10201254743216e-135,45S rDNA
Chr4,2389000,2390000,168,3.64714061712189,2.74946463098768e-42,45S rDNA
Chr4,2391000,2392000,884,20.9938956685666,0,45S rDNA
Chr4,2392000,2393000,312,5.85133623317866,7.06097582003145e-128,45S rDNA
Chr4,2393000,2394000,1354,24.3519261427068,0,45S rDNA
Chr4,2394000,2395000,4316,82.1321893129624,0,45S rDNA
Chr4,2396000,2397000,197,4.36570598500001,5.64454091980321e-61,45S rDNA
Chr4,2397000,2398000,270,5.51773915137117,4.13827301216858e-105,45S rDNA
Chr4,2398000,2399000,581,13.7215222268154,0,45S rDNA
Chr4,2399000,2400000,430,9.32937920525615,4.85736058038784e-251,45S rDNA
Chr4,2400000,2401000,288,7.45081954334408,1.02382380968522e-143,45S rDNA
Chr4,2401000,2402000,767,14.7592185820428,0,45S rDNA
Chr4,2404000,2405000,4581,91.2426224363578,0,45S rDNA
Chr4,2405000,2406000,167,3.20584224779198,2.01706167230557e-35,45S rDNA
Chr4,2406000,2407000,109,3.04542803816044,1.05156421678442e-21,45S rDNA
Chr4,2407000,2408000,139,3.263141847292,2.41675159830515e-30,45S rDNA
Chr4,2408000,2409000,220,5.34325283909117,2.73508918386823e-83,45S rDNA
Chr4,2409000,2410000,211,4.77048169765649,1.36712285118414e-71,45S rDNA
Chr4,2411000,2412000,476,10.0693297955175,6.1632974257191e-292,45S rDNA
Chr4,2412000,2413000,452,7.50653587156897,2.56262602114642e-226,45S rDNA
Chr4,2414000,2415000,4565,75.161148724622,0,45S rDNA
Chr4,2415000,2416000,2096,44.4351487015645,0,45S rDNA
Chr4,2416000,2417000,204,4.6402546896119,2.59542922103516e-67,45S rDNA
Chr4,2417000,2418000,376,7.3734881278499,6.92613010195771e-186,45S rDNA
Chr4,2418000,2419000,330,8.51429212306756,3.03429932391241e-181,45S rDNA
Chr4,2419000,2420000,473,10.7915135359716,5.9375624692971e-303,45S rDNA
Chr4,2420000,2421000,380,9.83857073038757,8.4572652113985e-230,45S rDNA
Chr4,2421000,2422000,368,9.36379315533997,1.70056044197853e-215,45S rDNA
Chr4,2422000,2423000,753,20.235178867559,0,45S rDNA
Chr4,2423000,2424000,242,4.89481475731373,3.9117253165175e-84,45S rDNA
Chr4,2424000,2425000,151,3.2005184797219,5.05972876496932e-32,45S rDNA
Chr4,2425000,2426000,4877,104.644445871735,0,45S rDNA
Chr4,2427000,2428000,187,4.37766232223272,4.32590691354697e-58,45S rDNA
Chr4,2428000,2429000,233,5.12154795213121,1.06549080199534e-84,45S rDNA
Chr4,2429000,2430000,594,14.6291019205434,0,45S rDNA
Chr4,2430000,2431000,582,14.8241152526196,0,45S rDNA
Chr4,2431000,2432000,156,3.58488374019641,1.78086363925393e-38,45S rDNA
Chr4,2432000,2433000,596,13.5069474133856,0,45S rDNA
Chr4,2433000,2434000,640,20.1429429461364,0,45S rDNA
Chr4,2434000,2435000,288,5.18182502347157,1.11207535692168e-105,45S rDNA
Chr4,2435000,2436000,4584,97.0419610157214,0,45S rDNA
Chr4,2436000,2437000,1266,25.0376066972725,0,45S rDNA
Chr4,2437000,2438000,312,7.09766652908155,5.92887838244326e-150,45S rDNA
Chr4,2438000,2439000,231,5.4856360607627,1.44850166489891e-89,45S rDNA
Chr4,2439000,2440000,249,6.69311093582444,2.01158453595497e-114,45S rDNA
Chr4,2440000,2441000,201,4.04977564977531,3.33696618082772e-57,45S rDNA
Chr4,2441000,2442000,132,3.40461992934515,1.48407991798068e-30,45S rDNA
Chr4,2443000,2444000,888,19.3701621662147,0,45S rDNA
Chr4,2444000,2445000,207,4.17213405388562,6.54694704858043e-61,45S rDNA
Chr4,2445000,2446000,687,13.3442080738844,0,45S rDNA
Chr4,2446000,2447000,6090,129.189932763158,0,45S rDNA
Chr4,2447000,2448000,227,5.15756079382144,4.29246723965687e-83,45S rDNA
Chr4,2448000,2449000,437,8.64508501962749,2.78171296456627e-242,45S rDNA
Chr4,2449000,2450000,280,6.2801424249567,5.04720151526087e-122,45S rDNA
Chr4,2450000,2451000,704,16.7788316771918,0,45S rDNA
Chr4,2451000,2452000,285,7.9845453581782,1.1319473291454e-149,45S rDNA
Chr4,2453000,2454000,836,18.5347559224793,0,45S rDNA
Chr4,2454000,2455000,165,3.9763255930751,4.13237820321666e-46,45S rDNA
Chr4,2456000,2457000,5661,114.838721836527,0,45S rDNA
Chr4,2457000,2458000,337,6.20025396416595,4.05779122092458e-145,45S rDNA
Chr4,2458000,2459000,338,7.90794267616541,4.17161844149321e-176,45S rDNA
Chr4,2459000,2460000,150,3.15113277348768,4.03605404406366e-31,45S rDNA
Chr4,2460000,2461000,261,6.54058253555231,1.10514628901539e-117,45S rDNA
Chr4,2461000,2462000,240,5.54544088292921,5.99536828659302e-94,45S rDNA
Chr4,2462000,2463000,142,3.23347128984678,1.36173219561762e-30,45S rDNA
Chr4,2463000,2464000,343,6.80500201410418,2.11315671603839e-159,45S rDNA
Chr4,2464000,2465000,568,13.4844916780899,0,45S rDNA
Chr4,2465000,2466000,279,4.74948763371353,5.53562194747474e-94,45S rDNA
Chr4,2466000,2467000,4290,61.4046218972085,0,45S rDNA
Chr4,2467000,2468000,2808,53.2885092755713,0,45S rDNA
Chr4,2468000,2469000,181,3.99432940547627,8.95939909841561e-51,45S rDNA
Chr4,2469000,2470000,398,8.52470136006017,1.34148936293205e-218,45S rDNA
Chr4,2470000,2471000,423,8.87781034011658,7.23927751444505e-239,45S rDNA
Chr4,2471000,2472000,682,15.0820438278083,0,45S rDNA
Chr4,2472000,2473000,197,5.53618583218558,3.87792050040046e-77,45S rDNA
Chr4,2474000,2475000,862,16.9539342932266,0,45S rDNA
Chr4,2475000,2476000,206,4.89601775845792,9.38070176609266e-72,45S rDNA
Chr4,2477000,2478000,6664,143.765724201174,0,45S rDNA
Chr4,2478000,2479000,236,4.30071587972309,1.04797663484413e-71,45S rDNA
Chr4,2479000,2480000,416,8.33799059440786,6.35584571017449e-225,45S rDNA
Chr4,2480000,2481000,229,4.62742880368496,3.01122639919388e-75,45S rDNA
Chr4,2481000,2482000,477,11.4834462666731,1.11253693088103e-308,45S rDNA
Chr4,2482000,2483000,635,14.9527464403665,0,45S rDNA
Chr4,2483000,2484000,257,5.84448298983644,2.25314051914459e-105,45S rDNA
Chr4,2484000,2485000,533,11.6296277489713,0,45S rDNA
Chr4,2485000,2486000,393,10.8605664667133,7.5892082133177e-253,45S rDNA
Chr4,2486000,2487000,241,3.83367164586355,3.79966444155815e-64,45S rDNA
Chr4,2487000,2488000,4948,110.35474204828,0,45S rDNA
Chr4,2488000,2489000,1846,32.2109935542187,0,45S rDNA
Chr4,2489000,2490000,285,6.26765102757636,5.58992832935059e-124,45S rDNA
Chr4,2490000,2491000,303,5.75751675866571,1.86363124342254e-122,45S rDNA
Chr4,2491000,2492000,403,8.59592941155555,1.28181175751109e-222,45S rDNA
Chr4,2492000,2493000,498,11.3354079358809,0,45S rDNA
Chr4,2493000,2494000,453,9.62141861878204,7.68119194859526e-270,45S rDNA
Chr4,2495000,2496000,837,18.5939911172729,0,45S rDNA
Chr4,2496000,2497000,205,4.04109921420783,3.5059715848915e-58,45S rDNA
Chr4,2497000,2498000,508,6.34511028410623,1.41394706684114e-222,45S rDNA
Chr4,2498000,2499000,5523,110.89313750876,0,45S rDNA
Chr4,2499000,2500000,190,3.81184227741868,2.16006824692676e-50,45S rDNA
Chr4,2500000,2501000,389,8.24155414493912,1.17803575474274e-208,45S rDNA
Chr4,2501000,2502000,179,4.22970226364468,1.37536248013676e-53,45S rDNA
Chr4,2502000,2503000,287,7.0246304868626,6.72385602442142e-137,45S rDNA
Chr4,2503000,2504000,146,3.63958254959971,9.44891473241824e-37,45S rDNA
Chr4,2505000,2506000,778,15.4153930903805,0,45S rDNA
Chr4,2506000,2507000,210,5.93903283851853,1.83348310101011e-87,45S rDNA
Chr4,2508000,2509000,4516,81.1481480448896,0,45S rDNA
Chr4,2509000,2510000,353,6.1028752170191,6.14852131391242e-150,45S rDNA
Chr4,2510000,2511000,199,4.83791035898497,1.59369124797143e-68,45S rDNA
Chr4,2513000,2514000,166,4.87616856185855,9.67781483309116e-58,45S rDNA
Chr4,2514000,2515000,131,3.13170433132742,4.99936461611057e-27,45S rDNA
Chr4,2515000,2516000,169,3.73054002315163,9.60960476166534e-44,45S rDNA
Chr4,2516000,2517000,771,16.6609874254493,0,45S rDNA
Chr4,2517000,2518000,210,3.46970483319903,2.12893938241761e-49,45S rDNA
Chr4,2518000,2519000,2060,25.3264588481763,0,45S rDNA
Chr4,2519000,2520000,3698,71.3793753279897,0,45S rDNA
Chr4,2520000,2521000,178,4.28832135497641,4.16671220489999e-54,45S rDNA
Chr4,2521000,2522000,363,6.82378541801286,5.18427048827759e-169,45S rDNA
Chr4,2522000,2523000,165,3.80655967555558,8.68397892094584e-44,45S rDNA
Chr4,2523000,2524000,226,4.82311533587912,1.78880185512816e-77,45S rDNA
Chr4,2526000,2527000,830,18.4569181569182,0,45S rDNA
Chr4,2527000,2528000,169,3.39973198753755,7.64652262169357e-39,45S rDNA
Chr4,2529000,2530000,3628,53.3970037184796,0,45S rDNA
Chr4,2530000,2531000,247,5.06140085079522,1.00550855424649e-88,45S rDNA
Chr4,2531000,2532000,462,9.52998914229249,1.8065202918249e-273,45S rDNA
Chr4,2532000,2533000,326,7.51867310102418,1.1280780061686e-163,45S rDNA
Chr4,2533000,2534000,915,22.5624832517748,0,45S rDNA
Chr4,2534000,2535000,555,14.7520038138541,0,45S rDNA
Chr4,2536000,2537000,781,16.6284949156473,0,45S rDNA
Chr4,2537000,2538000,231,6.00099329270874,5.37229507488184e-97,45S rDNA
Chr4,2538000,2539000,216,3.56722006823066,1.19874804464525e-52,45S rDNA
Chr4,2539000,2540000,6073,112.446386772848,0,45S rDNA
Chr4,2540000,2541000,306,5.56343844852461,6.52839464913892e-120,45S rDNA
Chr4,2541000,2542000,309,6.99444947510379,7.80018062856737e-147,45S rDNA
Chr4,2543000,2544000,236,5.78802703107164,5.25033410846982e-96,45S rDNA
Chr4,2544000,2545000,267,6.6547059682267,4.54289266831639e-122,45S rDNA
Chr4,2545000,2546000,148,3.23664770261472,6.7318568605101e-32,45S rDNA
Chr4,2546000,2547000,358,8.81686614066418,2.4067473082575e-201,45S rDNA
Chr4,2547000,2548000,590,15.4788575070888,0,45S rDNA
Chr4,2548000,2549000,184,3.23558737576701,1.84114914046538e-39,45S rDNA
Chr4,2549000,2550000,4355,57.9533766129262,0,45S rDNA
Chr4,2550000,2551000,2567,53.363631597905,0,45S rDNA
Chr4,2551000,2552000,210,4.75324064034739,5.39434089128541e-71,45S rDNA
Chr4,2552000,2553000,438,8.18218366777137,1.26924164268424e-233,45S rDNA
Chr4,2553000,2554000,350,8.06337043802697,6.54774478610906e-185,45S rDNA
Chr4,2554000,2555000,507,13.2302396011367,0,45S rDNA
Chr4,2555000,2556000,461,12.981659420725,0,45S rDNA
Chr4,2557000,2558000,786,17.6986556671026,0,45S rDNA
Chr4,2558000,2559000,203,4.34314717411099,1.86529145040798e-62,45S rDNA
Chr4,2560000,2561000,5708,103.024958379177,0,45S rDNA
Chr4,2561000,2562000,185,3.61587076461808,5.47130835688196e-46,45S rDNA
Chr4,2562000,2563000,362,8.96833470275478,5.84555186656384e-206,45S rDNA
Chr4,2563000,2564000,152,3.04657348641826,5.12927238488973e-30,45S rDNA
Chr4,2564000,2565000,233,5.88495032460873,3.46054601587826e-96,45S rDNA
Chr4,2565000,2566000,196,4.45879051185892,4.67864271549569e-62,45S rDNA
Chr4,2567000,2568000,524,12.0754914176467,0,45S rDNA
Chr4,2568000,2569000,408,11.0973987230811,6.17994406411383e-266,45S rDNA
Chr4,2570000,2571000,3650,64.7931536084307,0,45S rDNA
Chr4,2571000,2572000,1212,24.6552645711739,0,45S rDNA
Chr4,2573000,2574000,244,4.93975936956644,1.3562118050601e-85,45S rDNA
Chr4,2574000,2575000,231,5.78698051808295,5.64604770819459e-94,45S rDNA
Chr4,2575000,2576000,205,4.92634781172665,7.57165035423809e-72,45S rDNA
Chr4,2576000,2577000,130,3.36691538859326,1.16737225128872e-29,45S rDNA
Chr4,2578000,2579000,827,18.9338473623544,0,45S rDNA
Chr4,2579000,2580000,212,3.64097258313664,4.76524550331436e-53,45S rDNA
Chr4,2580000,2581000,390,6.47285122167691,6.26562794410362e-174,45S rDNA
Chr4,2581000,2582000,4615,86.4902491327704,0,45S rDNA
Chr4,2583000,2584000,149,3.65856299288183,9.79425641724491e-38,45S rDNA
Chr4,2584000,2585000,167,3.69801225552732,9.02699039073839e-43,45S rDNA
Chr4,2585000,2586000,329,7.90191923220768,2.40887714945742e-171,45S rDNA
Chr4,2586000,2587000,178,4.17331660145848,1.67562403923752e-52,45S rDNA
Chr4,2588000,2589000,763,16.6634779373918,0,45S rDNA
Chr4,2589000,2590000,493,12.5940501028025,0,45S rDNA
Chr4,2591000,2592000,6942,113.305239518531,0,45S rDNA
Chr4,2592000,2593000,572,10.5974020171048,0,45S rDNA
Chr4,2593000,2594000,442,9.44641262268568,3.71098814141722e-260,45S rDNA
Chr4,2594000,2595000,278,5.42695600871848,1.45365572095173e-106,45S rDNA
Chr4,2595000,2596000,772,18.5252211401116,0,45S rDNA
Chr4,2596000,2597000,781,26.0314222412105,0,45S rDNA
Chr4,2598000,2599000,181,4.06672536518497,7.78504759106191e-52,45S rDNA
Chr4,2599000,2600000,693,14.927906652763,0,45S rDNA
Chr4,2600000,2601000,237,4.4891306706574,2.06115641595683e-75,45S rDNA
Chr4,2601000,2602000,2902,47.1943555238979,0,45S rDNA
Chr4,2602000,2603000,3798,72.1068826732544,0,45S rDNA
Chr4,2603000,2604000,171,3.6204036249709,1.24034552918138e-42,45S rDNA
Chr4,2604000,2605000,347,8.13562281295558,1.64636438138189e-184,45S rDNA
Chr4,2605000,2606000,216,5.18446532515599,1.68724747466818e-79,45S rDNA
Chr4,2606000,2607000,271,6.64194571405806,1.08067447038869e-123,45S rDNA
Chr4,2607000,2608000,136,3.17373444073662,1.42966519595324e-28,45S rDNA
Chr4,2609000,2610000,889,18.3285670491112,0,45S rDNA
Chr4,2610000,2611000,250,5.5654945200596,3.77450902087368e-98,45S rDNA
Chr4,2612000,2613000,4744,92.8631767632139,0,45S rDNA
Chr4,2614000,2615000,121,3.23877775706206,3.13160227272446e-26,45S rDNA
Chr4,2616000,2617000,211,6.07108586271173,1.4855661103793e-89,45S rDNA
Chr4,2617000,2618000,173,4.18979502999771,2.83104388933141e-51,45S rDNA
Chr4,2619000,2620000,502,10.8409889839322,1.11253692925361e-308,45S rDNA
Chr4,2620000,2621000,379,11.7501426564222,1.14563824501967e-255,45S rDNA
Chr4,2622000,2623000,4202,84.3061254913267,0,45S rDNA
Chr4,2623000,2624000,1523,29.7224349171433,0,45S rDNA
Chr4,2624000,2625000,212,4.66174061196373,2.96109258454668e-70,45S rDNA
Chr4,2625000,2626000,308,6.32270765585028,6.74335689761389e-135,45S rDNA
Chr4,2626000,2627000,184,4.31626483954625,2.6499973388096e-56,45S rDNA
Chr4,2627000,2628000,208,5.07984257714199,4.20594486896896e-75,45S rDNA
Chr4,2628000,2629000,133,3.1277883073479,2.21928541460857e-27,45S rDNA
Chr4,2630000,2631000,827,17.2178689954355,0,45S rDNA
Chr4,2631000,2632000,338,6.72312622751589,1.40795224031105e-155,45S rDNA
Chr4,2632000,2633000,298,5.99690272150817,8.10337137326346e-125,45S rDNA
Chr4,2633000,2634000,5387,107.708779220291,0,45S rDNA
Chr4,2634000,2635000,199,3.96656628895273,2.69765274167702e-55,45S rDNA
Chr4,2635000,2636000,366,7.84475355799623,1.65433509169668e-189,45S rDNA
Chr4,2636000,2637000,164,3.79004073595703,2.67627685762796e-43,45S rDNA
Chr4,2637000,2638000,265,7.25766371436796,1.07470696276863e-129,45S rDNA
Chr4,2638000,2639000,185,4.39586543730141,9.80580869465517e-58,45S rDNA
Chr4,2640000,2641000,698,14.9591579805339,0,45S rDNA
Chr4,2641000,2642000,508,13.573920612452,0,45S rDNA
Chr4,2643000,2644000,4053,91.0580832513457,0,45S rDNA
Chr4,2644000,2645000,642,11.4917666429545,0,45S rDNA
Chr4,2645000,2646000,268,7.05975363929691,2.17401962129804e-128,45S rDNA
Chr4,2646000,2647000,168,3.3489924097479,7.60611535889508e-38,45S rDNA
Chr4,2647000,2648000,206,4.66033172364205,2.87278328765011e-68,45S rDNA
Chr4,2648000,2649000,157,3.78832217831345,1.84569503480546e-41,45S rDNA
Chr4,2651000,2652000,652,16.6165977604075,0,45S rDNA
Chr4,2652000,2653000,167,3.10160293169651,8.76317569692972e-34,45S rDNA
Chr4,2653000,2654000,1505,26.87934012737,0,45S rDNA
Chr4,2654000,2655000,5017,98.1783175650071,0,45S rDNA
Chr4,2655000,2656000,199,3.91319043377283,2.01660989573163e-54,45S rDNA
Chr4,2656000,2657000,340,6.87770732724043,2.36127045911467e-159,45S rDNA
Chr4,2657000,2658000,212,4.81047460066007,1.56021090072793e-72,45S rDNA
Chr4,2658000,2659000,343,7.91759198942988,7.40268798321231e-179,45S rDNA
Chr4,2659000,2660000,140,3.27222878320959,1.12936812082294e-30,45S rDNA
Chr4,2661000,2662000,878,19.2579927332526,0,45S rDNA
Chr4,2662000,2663000,203,4.8584578220853,3.50308586736718e-70,45S rDNA
Chr4,2663000,2664000,236,4.5583853984214,2.55582335115232e-76,45S rDNA
Chr4,2664000,2665000,5709,133.327855387659,0,45S rDNA
Chr4,2665000,2666000,463,8.55066755125644,1.07740355908574e-254,45S rDNA
Chr4,2666000,2667000,874,22.0623528933628,0,45S rDNA
Chr4,2668000,2669000,115,3.02499361722404,1.22731963625639e-22,45S rDNA
Chr4,2671000,2672000,495,11.7723894741523,0,45S rDNA
Chr4,2672000,2673000,405,11.1583014373648,7.33713055427773e-265,45S rDNA
Chr4,2673000,2674000,262,4.2219024344336,6.61136442288201e-78,45S rDNA
Chr4,2674000,2675000,3533,72.5784778654187,0,45S rDNA
Chr4,2675000,2676000,1297,22.5283666173549,0,45S rDNA
Chr4,2677000,2678000,143,3.2145611440836,1.49621156942573e-30,45S rDNA
Chr4,2678000,2679000,179,3.59187655895856,3.79146982756427e-44,45S rDNA
Chr4,2679000,2680000,185,4.59321191070665,1.77998589696713e-60,45S rDNA
Chr4,2682000,2683000,647,14.9815722718602,0,45S rDNA
Chr4,2683000,2684000,189,4.17501623275796,1.0023211049942e-55,45S rDNA
Chr4,2685000,2686000,3017,69.2274315298151,0,45S rDNA
Chr4,2687000,2688000,302,6.93439552705888,1.4657100186631e-142,45S rDNA
Chr4,2689000,2690000,182,4.14289463733443,3.16557511346366e-53,45S rDNA
Chr4,2692000,2693000,613,13.6443167403116,0,45S rDNA
Chr4,2693000,2694000,290,6.90762295941932,1.64240101739709e-136,45S rDNA
Chr4,2695000,2696000,4814,78.0761728910452,0,45S rDNA
Chr4,2696000,2697000,841,16.0581645993673,0,45S rDNA
Chr4,2697000,2698000,127,3.23852376094754,1.70797298089583e-27,45S rDNA
Chr4,2701000,2702000,495,12.31591059385,0,45S rDNA
Chr4,2703000,2704000,610,16.0287703129159,0,45S rDNA
Chr4,2704000,2705000,381,7.53911046618211,1.59071873515025e-191,45S rDNA
Chr4,2705000,2706000,692,11.287254559386,0,45S rDNA
Chr4,2706000,2707000,3098,63.6455309981077,0,45S rDNA
Chr4,2709000,2710000,175,5.52477245970625,1.74867641019507e-68,45S rDNA
Chr4,2711000,2712000,103,3.40558262496865,5.33070384418981e-24,45S rDNA
Chr4,2712000,2713000,626,16.5327395971394,0,45S rDNA
Chr4,2713000,2714000,669,12.9143879257319,0,45S rDNA
Chr4,2714000,2715000,158,4.75524820840984,1.24777461863767e-53,45S rDNA
Chr4,2716000,2717000,5078,126.124384089103,0,45S rDNA
Chr4,2717000,2718000,232,5.23492327744553,4.0615803496461e-86,45S rDNA
Chr4,2718000,2719000,788,27.2468309972297,0,45S rDNA
Chr4,2721000,2722000,316,8.49463875994422,2.59459206332816e-173,45S rDNA
Chr4,2722000,2723000,167,4.57776802933149,1.78272451548014e-54,45S rDNA
Chr4,2723000,2724000,335,7.15197649408911,6.79510828069406e-162,45S rDNA
Chr4,2724000,2725000,403,11.2174339182288,2.12892532364668e-264,45S rDNA
Chr4,2726000,2727000,1430,57.5281453817111,0,45S rDNA
Chr4,2727000,2728000,1640,40.4025384797832,0,45S rDNA
Chr4,2729000,2730000,83,3.65605355702387,2.66722224587807e-21,45S rDNA
Chr4,2730000,2731000,138,6.74673301705265,3.6450028591829e-64,45S rDNA
Chr4,2743000,2744000,50,4.55625782602604,1.10440514361035e-16,45S rDNA
Chr4,2745000,2746000,230,9.23422297029667,9.2175689338906e-134,45S rDNA
Chr4,2746000,2747000,484,20.2587817135235,0,45S rDNA
Chr4,2747000,2748000,103,8.19912635951696,1.29341290720244e-55,45S rDNA
Chr4,2748000,2749000,81,6.53358560794613,5.3884982456967e-37,45S rDNA
Chr4,2753000,2754000,60,9.06574953398871,5.51823837049766e-35,45S rDNA
Chr4,2754000,2755000,37,3.39247668806806,6.05936070006837e-09,45S rDNA
Chr4,2758000,2759000,1019,48.0522450322035,0,45S rDNA
Chr4,2759000,2760000,78,8.39105511676279,5.70778719970789e-43,45S rDNA
Chr4,2761000,2762000,61,6.19286009199322,8.01436532320671e-27,45S rDNA
Chr4,2767000,2768000,65,4.09410979295673,3.45724749027257e-19,45S rDNA
Chr4,2769000,2770000,123,9.94742160036228,1.93190683005253e-75,45S rDNA
Chr4,2777000,2778000,83,31.5009733017507,3.80097998897757e-90,45S rDNA
Chr4,2778000,2779000,84,7.19442369435254,2.43584843504415e-41,45S rDNA
Chr4,2781000,2782000,186,5.30563029291994,4.46586937334888e-70,45S rDNA
Chr4,2784000,2785000,96,12.1564762884605,1.26172726324221e-66,45S rDNA
Chr4,2785000,2786000,37,7.73222635532005,1.51825630369106e-19,45S rDNA
Chr4,2791000,2792000,4132,147.338950110235,0,45S rDNA
Chr4,2792000,2793000,70,4.78053481879273,2.8768466550525e-24,45S rDNA
Chr4,2798000,2799000,141,12.537631628451,2.93420864278597e-99,45S rDNA
Chr4,2799000,2800000,105,6.40207301109679,5.71863459412252e-47,45S rDNA
Chr4,2800000,2801000,554,10.9862701953418,0,45S rDNA
Chr4,2801000,2802000,3398,47.8754558738333,0,45S rDNA
Chr4,2803000,2804000,101,3.49380541795836,2.40920826818061e-24,45S rDNA
Chr4,2804000,2805000,144,5.74456182486482,1.71539525822316e-58,45S rDNA
Chr4,2806000,2807000,156,3.5906538450898,1.48628491259098e-38,45S rDNA
Chr4,2809000,2810000,459,13.6016435337319,0,45S rDNA
Chr4,2810000,2811000,237,5.59988984108502,1.31189424461366e-93,45S rDNA
Chr4,2811000,2812000,155,3.08354997522885,3.84226769171246e-31,45S rDNA
Chr4,2812000,2813000,4072,98.8268174641021,0,45S rDNA
Chr4,2814000,2815000,760,18.8787761455976,0,45S rDNA
Chr4,2815000,2816000,364,7.41451052253269,9.65309316877528e-181,45S rDNA
Chr4,2816000,2817000,582,16.1214176251249,0,45S rDNA
Chr4,2817000,2818000,423,10.2673900138666,9.44618312761069e-263,45S rDNA
Chr4,2819000,2820000,519,10.9847575691329,0,45S rDNA
Chr4,2820000,2821000,125,5.68690969422748,2.02211514833467e-50,45S rDNA
Chr4,2821000,2822000,265,5.1493275504251,1.00762724289127e-96,45S rDNA
Chr4,2822000,2823000,3626,70.6228562255927,0,45S rDNA
Chr4,2823000,2824000,366,5.74787579294507,1.61589153913045e-147,45S rDNA
Chr4,2825000,2826000,154,4.20299955106536,6.92536621088426e-46,45S rDNA
Chr4,2826000,2827000,481,11.3692027189086,1.11253692954394e-308,45S rDNA
Chr4,2827000,2828000,588,13.1382542074602,0,45S rDNA
Chr4,2828000,2829000,341,7.15606618307905,7.52985705717687e-165,45S rDNA
Chr4,2830000,2831000,726,16.4624113040745,0,45S rDNA
Chr4,2831000,2832000,284,6.30767241631527,3.31238080517131e-124,45S rDNA
Chr4,2832000,2833000,680,15.327329299189,0,45S rDNA
Chr4,2833000,2834000,4171,79.2523525060562,0,45S rDNA
Chr4,2835000,2836000,174,4.19902875896234,1.07967402379267e-51,45S rDNA
Chr4,2836000,2837000,314,6.19130528654487,4.17853549801406e-135,45S rDNA
Chr4,2837000,2838000,681,17.2110762865963,0,45S rDNA
Chr4,2838000,2839000,178,5.58032421858032,2.80807866305408e-70,45S rDNA
Chr4,2840000,2841000,649,17.0591581172788,0,45S rDNA
Chr4,2841000,2842000,156,4.23305870758893,7.69958705987466e-47,45S rDNA
Chr4,2842000,2843000,271,4.48905622747669,4.09182682502297e-86,45S rDNA
Chr4,2843000,2844000,5093,98.008230641933,0,45S rDNA
Chr4,2844000,2845000,208,3.94430589875647,2.21360187280029e-57,45S rDNA
Chr4,2845000,2846000,208,5.01680736414933,3.36903920068294e-74,45S rDNA
Chr4,2846000,2847000,267,5.58790776602351,3.76033760426994e-105,45S rDNA
Chr4,2847000,2848000,759,16.22306030818,0,45S rDNA
Chr4,2848000,2849000,612,12.6672116776281,0,45S rDNA
Chr4,2849000,2850000,405,9.36928557830038,3.61500921916801e-237,45S rDNA
Chr4,2850000,2851000,447,9.46186086777184,2.25073527130016e-263,45S rDNA
Chr4,2851000,2852000,869,25.1028801605775,0,45S rDNA
Chr4,2853000,2854000,4124,54.4487037717485,0,45S rDNA
Chr4,2854000,2855000,1358,23.5848426573883,0,45S rDNA
Chr4,2856000,2857000,145,3.39345204126012,2.39162894505413e-33,45S rDNA
Chr4,2857000,2858000,150,3.59214058987292,4.04637526670439e-37,45S rDNA
Chr4,2859000,2860000,232,5.27236015428066,1.06454710895195e-86,45S rDNA
Chr4,2860000,2861000,343,9.62968382054765,1.21650982514656e-204,45S rDNA
Chr4,2861000,2862000,899,20.4118593727417,0,45S rDNA
Chr4,2862000,2863000,211,4.84267057580514,1.11571672572994e-72,45S rDNA
Chr4,2863000,2864000,229,4.21226119740066,5.04516336813781e-68,45S rDNA
Chr4,2864000,2865000,4418,89.8600323572417,0,45S rDNA
Chr4,2865000,2866000,173,3.60686702582411,6.41860983171214e-43,45S rDNA
Chr4,2866000,2867000,335,7.79493951340314,1.00186089205778e-172,45S rDNA
Chr4,2867000,2868000,153,3.02976273372546,5.80935986783853e-30,45S rDNA
Chr4,2868000,2869000,213,5.31476529824882,2.90910345674512e-80,45S rDNA
Chr4,2869000,2870000,160,3.61661002823681,6.92855564169658e-40,45S rDNA
Chr4,2871000,2872000,570,12.4416836305149,0,45S rDNA
Chr4,2872000,2873000,362,10.3971182458879,9.09162370608174e-227,45S rDNA
Chr4,2873000,2874000,641,10.0418218278688,0,45S rDNA
Chr4,2874000,2875000,4244,78.4540310164339,0,45S rDNA
Chr4,2875000,2876000,1198,24.4213378182415,0,45S rDNA
Chr4,2876000,2877000,340,8.50805192396707,1.29808051208124e-186,45S rDNA
Chr4,2877000,2878000,169,3.35739347456946,3.3967414788905e-38,45S rDNA
Chr4,2878000,2879000,147,3.46557812349398,9.47824321633659e-35,45S rDNA
Chr4,2882000,2883000,850,17.0299398092816,0,45S rDNA
Chr4,2883000,2884000,326,6.91082611747569,2.07476846261376e-153,45S rDNA
Chr4,2884000,2885000,1207,16.5503767975638,0,45S rDNA
Chr4,2885000,2886000,4340,87.7653075676803,0,45S rDNA
Chr4,2886000,2887000,171,3.81061182966661,2.066201969078e-45,45S rDNA
Chr4,2887000,2888000,321,6.77006394617461,1.26818218169189e-148,45S rDNA
Chr4,2888000,2889000,152,3.65292590709907,2.0887154201707e-38,45S rDNA
Chr4,2889000,2890000,227,5.00036826041234,1.20645619399418e-80,45S rDNA
Chr4,2892000,2893000,761,16.3154528072734,0,45S rDNA
Chr4,2893000,2894000,176,5.30096983934148,2.69621527948509e-66,45S rDNA
Chr4,2895000,2896000,4911,98.7239551308357,0,45S rDNA
Chr4,2896000,2897000,209,3.54715255128832,1.33863899981796e-50,45S rDNA
Chr4,2899000,2900000,134,3.2049535666123,1.49109243981945e-28,45S rDNA
Chr4,2902000,2903000,421,9.39894384127358,5.11404803869799e-247,45S rDNA
Chr4,2903000,2904000,572,16.3406858157583,0,45S rDNA
Chr4,2905000,2906000,4430,74.7645708846227,0,45S rDNA
Chr4,2906000,2907000,2475,50.0808442457116,0,45S rDNA
Chr4,2907000,2908000,210,4.73530590346034,1.00832005230826e-70,45S rDNA
Chr4,2908000,2909000,392,7.49240267308501,4.10506998639874e-196,45S rDNA
Chr4,2909000,2910000,399,9.80370466143324,1.07918393873796e-240,45S rDNA
Chr4,2910000,2911000,633,14.9249612882163,0,45S rDNA
Chr4,2911000,2912000,156,3.80779165381506,1.86051732028911e-41,45S rDNA
Chr4,2913000,2914000,864,21.2983440384787,0,45S rDNA
Chr4,2914000,2915000,252,5.72232701827791,1.98313459481548e-101,45S rDNA
Chr4,2915000,2916000,195,3.39340118481802,1.36424129456772e-44,45S rDNA
Chr4,2916000,2917000,5564,121.019474694307,0,45S rDNA
Chr4,2917000,2918000,183,3.57468634054365,7.65110517938554e-45,45S rDNA
Chr4,2918000,2919000,350,7.87930834436685,7.59381535080404e-182,45S rDNA
Chr4,2919000,2920000,175,3.6571340869757,3.6120988548469e-44,45S rDNA
Chr4,2920000,2921000,235,5.99942140853892,1.22241636043246e-98,45S rDNA
Chr4,2921000,2922000,190,4.34823663538648,1.39798191212524e-58,45S rDNA
Chr4,2923000,2924000,520,10.6862065094748,0,45S rDNA
Chr4,2924000,2925000,375,9.45716927988209,5.07742343618731e-221,45S rDNA
Chr4,2926000,2927000,4957,70.0798785196151,0,45S rDNA
Chr4,2927000,2928000,1785,32.0430858052381,0,45S rDNA
Chr4,2928000,2929000,296,6.42034483067962,2.46312996571397e-131,45S rDNA
Chr4,2929000,2930000,309,6.47299449435549,5.43158201405135e-138,45S rDNA
Chr4,2930000,2931000,361,9.87267410205394,7.7196101855047e-219,45S rDNA
Chr4,2931000,2932000,452,11.2077396497107,2.75319290089092e-296,45S rDNA
Chr4,2932000,2933000,408,10.0718129841231,2.14308321735232e-250,45S rDNA
Chr4,2933000,2934000,254,6.02503555620833,6.10456499716132e-107,45S rDNA
Chr4,2934000,2935000,803,18.2819333606748,0,45S rDNA
Chr4,2935000,2936000,134,3.19122867178115,2.21558681032578e-28,45S rDNA
Chr4,2936000,2937000,459,9.02324270560615,5.42232167316686e-262,45S rDNA
Chr4,2937000,2938000,4227,84.6126803416581,0,45S rDNA
Chr4,2939000,2940000,175,4.55536920468433,9.29822639198335e-57,45S rDNA
Chr4,2940000,2941000,180,4.11796987745459,2.71776705034343e-52,45S rDNA
Chr4,2941000,2942000,315,7.13550805564709,5.18558940495855e-152,45S rDNA
Chr4,2942000,2943000,171,3.93319584992243,3.7354055609653e-47,45S rDNA
Chr4,2943000,2944000,169,3.59497771237037,9.05843108824143e-42,45S rDNA
Chr4,2944000,2945000,717,16.5383733721751,0,45S rDNA
Chr4,2945000,2946000,224,5.26909188440028,1.09435395944526e-83,45S rDNA
Chr4,2946000,2947000,230,3.86993762586749,5.95185861684907e-62,45S rDNA
Chr4,2947000,2948000,5099,92.7563344960795,0,45S rDNA
Chr4,2948000,2949000,352,7.01274684488064,1.74236844890107e-167,45S rDNA
Chr4,2949000,2950000,338,7.87939747088349,1.21074771794479e-175,45S rDNA
Chr4,2954000,2955000,280,5.51412072448982,6.61477151282659e-109,45S rDNA
Chr4,2955000,2956000,667,14.0599856004227,0,45S rDNA
Chr4,2956000,2957000,153,3.41843660933702,1.71497798010735e-35,45S rDNA
Chr4,2957000,2958000,3155,77.5062533655399,0,45S rDNA
Chr4,2958000,2959000,3303,71.5153953599799,0,45S rDNA
Chr4,2959000,2960000,198,4.18275718448514,1.83751365432452e-58,45S rDNA
Chr4,2960000,2961000,294,5.50808336603235,3.38741071124118e-114,45S rDNA
Chr4,2961000,2962000,197,4.86160713324993,3.55799774655858e-68,45S rDNA
Chr4,2962000,2963000,318,7.10855583993253,5.29671364901301e-153,45S rDNA
Chr4,2963000,2964000,162,3.5978389214981,4.12918466928046e-40,45S rDNA
Chr4,2964000,2965000,142,3.01502593915929,1.17361412941071e-27,45S rDNA
Chr4,2965000,2966000,690,16.1086069062041,0,45S rDNA
Chr4,2966000,2967000,158,4.06527581060818,2.51332474343273e-45,45S rDNA
Chr4,2968000,2969000,4106,80.622723048563,0,45S rDNA
Chr4,2970000,2971000,130,3.20678363157047,9.62613747319657e-28,45S rDNA
Chr4,2971000,2972000,175,3.86234643955762,3.26431156459378e-47,45S rDNA
Chr4,2972000,2973000,231,6.26775832625329,1.20808247459846e-100,45S rDNA
Chr4,2973000,2974000,232,4.81339517893523,2.38284925269705e-79,45S rDNA
Chr4,2975000,2976000,559,12.3530990232851,0,45S rDNA
Chr4,2976000,2977000,412,11.3472570060174,3.69637283996217e-272,45S rDNA
Chr4,2977000,2978000,205,3.06005097073477,1.72280773661669e-40,45S rDNA
Chr4,2978000,2979000,4081,56.1605880520524,0,45S rDNA
Chr4,2979000,2980000,1393,26.1332842284298,0,45S rDNA
Chr4,2980000,2981000,254,5.78611823341848,3.08553014623821e-103,45S rDNA
Chr4,2981000,2982000,281,5.63581980104579,1.77519205155019e-111,45S rDNA
Chr4,2982000,2983000,177,4.02839180253264,3.69692446870636e-50,45S rDNA
Chr4,2983000,2984000,166,3.79790032950654,6.29187893120829e-44,45S rDNA
Chr4,2986000,2987000,822,16.5019822928784,0,45S rDNA
Chr4,2987000,2988000,296,5.93815148927029,6.18478231846848e-123,45S rDNA
Chr4,2988000,2989000,468,8.40799761598899,2.01810756166063e-254,45S rDNA
Chr4,2989000,2990000,4679,78.8937560423512,0,45S rDNA
Chr4,2991000,2992000,154,3.91208009222687,2.83957723478608e-42,45S rDNA
Chr4,2993000,2994000,270,6.54492451827191,8.88285191138126e-122,45S rDNA
Chr4,2994000,2995000,167,4.02597733785568,2.46630161369423e-47,45S rDNA
Chr4,2996000,2997000,755,17.9782915850212,0,45S rDNA
Chr4,2997000,2998000,248,5.73724153930493,4.6155122635691e-100,45S rDNA
Chr4,2998000,2999000,214,3.56254958750831,4.42608843544838e-52,45S rDNA
Chr4,2999000,3000000,5932,115.345578804387,0,45S rDNA
Chr4,3000000,3001000,628,10.7440468683872,0,45S rDNA
Chr4,3001000,3002000,351,7.62612090458842,4.93743988304796e-178,45S rDNA
Chr4,3002000,3003000,186,3.28939235995394,8.32156195322864e-41,45S rDNA
Chr4,3003000,3004000,267,6.24133641073979,8.58130311904948e-116,45S rDNA
Chr4,3004000,3005000,282,6.93020993345789,4.13972773812376e-133,45S rDNA
Chr4,3005000,3006000,210,5.09481501016392,4.94163369789224e-76,45S rDNA
Chr4,3006000,3007000,149,3.84259865547624,4.59280918693654e-40,45S rDNA
Chr4,3007000,3008000,1130,26.2949061230209,0,45S rDNA
Chr4,3008000,3009000,284,5.54651830657164,4.83373288287042e-111,45S rDNA
Chr4,3009000,3010000,2655,41.7529733604081,0,45S rDNA
Chr4,3010000,3011000,7109,136.750977346772,0,45S rDNA
Chr4,3011000,3012000,227,4.18817131460304,5.26436582710305e-67,45S rDNA
Chr4,3012000,3013000,347,8.14516158984965,1.15345514672808e-184,45S rDNA
Chr4,3013000,3014000,163,3.56235150119755,7.56229370273044e-40,45S rDNA
Chr4,3014000,3015000,256,6.52098785319034,3.67414548419289e-115,45S rDNA
Chr4,3015000,3016000,254,5.9091627557258,3.68768040707899e-105,45S rDNA
Chr4,3017000,3018000,482,10.427073207416,3.39824589182646e-302,45S rDNA
Chr4,3018000,3019000,427,11.1469866618691,4.97184368387176e-279,45S rDNA
Chr4,3019000,3020000,249,4.16112606427549,6.88778966624763e-73,45S rDNA
Chr4,3020000,3021000,4333,89.365935009571,0,45S rDNA
Chr4,3021000,3022000,1460,29.6009797517193,0,45S rDNA
Chr4,3022000,3023000,286,6.67612232244121,4.93195795544832e-131,45S rDNA
Chr4,3023000,3024000,241,4.84448762478194,6.25170559838339e-83,45S rDNA
Chr4,3024000,3025000,232,5.71477782579335,2.47066580624217e-93,45S rDNA
Chr4,3025000,3026000,184,4.36226683321777,5.91631047323056e-57,45S rDNA
Chr4,3028000,3029000,881,18.637706406656,0,45S rDNA
Chr4,3029000,3030000,219,3.93221804338591,3.72002557117442e-60,45S rDNA
Chr4,3030000,3031000,545,7.56500541060759,2.74219789938993e-274,45S rDNA
Chr4,3031000,3032000,4677,94.204397447669,0,45S rDNA
Chr4,3032000,3033000,195,3.97853594198613,2.16889155850885e-54,45S rDNA
Chr4,3033000,3034000,308,6.61363290756474,5.55755102011856e-140,45S rDNA
Chr4,3035000,3036000,149,4.53103871230531,3.62669100432507e-48,45S rDNA
Chr4,3036000,3037000,156,3.71185014791908,3.45898528973394e-40,45S rDNA
Chr4,3037000,3038000,137,3.29243979784587,2.75275857224333e-30,45S rDNA
Chr4,3038000,3039000,743,15.2439088824102,0,45S rDNA
Chr4,3041000,3042000,3943,73.7995010775887,0,45S rDNA
Chr4,3042000,3043000,1407,27.586345138375,0,45S rDNA
Chr4,3043000,3044000,190,4.35620408684848,1.06946499156725e-58,45S rDNA
Chr4,3044000,3045000,267,5.01326383960431,5.90607449800395e-95,45S rDNA
Chr4,3045000,3046000,172,4.33550376412974,6.17873244878092e-53,45S rDNA
Chr4,3046000,3047000,225,6.12779798626124,3.34208750952324e-96,45S rDNA
Chr4,3047000,3048000,145,3.55838262894823,1.77518299926339e-35,45S rDNA
Chr4,3049000,3050000,808,18.4083289731405,0,45S rDNA
Chr4,3050000,3051000,252,4.50877127276886,1.66344993853321e-80,45S rDNA
Chr4,3051000,3052000,407,5.92167160845659,2.68577423062156e-168,45S rDNA
Chr4,3052000,3053000,6702,132.676119391295,0,45S rDNA
Chr4,3053000,3054000,228,4.25168115719385,1.96139253910537e-68,45S rDNA
Chr4,3054000,3055000,434,10.3604190654031,4.26444501274189e-271,45S rDNA
Chr4,3055000,3056000,260,5.85254237774363,1.00806387556181e-106,45S rDNA
Chr4,3056000,3057000,611,13.8704391635085,0,45S rDNA
Chr4,3057000,3058000,402,11.7507944937925,3.85271839678208e-271,45S rDNA
Chr4,3059000,3060000,631,14.2076637643247,0,45S rDNA
Chr4,3060000,3061000,291,9.12717733711342,1.05248895541186e-167,45S rDNA
Chr4,3062000,3063000,5566,99.3247311490775,0,45S rDNA
Chr4,3063000,3064000,1053,22.1465146786417,0,45S rDNA
Chr4,3064000,3065000,316,6.99782336869471,3.37296359892998e-150,45S rDNA
Chr4,3065000,3066000,189,3.80168513186832,5.71818935047559e-50,45S rDNA
Chr4,3066000,3067000,237,6.59639463694056,1.12346832613064e-107,45S rDNA
Chr4,3067000,3068000,232,5.13083201095117,1.74190569985429e-84,45S rDNA
Chr4,3068000,3069000,166,3.7186446048279,8.20911053978148e-43,45S rDNA
Chr4,3070000,3071000,716,12.1334526591263,0,45S rDNA
Chr4,3071000,3072000,226,4.17472273167392,1.79099386861843e-66,45S rDNA
Chr4,3072000,3073000,1305,23.4485343190304,0,45S rDNA
Chr4,3073000,3074000,5492,100.881660066493,0,45S rDNA
Chr4,3074000,3075000,177,3.57846488169436,1.86677650563675e-43,45S rDNA
Chr4,3075000,3076000,337,6.46865421966173,2.45669181795602e-150,45S rDNA
Chr4,3076000,3077000,138,3.12957314282177,2.08596810168561e-28,45S rDNA
Chr4,3077000,3078000,189,4.57507673266252,1.63497571839745e-61,45S rDNA
Chr4,3080000,3081000,745,12.7560801207877,0,45S rDNA
Chr4,3082000,3083000,2662,45.1852678067578,0,45S rDNA
Chr4,3083000,3084000,3043,74.4897708978911,0,45S rDNA
Chr4,3084000,3085000,176,3.34874990706166,1.31369581472488e-39,45S rDNA
Chr4,3085000,3086000,357,7.02324992763558,4.74612336184711e-170,45S rDNA
Chr4,3086000,3087000,177,3.89125882512254,3.60997538556439e-48,45S rDNA
Chr4,3087000,3088000,222,4.99548579188262,8.2276233978499e-79,45S rDNA
Chr4,3090000,3091000,855,19.3273509161209,0,45S rDNA
Chr4,3091000,3092000,196,4.57257890807137,1.0041888204496e-63,45S rDNA
Chr4,3093000,3094000,8214,130.181995910707,0,45S rDNA
Chr4,3096000,3097000,280,6.55670522079227,1.92926913969023e-126,45S rDNA
Chr4,3097000,3098000,819,19.9144243042574,0,45S rDNA
Chr4,3098000,3099000,230,5.06394510517808,1.03630138982005e-82,45S rDNA
Chr4,3099000,3100000,143,3.27000360356465,2.75674582875504e-31,45S rDNA
Chr4,3100000,3101000,518,11.5349112816365,0,45S rDNA
Chr4,3101000,3102000,455,10.451112418356,1.00405632658621e-285,45S rDNA
Chr4,3103000,3104000,5437,91.7402532470754,0,45S rDNA
Chr4,3104000,3105000,2127,36.262419126149,0,45S rDNA
Chr4,3107000,3108000,199,5.45345175638098,7.53180144065612e-77,45S rDNA
Chr4,3108000,3109000,267,6.6859194108544,1.57145257615647e-122,45S rDNA
Chr4,3109000,3110000,177,3.79661954154158,9.06647872915845e-47,45S rDNA
Chr4,3110000,3111000,111,3.01320929426303,9.5475759720696e-22,45S rDNA
Chr4,3111000,3112000,903,20.2875522269838,0,45S rDNA
Chr4,3112000,3113000,263,4.52657477770621,2.46196179608004e-84,45S rDNA
Chr4,3113000,3114000,448,7.33034874392233,2.49524045247725e-220,45S rDNA
Chr4,3114000,3115000,7410,165.865003283551,0,45S rDNA
Chr4,3115000,3116000,231,4.63254080038665,5.51321898636196e-76,45S rDNA
Chr4,3116000,3117000,331,7.11170333739196,2.82617507383045e-159,45S rDNA
Chr4,3117000,3118000,161,3.13667934886814,3.94452894455246e-33,45S rDNA
Chr4,3118000,3119000,249,5.42942768066443,1.42280391491286e-95,45S rDNA
Chr4,3119000,3120000,131,3.35462495813527,9.78813792780133e-30,45S rDNA
Chr4,3121000,3122000,715,15.1203557352955,0,45S rDNA
Chr4,3122000,3123000,246,6.68381412002357,6.28354877808193e-113,45S rDNA
Chr4,3123000,3124000,201,3.99232062542709,2.88215344760715e-56,45S rDNA
Chr4,3124000,3125000,7135,135.519287313438,0,45S rDNA
Chr4,3125000,3126000,919,15.9702798833958,0,45S rDNA
Chr4,3126000,3127000,340,8.54221866319867,3.9017205538137e-187,45S rDNA
Chr4,3128000,3129000,228,5.26513050390832,4.15926683583896e-85,45S rDNA
Chr4,3129000,3130000,230,4.74656765708528,1.44077753505495e-77,45S rDNA
Chr4,3132000,3133000,827,22.1509168854248,0,45S rDNA
Chr4,3133000,3134000,245,4.47042311105706,1.3848387656281e-77,45S rDNA
Chr4,3134000,3135000,2446,44.8519889970396,0,45S rDNA
Chr4,3135000,3136000,5648,110.704985334766,0,45S rDNA
Chr4,3136000,3137000,162,3.17128375455604,7.3610798262631e-34,45S rDNA
Chr4,3137000,3138000,357,7.38119414319772,1.11383019683985e-176,45S rDNA
Chr4,3138000,3139000,146,4.1439692997569,7.36591004968429e-43,45S rDNA
Chr4,3139000,3140000,242,5.50274024281803,4.6404333009904e-94,45S rDNA
Chr4,3142000,3143000,803,13.9049587862383,0,45S rDNA
Chr4,3143000,3144000,324,3.67592870427798,1.27308503800265e-81,45S rDNA
Chr4,3144000,3145000,2402,47.9470690701583,0,45S rDNA
Chr4,3145000,3146000,2487,53.6561556757991,0,45S rDNA
Chr4,3147000,3148000,309,6.05751856867128,1.61305960069601e-130,45S rDNA
Chr4,3148000,3149000,179,4.70321575283543,5.54949269027009e-60,45S rDNA
Chr4,3149000,3150000,284,6.04254839902926,8.95746282395588e-120,45S rDNA
Chr4,3152000,3153000,832,17.7966812441355,0,45S rDNA
Chr4,3153000,3154000,472,10.4432037696055,3.14617927951405e-296,45S rDNA
Chr4,3154000,3155000,697,11.3470845542819,0,45S rDNA
Chr4,3155000,3156000,8158,135.213814230235,0,45S rDNA
Chr4,3157000,3158000,158,4.01649559803724,1.0541465160807e-44,45S rDNA
Chr4,3158000,3159000,284,5.83122497930012,3.98255681761466e-116,45S rDNA
Chr4,3159000,3160000,792,21.9596924519718,0,45S rDNA
Chr4,3162000,3163000,468,7.3909064789598,1.43536036528934e-231,45S rDNA
Chr4,3163000,3164000,436,11.3023512145222,2.81182885691241e-287,45S rDNA
Chr4,3165000,3166000,5631,85.6932299599722,0,45S rDNA
Chr4,3166000,3167000,2213,41.5596789195317,0,45S rDNA
Chr4,3167000,3168000,148,3.40065320711425,4.04619959660524e-34,45S rDNA
Chr4,3168000,3169000,221,4.39785648044372,7.53087546508398e-69,45S rDNA
Chr4,3169000,3170000,156,3.46189737234286,8.79939755408025e-37,45S rDNA
Chr4,3170000,3171000,172,3.99382262196711,2.79930931762812e-48,45S rDNA
Chr4,3173000,3174000,832,18.5147599738216,0,45S rDNA
Chr4,3174000,3175000,277,5.91972089864825,8.71380020081606e-115,45S rDNA
Chr4,3175000,3176000,467,8.24283178002184,2.41946383726442e-250,45S rDNA
Chr4,3176000,3177000,7439,143.651067901179,0,45S rDNA
Chr4,3177000,3178000,202,3.42413934320037,1.00845662811308e-46,45S rDNA
Chr4,3178000,3179000,366,7.59275898745803,5.3715976854137e-185,45S rDNA
Chr4,3179000,3180000,163,3.75414678478231,1.51969872909798e-42,45S rDNA
Chr4,3180000,3181000,249,6.63299717251286,1.35404628949816e-113,45S rDNA
Chr4,3181000,3182000,199,4.43580602418763,1.19713071437468e-62,45S rDNA
Chr4,3182000,3183000,129,3.38813433715321,1.10144900375255e-29,45S rDNA
Chr4,3183000,3184000,703,15.3665229959095,0,45S rDNA
Chr4,3184000,3185000,289,6.29032061372513,4.35342441013601e-126,45S rDNA
Chr4,3186000,3187000,6966,146.415424166648,0,45S rDNA
Chr4,3187000,3188000,996,17.0043202149048,0,45S rDNA
Chr4,3188000,3189000,363,8.50577185180676,3.85361949013986e-199,45S rDNA
Chr4,3189000,3190000,184,3.55348114340495,9.65245543333381e-45,45S rDNA
Chr4,3190000,3191000,204,4.74566600634663,7.06269118525966e-69,45S rDNA
Chr4,3191000,3192000,207,3.98593897828661,8.16041493336428e-58,45S rDNA
Chr4,3194000,3195000,826,18.6161011247588,0,45S rDNA
Chr4,3195000,3196000,296,5.86382176797673,1.36487275249816e-121,45S rDNA
Chr4,3196000,3197000,2082,43.8666069457973,0,45S rDNA
Chr4,3197000,3198000,5125,102.398711625486,0,45S rDNA
Chr4,3198000,3199000,222,4.34987395061215,2.42090812473424e-68,45S rDNA
Chr4,3199000,3200000,482,10.1458678370341,4.93918667630288e-297,45S rDNA
Chr4,3200000,3201000,379,8.69196932285312,4.99193438324982e-211,45S rDNA
Chr4,3201000,3202000,784,20.473272497027,0,45S rDNA
Chr4,3202000,3203000,253,5.85798856479763,5.89160013503231e-104,45S rDNA
Chr4,3204000,3205000,876,17.7767903030776,0,45S rDNA
Chr4,3205000,3206000,185,4.72324991927349,3.09903532597758e-62,45S rDNA
Chr4,3207000,3208000,5387,109.36348489913,0,45S rDNA
Chr4,3208000,3209000,229,4.61485237027618,4.90231918485365e-75,45S rDNA
Chr4,3209000,3210000,335,7.49150065046866,1.03732358585518e-167,45S rDNA
Chr4,3210000,3211000,145,3.15347189038723,3.8650729783297e-30,45S rDNA
Chr4,3211000,3212000,199,4.58038535367225,8.38246545440518e-65,45S rDNA
Chr4,3212000,3213000,201,4.25848941679373,1.56814804716737e-60,45S rDNA
Chr4,3214000,3215000,519,12.8938166962125,0,45S rDNA
Chr4,3215000,3216000,462,13.3093473804619,0,45S rDNA
Chr4,3216000,3217000,226,3.75233413218461,1.17668219786698e-58,45S rDNA
Chr4,3217000,3218000,5189,112.035375194975,0,45S rDNA
Chr4,3218000,3219000,2222,39.556177738,0,45S rDNA
Chr4,3220000,3221000,194,4.47069720424326,1.31979144251659e-61,45S rDNA
Chr4,3221000,3222000,435,11.2190475311921,2.38987304107908e-285,45S rDNA
Chr4,3222000,3223000,647,16.1067736710399,0,45S rDNA
Chr4,3223000,3224000,179,4.76925105519424,7.75258136110167e-61,45S rDNA
Chr4,3225000,3226000,834,16.4040322289372,0,45S rDNA
Chr4,3227000,3228000,620,5.63041077330349,1.10365581336628e-244,45S rDNA
Chr4,3228000,3229000,8349,157.124105860336,0,45S rDNA
Chr4,3229000,3230000,271,5.037579718225,8.04778948355472e-97,45S rDNA
Chr4,3230000,3231000,345,8.89958500993126,2.65263896329403e-195,45S rDNA
Chr4,3231000,3232000,163,3.35816011594754,7.0721931716643e-37,45S rDNA
Chr4,3232000,3233000,246,5.50429553991547,1.26025140892559e-95,45S rDNA
Chr4,3233000,3234000,247,5.61483891362203,9.29364330341722e-98,45S rDNA
Chr4,3234000,3235000,132,3.0802097897986,1.39046652513623e-26,45S rDNA
Chr4,3235000,3236000,521,11.8582566830581,0,45S rDNA
Chr4,3236000,3237000,495,11.4163901380582,0,45S rDNA
Chr4,3238000,3239000,6090,90.9974990075237,0,45S rDNA
Chr4,3239000,3240000,3312,57.4632915257764,0,45S rDNA
Chr4,3240000,3241000,187,3.95163269788201,8.86237450583055e-52,45S rDNA
Chr4,3241000,3242000,331,7.73422638863426,1.07452101541034e-169,45S rDNA
Chr4,3243000,3244000,189,4.41905659766253,2.67134038849741e-59,45S rDNA
Chr4,3246000,3247000,790,16.1642961226135,0,45S rDNA
Chr4,3247000,3248000,183,3.99073692110799,2.84034085896555e-51,45S rDNA
Chr4,3248000,3249000,230,3.3973846490858,1.54541692243513e-52,45S rDNA
Chr4,3249000,3250000,4625,93.6185335473005,0,45S rDNA
Chr4,3251000,3252000,105,3.03774663756305,7.44553821721042e-21,45S rDNA
Chr4,3254000,3255000,222,4.85815566381152,1.13842470913725e-76,45S rDNA
Chr4,3256000,3257000,445,9.28067880094118,7.2603760457715e-259,45S rDNA
Chr4,3257000,3258000,488,13.657448914697,0,45S rDNA
Chr4,3259000,3260000,5232,113.477785727431,0,45S rDNA
Chr4,3260000,3261000,2541,46.1773887271692,0,45S rDNA
Chr4,3261000,3262000,185,3.95360421028854,2.90455416374782e-51,45S rDNA
Chr4,3262000,3263000,300,6.11521566590391,8.98345898483454e-128,45S rDNA
Chr4,3264000,3265000,232,5.83576539504152,4.45559851046766e-95,45S rDNA
Chr4,3265000,3266000,144,3.57947399032581,1.67086931087509e-35,45S rDNA
Chr4,3266000,3267000,154,3.59253125225355,4.28095749288422e-38,45S rDNA
Chr4,3267000,3268000,725,15.9125612492242,0,45S rDNA
Chr4,3268000,3269000,285,6.21068478606089,4.94393874864563e-123,45S rDNA
Chr4,3269000,3270000,335,4.73057023969816,3.19353040572204e-112,45S rDNA
Chr4,3270000,3271000,7084,152.01572940829,0,45S rDNA
Chr4,3271000,3272000,309,5.27161554176016,3.44881166654208e-115,45S rDNA
Chr4,3272000,3273000,330,7.78628753434799,5.06713898276446e-170,45S rDNA
Chr4,3274000,3275000,152,3.92502247763302,6.7642534872275e-42,45S rDNA
Chr4,3277000,3278000,598,13.0735219642478,0,45S rDNA
Chr4,3278000,3279000,378,9.31573142549034,1.41761129226602e-220,45S rDNA
Chr4,3279000,3280000,222,3.87369478279336,6.79475478864995e-60,45S rDNA
Chr4,3280000,3281000,3759,76.5690798192319,0,45S rDNA
Chr4,3281000,3282000,1008,19.7575469577627,0,45S rDNA
Chr4,3284000,3285000,200,5.45435142012216,3.04032784931894e-77,45S rDNA
Chr4,3285000,3286000,137,3.34789987622277,5.56236165483382e-31,45S rDNA
Chr4,3288000,3289000,875,18.4144562983429,0,45S rDNA
Chr4,3289000,3290000,804,12.4579066580991,0,45S rDNA
Chr4,3290000,3291000,541,10.5719146082666,0,45S rDNA
Chr4,3291000,3292000,4442,78.5980066061553,0,45S rDNA
Chr4,3293000,3294000,257,5.45070247375656,5.67646627248359e-99,45S rDNA
Chr4,3294000,3295000,160,3.87284669569501,2.26880783834931e-43,45S rDNA
Chr4,3295000,3296000,290,6.61297009783238,7.73299070927145e-132,45S rDNA
Chr4,3296000,3297000,144,3.73192019651574,2.12354585019825e-37,45S rDNA
Chr4,3298000,3299000,810,15.89683313295,0,45S rDNA
Chr4,3299000,3300000,209,4.87955819183639,1.52155534129314e-72,45S rDNA
Chr4,3301000,3302000,4606,102.028133286229,0,45S rDNA
Chr4,3302000,3303000,199,3.56161199769723,1.81560684792392e-48,45S rDNA
Chr4,3305000,3306000,216,5.3383896397909,1.01584996555593e-81,45S rDNA
Chr4,3306000,3307000,228,4.62660134843231,6.56939989070609e-75,45S rDNA
Chr4,3308000,3309000,314,6.72695754167291,1.1675961668059e-144,45S rDNA
Chr4,3309000,3310000,623,15.9048490958287,0,45S rDNA
Chr4,3311000,3312000,4864,97.6908483758869,0,45S rDNA
Chr4,3312000,3313000,3239,63.3658256889643,0,45S rDNA
Chr4,3313000,3314000,252,5.61251486891169,1.10528434481055e-99,45S rDNA
Chr4,3314000,3315000,500,9.77500946611904,7.92787076037824e-301,45S rDNA
Chr4,3315000,3316000,299,8.20342451607505,4.68831582170468e-160,45S rDNA
Chr4,3319000,3320000,877,16.3472023373109,0,45S rDNA
Chr4,3320000,3321000,205,3.95027707007024,1.15001830324806e-56,45S rDNA
Chr4,3322000,3323000,3821,78.6482005935955,0,45S rDNA
Chr4,3324000,3325000,383,8.90923767842313,6.98692590682184e-217,45S rDNA
Chr4,3325000,3326000,168,3.54265122931305,9.33365661401744e-41,45S rDNA
Chr4,3326000,3327000,208,5.49548129674978,7.40815098911918e-81,45S rDNA
Chr4,3327000,3328000,167,3.8471582535208,7.05227925061553e-45,45S rDNA
Chr4,3329000,3330000,505,11.3949838582327,0,45S rDNA
Chr4,3330000,3331000,367,7.88095275955587,1.15847647273597e-190,45S rDNA
Chr4,3331000,3332000,283,4.76510994043652,1.22768088860981e-95,45S rDNA
Chr4,3332000,3333000,5324,119.165440471084,0,45S rDNA
Chr4,3333000,3334000,2130,40.5390430368851,0,45S rDNA
Chr4,3334000,3335000,325,8.35674799442137,3.43239432629105e-176,45S rDNA
Chr4,3335000,3336000,176,3.17208737145326,9.77965273487601e-37,45S rDNA
Chr4,3336000,3337000,523,10.2808807228563,0,45S rDNA
Chr4,3337000,3338000,862,19.5651150355142,0,45S rDNA
Chr4,3338000,3339000,365,10.041046875931,1.15977351312502e-223,45S rDNA
Chr4,3339000,3340000,304,8.1830451816037,1.98359650096974e-162,45S rDNA
Chr4,3340000,3341000,2185,47.4808750670955,0,45S rDNA
Chr4,3341000,3342000,210,4.3555983904556,8.78832098421039e-65,45S rDNA
Chr4,3342000,3343000,380,7.02625242878983,5.20779056320489e-181,45S rDNA
Chr4,3343000,3344000,4398,89.8365737286826,0,45S rDNA
Chr4,3345000,3346000,451,9.5880947183698,4.80102661117861e-268,45S rDNA
Chr4,3346000,3347000,317,7.441841479076,5.88255914142929e-158,45S rDNA
Chr4,3347000,3348000,920,23.6317438241644,0,45S rDNA
Chr4,3348000,3349000,646,17.2994210665633,0,45S rDNA
Chr4,3350000,3351000,755,15.2271683373864,0,45S rDNA
Chr4,3351000,3352000,177,4.53055660563554,4.52593400720283e-57,45S rDNA
Chr4,3353000,3354000,6991,141.289316011428,0,45S rDNA
Chr4,3354000,3355000,453,7.23361849656148,1.58569654766442e-220,45S rDNA
Chr4,3355000,3356000,219,5.19419869491208,9.78656966042714e-81,45S rDNA
Chr4,3357000,3358000,212,5.68747971881056,5.43065814747647e-85,45S rDNA
Chr4,3358000,3359000,192,4.25278287593208,9.03872844430909e-58,45S rDNA
Chr4,3360000,3361000,225,5.45212333539172,9.03960638135562e-87,45S rDNA
Chr4,3361000,3362000,642,14.4293756966741,0,45S rDNA
Chr4,3363000,3364000,3342,65.1009467265582,0,45S rDNA
Chr4,3364000,3365000,4195,77.7096700840227,0,45S rDNA
Chr4,3366000,3367000,250,4.72798906280899,6.56872758462186e-84,45S rDNA
Chr4,3367000,3368000,258,5.66516127994523,6.7326273938195e-103,45S rDNA
Chr4,3368000,3369000,707,17.5220094076551,0,45S rDNA
Chr4,3369000,3370000,215,5.84194127419253,2.99231549128919e-88,45S rDNA
Chr4,3371000,3372000,809,17.8866253804912,0,45S rDNA
Chr4,3372000,3373000,198,4.07315966269684,9.82720266089634e-57,45S rDNA
Chr4,3374000,3375000,5076,101.673356079286,0,45S rDNA
Chr4,3376000,3377000,218,5.31531229020549,3.89037728638838e-82,45S rDNA
Chr4,3377000,3378000,252,5.85277217594515,1.81412984369393e-103,45S rDNA
Chr4,3378000,3379000,213,5.3160904282864,2.78710357641804e-80,45S rDNA
Chr4,3379000,3380000,160,3.74406113261568,1.22441983264499e-41,45S rDNA
Chr4,3381000,3382000,468,9.58070672670109,5.65311210006596e-278,45S rDNA
Chr4,3382000,3383000,439,10.620986626753,1.73374494891838e-278,45S rDNA
Chr4,3383000,3384000,593,8.93368707526686,0,45S rDNA
Chr4,3384000,3385000,3899,78.7994626131539,0,45S rDNA
Chr4,3385000,3386000,1410,25.2468273065534,0,45S rDNA
Chr4,3386000,3387000,210,4.44752073033668,2.97005187280446e-66,45S rDNA
Chr4,3387000,3388000,281,5.42914044142435,9.5860280339808e-108,45S rDNA
Chr4,3388000,3389000,146,3.76717198812157,2.40161997041019e-38,45S rDNA
Chr4,3390000,3391000,186,4.13268588989053,3.14947331686325e-54,45S rDNA
Chr4,3391000,3392000,300,7.72284822716667,1.01413290116816e-153,45S rDNA
Chr4,3392000,3393000,849,21.0882719076142,0,45S rDNA
Chr4,3393000,3394000,191,3.83056108742665,5.93246002693702e-51,45S rDNA
Chr4,3394000,3395000,387,5.26238959144543,8.24159998240595e-144,45S rDNA
Chr4,3395000,3396000,3706,72.0163549286983,0,45S rDNA
Chr4,3396000,3397000,196,3.71393553543273,2.47322043302954e-50,45S rDNA
Chr4,3397000,3398000,298,6.14990070352789,1.54100684344846e-127,45S rDNA
Chr4,3402000,3403000,676,14.4899926081258,0,45S rDNA
Chr4,3403000,3404000,216,5.61277503759182,1.465932345994e-85,45S rDNA
Chr4,3405000,3406000,4135,81.4718178624682,0,45S rDNA
Chr4,3406000,3407000,579,10.6944312186515,0,45S rDNA
Chr4,3407000,3408000,199,4.38551288527065,6.91356443867935e-62,45S rDNA
Chr4,3409000,3410000,182,4.60612582458205,1.11026380542828e-59,45S rDNA
Chr4,3410000,3411000,211,4.51117208807649,1.41279532760319e-67,45S rDNA
Chr4,3413000,3414000,753,16.5072086026077,0,45S rDNA
Chr4,3414000,3415000,289,5.20051853894601,2.07557972749497e-106,45S rDNA
Chr4,3415000,3416000,1429,25.4504593473187,0,45S rDNA
Chr4,3416000,3417000,2605,51.8158101262689,0,45S rDNA
Chr4,3417000,3418000,217,4.57496074620911,1.65825924728136e-70,45S rDNA
Chr4,3418000,3419000,412,9.18572428049898,4.26226824715776e-238,45S rDNA
Chr4,3419000,3420000,294,6.50811353929917,6.45020885987351e-132,45S rDNA
Chr4,3420000,3421000,603,15.2455373153978,0,45S rDNA
Chr4,3421000,3422000,517,12.8816948237308,0,45S rDNA
Chr4,3423000,3424000,801,18.7733290879587,0,45S rDNA
Chr4,3424000,3425000,204,4.5701562860873,2.94625854920073e-66,45S rDNA
Chr4,3426000,3427000,4925,118.04078734733,0,45S rDNA
Chr4,3427000,3428000,202,3.60981859438257,4.88747840832186e-50,45S rDNA
Chr4,3428000,3429000,265,5.78555308091928,1.15634599648428e-107,45S rDNA
Chr4,3430000,3431000,249,5.79755657963836,2.13311515823332e-101,45S rDNA
Chr4,3431000,3432000,252,6.17400674988034,2.4456204553692e-108,45S rDNA
Chr4,3433000,3434000,505,10.492112316539,1.11253692967019e-308,45S rDNA
Chr4,3434000,3435000,493,12.6448748517921,0,45S rDNA
Chr4,3435000,3436000,203,3.36906239590015,6.08586695472807e-46,45S rDNA
Chr4,3436000,3437000,4457,79.4356071644688,0,45S rDNA
Chr4,3437000,3438000,1782,32.3929639566251,0,45S rDNA
Chr4,3438000,3439000,203,4.90892616037487,6.61705990420764e-71,45S rDNA
Chr4,3439000,3440000,322,5.97174932634905,2.59623239337754e-134,45S rDNA
Chr4,3440000,3441000,214,4.96963476851583,1.29439405770775e-75,45S rDNA
Chr4,3441000,3442000,261,6.91219179529432,5.21428382703315e-123,45S rDNA
Chr4,3442000,3443000,164,3.50406861212335,3.0310856518687e-39,45S rDNA
Chr4,3444000,3445000,847,20.1582343839301,0,45S rDNA
Chr4,3445000,3446000,300,6.15564114611819,1.7201686873881e-128,45S rDNA
Chr4,3446000,3447000,266,4.56584419092943,4.57361374239025e-86,45S rDNA
Chr4,3447000,3448000,4502,87.1883205685978,0,45S rDNA
Chr4,3448000,3449000,203,3.72648080705516,2.54991095280466e-52,45S rDNA
Chr4,3449000,3450000,370,7.66026147714231,3.04444133782581e-188,45S rDNA
Chr4,3450000,3451000,257,5.35204722536278,2.59058159801806e-97,45S rDNA
Chr4,3451000,3452000,531,12.908414239929,0,45S rDNA
Chr4,3452000,3453000,669,17.0726726804035,0,45S rDNA
Chr4,3454000,3455000,662,14.1098374742507,0,45S rDNA
Chr4,3455000,3456000,293,5.59084796802765,2.29776296317404e-115,45S rDNA
Chr4,3457000,3458000,6873,125.821884791687,0,45S rDNA
Chr4,3458000,3459000,1490,26.05475881078,0,45S rDNA
Chr4,3459000,3460000,473,10.6537133687519,1.46001934738679e-300,45S rDNA
Chr4,3460000,3461000,322,6.12145418079366,3.3638881242643e-137,45S rDNA
Chr4,3461000,3462000,614,10.367647188429,0,45S rDNA
Chr4,3465000,3466000,817,17.3387405068482,0,45S rDNA
Chr4,3466000,3467000,273,5.30555137630776,1.75775328802991e-102,45S rDNA
Chr4,3467000,3468000,1329,23.3147929053322,0,45S rDNA
Chr4,3468000,3469000,5024,97.6803623998188,0,45S rDNA
Chr4,3469000,3470000,185,3.44533620855656,3.30829747956735e-43,45S rDNA
Chr4,3470000,3471000,386,8.35437405253788,4.69780838728546e-209,45S rDNA
Chr4,3471000,3472000,177,4.64031277299527,1.65422977753461e-58,45S rDNA
Chr4,3472000,3473000,301,7.16793060920076,8.40923108867124e-146,45S rDNA
Chr4,3473000,3474000,143,3.13930385977395,1.52664646424988e-29,45S rDNA
Chr4,3475000,3476000,862,17.601519421771,0,45S rDNA
Chr4,3476000,3477000,214,5.01735816130401,2.52507365350477e-76,45S rDNA
Chr4,3477000,3478000,187,3.53787263085751,3.34755960627888e-45,45S rDNA
Chr4,3478000,3479000,4703,106.377794556759,0,45S rDNA
Chr4,3479000,3480000,168,3.23667716605862,4.12317353220936e-36,45S rDNA
Chr4,3480000,3481000,100,3.00107883189303,1.54021516429686e-19,45S rDNA
Chr4,3483000,3484000,227,5.62762020119591,4.30395307720044e-90,45S rDNA
Chr4,3485000,3486000,450,9.98402903463321,1.52363422357388e-274,45S rDNA
Chr4,3486000,3487000,487,12.1964421869414,0,45S rDNA
Chr4,3487000,3488000,240,3.76806434773479,1.4695675269043e-62,45S rDNA
Chr4,3488000,3489000,3730,62.4819766477788,0,45S rDNA
Chr4,3489000,3490000,1457,30.0467932274131,0,45S rDNA
Chr4,3490000,3491000,179,4.51564420724919,1.65648053645535e-57,45S rDNA
Chr4,3491000,3492000,266,5.52481831319694,1.09876013517703e-103,45S rDNA
Chr4,3493000,3494000,956,21.7851098110589,0,45S rDNA
Chr4,3496000,3497000,799,16.8833577636384,0,45S rDNA
Chr4,3497000,3498000,271,5.67162174004634,3.75516705863112e-108,45S rDNA
Chr4,3498000,3499000,378,7.39640758783861,2.60460999738981e-187,45S rDNA
Chr4,3499000,3500000,6750,101.812950343569,0,45S rDNA
Chr4,3500000,3501000,181,3.18297302178231,6.07331963176923e-38,45S rDNA
Chr4,3501000,3502000,337,7.25424047213287,1.2137066743393e-164,45S rDNA
Chr4,3502000,3503000,159,3.09530465297723,4.18621110792055e-32,45S rDNA
Chr4,3503000,3504000,210,6.04665805607258,7.932129323838e-89,45S rDNA
Chr4,3504000,3505000,189,4.54076228458963,4.95980439197996e-61,45S rDNA
Chr4,3506000,3507000,593,13.8967303691,0,45S rDNA
Chr4,3507000,3508000,321,9.19777186332653,7.37168389766487e-186,45S rDNA
Chr4,3509000,3510000,5187,91.3121664152697,0,45S rDNA
Chr4,3510000,3511000,1516,30.2221742410142,0,45S rDNA
Chr4,3511000,3512000,322,7.6712124683689,4.11377478555168e-164,45S rDNA
Chr4,3512000,3513000,263,4.78817058284714,2.26278766507816e-89,45S rDNA
Chr4,3513000,3514000,447,12.4042248371178,1.11507541965373e-308,45S rDNA
Chr4,3514000,3515000,557,13.1702488087517,0,45S rDNA
Chr4,3515000,3516000,703,15.5748336324391,0,45S rDNA
Chr4,3516000,3517000,297,7.02048347081273,1.41499802414895e-141,45S rDNA
Chr4,3517000,3518000,877,13.6790251025583,0,45S rDNA
Chr4,3518000,3519000,165,3.05129547981446,1.34946561123498e-32,45S rDNA
Chr4,3519000,3520000,7875,162.426261257428,0,45S rDNA
Chr4,3520000,3521000,376,6.34731146314934,5.05702328093837e-165,45S rDNA
Chr4,3521000,3522000,463,10.9553848941491,2.57790274903601e-299,45S rDNA
Chr4,3522000,3523000,272,5.77893829291721,2.25316677623575e-110,45S rDNA
Chr4,3523000,3524000,861,20.0260116412289,0,45S rDNA
Chr4,3524000,3525000,289,6.98646006219209,2.91792685061235e-137,45S rDNA
Chr4,3526000,3527000,432,9.61450175690648,2.98673846819392e-257,45S rDNA
Chr4,3527000,3528000,502,12.4259876824361,0,45S rDNA
Chr4,3529000,3530000,4811,82.2871996805156,0,45S rDNA
Chr4,3530000,3531000,2484,46.80046025663,0,45S rDNA
Chr4,3531000,3532000,232,4.75329854977593,2.38632148236632e-78,45S rDNA
Chr4,3532000,3533000,431,8.60332504964123,3.62330188868743e-238,45S rDNA
Chr4,3533000,3534000,601,13.3106237396124,0,45S rDNA
Chr4,3534000,3535000,521,10.4081450665249,0,45S rDNA
Chr4,3537000,3538000,900,19.1917528878975,0,45S rDNA
Chr4,3538000,3539000,181,4.35954720482203,5.31713103084137e-56,45S rDNA
Chr4,3539000,3540000,273,4.26976582969684,3.64580446820955e-82,45S rDNA
Chr4,3540000,3541000,8179,175.616892260125,0,45S rDNA
Chr4,3542000,3543000,218,4.62624859178263,1.18401153315306e-71,45S rDNA
Chr4,3543000,3544000,190,4.17958181368651,4.38122968611693e-56,45S rDNA
Chr4,3544000,3545000,249,5.44514366466635,7.9193684088856e-96,45S rDNA
Chr4,3545000,3546000,275,6.94050317564269,5.5975132617649e-130,45S rDNA
Chr4,3546000,3547000,160,3.98759056642518,6.97105032916918e-45,45S rDNA
Chr4,3547000,3548000,611,11.4949399034893,0,45S rDNA
Chr4,3548000,3549000,462,11.9115659524172,1.1125397547465e-308,45S rDNA
Chr4,3549000,3550000,216,3.73982749088698,7.24053334485113e-56,45S rDNA
Chr4,3550000,3551000,5800,110.319834637631,0,45S rDNA
Chr4,3551000,3552000,1968,36.9361090041389,0,45S rDNA
Chr4,3552000,3553000,170,4.12412416950612,1.6360717418359e-49,45S rDNA
Chr4,3553000,3554000,202,4.07977782727546,5.69107790740705e-58,45S rDNA
Chr4,3555000,3556000,551,13.2561779547494,0,45S rDNA
Chr4,3558000,3559000,954,17.1224777719581,0,45S rDNA
Chr4,3559000,3560000,243,4.41983087460406,4.98118675009383e-76,45S rDNA
Chr4,3560000,3561000,822,17.0782501469209,0,45S rDNA
Chr4,3561000,3562000,6928,125.219991908098,0,45S rDNA
Chr4,3562000,3563000,188,3.61694888992983,9.7184876958562e-47,45S rDNA
Chr4,3563000,3564000,331,7.50771559483581,5.46380461857452e-166,45S rDNA
Chr4,3565000,3566000,232,4.71063456177845,1.24295538035071e-77,45S rDNA
Chr4,3568000,3569000,759,15.2663178154989,0,45S rDNA
Chr4,3569000,3570000,341,7.873240847258,4.28861883200713e-177,45S rDNA
Chr4,3570000,3571000,263,4.14330483272573,1.43835804288203e-76,45S rDNA
Chr4,3571000,3572000,7992,133.362295082614,0,45S rDNA
Chr4,3572000,3573000,773,12.8839963319175,0,45S rDNA
Chr4,3573000,3574000,771,13.5572190947324,0,45S rDNA
Chr4,3575000,3576000,687,15.8747406068244,0,45S rDNA
Chr4,3576000,3577000,573,13.4139064740072,0,45S rDNA
Chr4,3577000,3578000,149,3.33763282377197,1.71160151453852e-33,45S rDNA
Chr4,3578000,3579000,266,6.43549531370457,2.43249143486001e-118,45S rDNA
Chr4,3579000,3580000,712,18.6636729085978,0,45S rDNA
Chr4,3580000,3581000,312,5.20915805930967,5.40634298743098e-115,45S rDNA
Chr4,3581000,3582000,3810,79.66261111394,0,45S rDNA
Chr4,3582000,3583000,4408,84.1187950437112,0,45S rDNA
Chr4,3583000,3584000,251,5.16663522391236,5.96264285716033e-92,45S rDNA
Chr4,3584000,3585000,470,9.58196796044037,3.50147824961762e-279,45S rDNA
Chr4,3585000,3586000,493,11.2773732467622,0,45S rDNA
Chr4,3586000,3587000,1043,28.2615759000114,0,45S rDNA
Chr4,3587000,3588000,269,5.71459355130858,4.36875570840987e-108,45S rDNA
Chr4,3589000,3590000,834,16.1065395304333,0,45S rDNA
Chr4,3590000,3591000,207,4.17339451734601,6.24328860065228e-61,45S rDNA
Chr4,3592000,3593000,4738,94.0515520829425,0,45S rDNA
Chr4,3594000,3595000,353,7.81070899790906,3.14457023630012e-182,45S rDNA
Chr4,3596000,3597000,190,4.58708159015508,5.29780631888874e-62,45S rDNA
Chr4,3597000,3598000,166,3.75202109323702,2.77104208231973e-43,45S rDNA
Chr4,3599000,3600000,479,9.65095789175311,7.58415473881232e-286,45S rDNA
Chr4,3600000,3601000,458,14.0202602056602,0,45S rDNA
Chr4,3601000,3602000,256,4.43872203976525,2.02665317598324e-80,45S rDNA
Chr4,3602000,3603000,5334,102.483426293893,0,45S rDNA
Chr4,3603000,3604000,2206,40.2520546244566,0,45S rDNA
Chr4,3605000,3606000,165,3.24843395264739,1.16715407377607e-35,45S rDNA
Chr4,3608000,3609000,192,4.63285260023046,2.70572619279948e-63,45S rDNA
Chr4,3610000,3611000,1338,21.943086983865,0,45S rDNA
Chr4,3611000,3612000,299,4.59704248310868,2.47340725652761e-97,45S rDNA
Chr4,3612000,3613000,220,3.66655010635825,1.65792330175149e-55,45S rDNA
Chr4,3613000,3614000,5758,115.149629086566,0,45S rDNA
Chr4,3614000,3615000,2593,48.0937284875291,0,45S rDNA
Chr4,3615000,3616000,470,4.36351907677261,3.0031571493387e-144,45S rDNA
Chr4,3616000,3617000,483,5.55238442576481,2.04675591950944e-188,45S rDNA
Chr4,3617000,3618000,253,6.85400515906939,1.79964803687275e-118,45S rDNA
Chr4,3618000,3619000,219,5.45733522327021,1.49916769068613e-84,45S rDNA
Chr4,3621000,3622000,820,17.1112793910756,0,45S rDNA
Chr4,3622000,3623000,340,6.70198094005795,4.25135061554485e-156,45S rDNA
Chr4,3623000,3624000,657,10.5213529217501,0,45S rDNA
Chr4,3624000,3625000,5536,108.770606967489,0,45S rDNA
Chr4,3625000,3626000,166,3.43605529707888,1.04196249547075e-38,45S rDNA
Chr4,3626000,3627000,333,7.10548954282648,4.00749071354379e-160,45S rDNA
Chr4,3627000,3628000,154,3.84020716283738,2.36156679635358e-41,45S rDNA
Chr4,3628000,3629000,304,7.23077088489694,3.07660113343285e-148,45S rDNA
Chr4,3629000,3630000,156,3.43052582871168,2.41465366465222e-36,45S rDNA
Chr4,3631000,3632000,788,15.33428766271,0,45S rDNA
Chr4,3632000,3633000,226,3.89528173267461,2.30195288556633e-61,45S rDNA
Chr4,3633000,3634000,221,3.58720894450333,3.09834632766805e-54,45S rDNA
Chr4,3634000,3635000,8069,150.573676362687,0,45S rDNA
Chr4,3635000,3636000,1556,26.2770361510256,0,45S rDNA
Chr4,3637000,3638000,231,4.36556896306791,2.33483535101414e-71,45S rDNA
Chr4,3638000,3639000,402,10.6795636263249,5.85661643623821e-256,45S rDNA
Chr4,3639000,3640000,548,13.6134357791066,0,45S rDNA
Chr4,3640000,3641000,497,11.4060157655947,0,45S rDNA
Chr4,3642000,3643000,792,15.8853838951523,0,45S rDNA
Chr4,3643000,3644000,239,4.91558152468303,1.88812465133742e-83,45S rDNA
Chr4,3644000,3645000,300,4.12461564142947,8.81658366461048e-87,45S rDNA
Chr4,3645000,3646000,3786,55.7429420233838,0,45S rDNA
Chr4,3646000,3647000,383,8.26620893481551,6.9217889600279e-206,45S rDNA
Chr4,3647000,3648000,851,16.2894995231974,0,45S rDNA
Chr4,3648000,3649000,219,4.53498460733894,1.6907987677807e-70,45S rDNA
Chr4,3649000,3650000,269,6.70205085278229,1.11307647061455e-123,45S rDNA
Chr4,3650000,3651000,139,3.52678203836337,1.1857654420952e-33,45S rDNA
Chr4,3652000,3653000,850,17.1466243684061,0,45S rDNA
Chr4,3653000,3654000,204,4.92507707574545,1.75334537503474e-71,45S rDNA
Chr4,3655000,3656000,7933,147.863534036869,0,45S rDNA
Chr4,3656000,3657000,409,6.76296553955101,5.83056924095584e-189,45S rDNA
Chr4,3657000,3658000,349,7.59503094054881,1.73981442384454e-176,45S rDNA
Chr4,3658000,3659000,186,3.69493611935489,1.68002205629432e-47,45S rDNA
Chr4,3659000,3660000,257,5.94098562450495,6.86929675335861e-107,45S rDNA
Chr4,3660000,3661000,261,6.57597707985495,3.35180839480719e-118,45S rDNA
Chr4,3662000,3663000,519,11.2457191240249,0,45S rDNA
Chr4,3663000,3664000,2465,57.9392842123058,0,45S rDNA
Chr4,3665000,3666000,3375,61.5066810755174,0,45S rDNA
Chr4,3666000,3667000,871,12.8283612808529,0,45S rDNA
Chr4,3668000,3669000,187,3.6483718929722,5.28915078367562e-47,45S rDNA
Chr4,3669000,3670000,371,8.08654659257939,2.3399715704245e-196,45S rDNA
Chr4,3670000,3671000,432,11.0273174237221,1.90825147220785e-280,45S rDNA
Chr4,3671000,3672000,362,7.69067891260799,9.8515433958383e-185,45S rDNA
Chr4,3672000,3673000,253,5.58046583215146,1.46973606725413e-99,45S rDNA
Chr4,3673000,3674000,701,6.1213696020668,1.27212137665744e-297,45S rDNA
Chr4,3674000,3675000,2236,42.3351241163047,0,45S rDNA
Chr4,3675000,3676000,820,14.0914690539038,0,45S rDNA
Chr4,3676000,3677000,557,12.9469983355045,0,45S rDNA
Chr4,3677000,3678000,512,11.5056019827477,0,45S rDNA
Chr4,3678000,3679000,418,12.0244878209633,1.01533832275641e-285,45S rDNA
Chr4,3679000,3680000,489,11.4783401078861,0,45S rDNA
Chr4,3680000,3681000,443,10.3554757676319,1.29063318082691e-276,45S rDNA
Chr4,3682000,3683000,905,8.73970294884007,0,45S rDNA
Chr4,3684000,3685000,233,3.64145657673779,3.10025052676638e-58,45S rDNA
Chr4,3685000,3686000,2712,49.323014134319,0,45S rDNA
Chr4,3686000,3687000,333,6.55786500448254,3.08664173899241e-150,45S rDNA
Chr4,3687000,3688000,685,13.8439681687639,0,45S rDNA
Chr4,3688000,3689000,240,5.92021593520702,1.43797107735677e-99,45S rDNA
Chr4,3689000,3690000,185,4.12282119908533,8.53528163623638e-54,45S rDNA
Chr4,3692000,3693000,896,12.6355766641442,0,45S rDNA
Chr4,3695000,3696000,2600,52.0994013688838,0,45S rDNA
Chr4,3696000,3697000,212,4.14298573884756,7.15262686147191e-62,45S rDNA
Chr4,3697000,3698000,183,4.75712008105329,5.10449034310356e-62,45S rDNA
Chr4,3698000,3699000,341,6.62901115566094,3.53183575659599e-155,45S rDNA
Chr4,3699000,3700000,150,3.40132464960217,1.40159692900693e-34,45S rDNA
Chr4,3700000,3701000,488,12.7410747015239,0,45S rDNA
Chr4,3701000,3702000,593,13.7168997739135,0,45S rDNA
Chr4,3702000,3703000,632,11.4339096628745,0,45S rDNA
Chr4,3703000,3704000,483,4.30446041384883,5.12587240452812e-146,45S rDNA
Chr4,3705000,3706000,2188,40.915552764784,0,45S rDNA
Chr4,3706000,3707000,633,10.736008666405,0,45S rDNA
Chr4,3707000,3708000,165,3.88170679958535,7.97725856707481e-45,45S rDNA
Chr4,3708000,3709000,253,5.6179123919169,3.66582523607208e-100,45S rDNA
Chr4,3710000,3711000,454,11.0078350332464,2.28212749698147e-294,45S rDNA
Chr4,3711000,3712000,500,10.7433307687461,1.11253692926641e-308,45S rDNA
Chr4,3712000,3713000,371,8.82806566266615,8.30506337601293e-209,45S rDNA
Chr4,3713000,3714000,853,8.77149722383652,0,45S rDNA
Chr4,3715000,3716000,276,3.98426242273218,8.87582980409578e-77,45S rDNA
Chr4,3716000,3717000,2615,50.7983843013441,0,45S rDNA
Chr4,3717000,3718000,345,6.69052930324759,3.65879771468659e-158,45S rDNA
Chr4,3718000,3719000,646,14.1182765016786,0,45S rDNA
Chr4,3719000,3720000,219,4.74890129258087,6.2016960202862e-74,45S rDNA
Chr4,3720000,3721000,375,9.2406595271517,1.17307419249882e-217,45S rDNA
Chr4,3721000,3722000,400,9.63609741293949,1.30722784592461e-238,45S rDNA
Chr4,3722000,3723000,542,11.0876684341252,0,45S rDNA
Chr4,3723000,3724000,846,13.3948250756253,0,45S rDNA
Chr4,3724000,3725000,223,4.3227187315313,3.51577565842048e-68,45S rDNA
Chr4,3726000,3727000,2210,47.64660254308,0,45S rDNA
Chr4,3727000,3728000,728,13.8207797962567,0,45S rDNA
Chr4,3728000,3729000,359,7.86351278187469,3.17247791806407e-186,45S rDNA
Chr4,3729000,3730000,372,7.10945849092809,7.54242996727029e-179,45S rDNA
Chr4,3730000,3731000,194,4.65585974129265,2.84284019989198e-64,45S rDNA
Chr4,3731000,3732000,159,3.36118610962651,4.93487240618876e-36,45S rDNA
Chr4,3734000,3735000,719,6.55667375519472,0,45S rDNA
Chr4,3735000,3736000,3747,71.3415860558072,0,45S rDNA
Chr4,3736000,3737000,955,16.6074163106348,0,45S rDNA
Chr4,3737000,3738000,476,11.2756477766998,1.11255756790699e-308,45S rDNA
Chr4,3738000,3739000,486,8.10547791348999,2.20346790855376e-257,45S rDNA
Chr4,3739000,3740000,458,10.1587083697117,1.63978544333904e-282,45S rDNA
Chr4,3740000,3741000,490,11.5908270513424,0,45S rDNA
Chr4,3741000,3742000,605,13.7913112632768,0,45S rDNA
Chr4,3742000,3743000,316,7.0148940693779,1.74637498601685e-150,45S rDNA
Chr4,3743000,3744000,843,13.8654501940616,0,45S rDNA
Chr4,3746000,3747000,2677,49.8178723442962,0,45S rDNA
Chr4,3747000,3748000,435,8.17918351358338,5.74643755645333e-232,45S rDNA
Chr4,3748000,3749000,692,16.7318553697952,0,45S rDNA
Chr4,3749000,3750000,294,5.67729721238695,2.28808276699618e-117,45S rDNA
Chr4,3751000,3752000,238,5.17126856874202,2.64236984886968e-87,45S rDNA
Chr4,3752000,3753000,410,9.4603592737843,1.26921152069243e-241,45S rDNA
Chr4,3753000,3754000,699,13.2658238926944,0,45S rDNA
Chr4,3755000,3756000,1519,29.2312001462981,0,45S rDNA
Chr4,3756000,3757000,289,5.16754066047817,9.14826894918828e-106,45S rDNA
Chr4,3757000,3758000,256,6.09885214876534,6.62076299340758e-109,45S rDNA
Chr4,3758000,3759000,268,5.78044900438015,8.68768083153289e-109,45S rDNA
Chr4,3761000,3762000,374,8.35244981420809,1.50296825261604e-202,45S rDNA
Chr4,3762000,3763000,651,10.9924076867545,0,45S rDNA
Chr4,3764000,3765000,2458,49.2268733552929,0,45S rDNA
Chr4,3765000,3766000,294,5.47605515647967,1.37477893844578e-113,45S rDNA
Chr4,3766000,3767000,178,3.91948421247844,7.48966127681177e-49,45S rDNA
Chr4,3767000,3768000,308,5.58433312929541,4.2196698892778e-121,45S rDNA
Chr4,3768000,3769000,470,9.88911459501045,5.91427589493551e-285,45S rDNA
Chr4,3769000,3770000,457,10.2800336827126,5.08483003387745e-284,45S rDNA
Chr4,3770000,3771000,391,9.41248960865188,1.06958046462831e-229,45S rDNA
Chr4,3771000,3772000,686,11.8074668485278,0,45S rDNA
Chr4,3772000,3773000,602,10.1270132983028,0,45S rDNA
Chr4,3774000,3775000,1976,32.8912151734071,0,45S rDNA
Chr4,3775000,3776000,848,15.2878225669964,0,45S rDNA
Chr4,3776000,3777000,385,8.19278890487881,1.19845963519301e-205,45S rDNA
Chr4,3777000,3778000,577,11.0701040767812,0,45S rDNA
Chr4,3778000,3779000,404,8.93077849342858,4.20475332070011e-229,45S rDNA
Chr4,3779000,3780000,518,10.7733866484056,0,45S rDNA
Chr4,3780000,3781000,511,11.7374031775383,0,45S rDNA
Chr4,3781000,3782000,320,7.21936331307042,8.34702028924698e-156,45S rDNA
Chr4,3782000,3783000,986,14.2784189013617,0,45S rDNA
Chr4,3784000,3785000,203,3.10189281649699,6.53081735765565e-41,45S rDNA
Chr4,3785000,3786000,4567,86.0457737488041,0,45S rDNA
Chr4,3787000,3788000,463,10.2401139625934,4.9371496050973e-287,45S rDNA
Chr4,3788000,3789000,364,7.59336424619283,5.30980996398796e-184,45S rDNA
Chr4,3789000,3790000,772,18.4566419837534,0,45S rDNA
Chr4,3790000,3791000,452,10.651046366733,3.27895713924576e-287,45S rDNA
Chr4,3791000,3792000,392,9.10431227369245,3.11810479569463e-225,45S rDNA
Chr4,3792000,3793000,715,11.2446510405375,0,45S rDNA
Chr4,3794000,3795000,2777,51.9443957364755,0,45S rDNA
Chr4,3795000,3796000,362,6.85389755371301,3.86838122802547e-169,45S rDNA
Chr4,3796000,3797000,668,14.6470527582159,0,45S rDNA
Chr4,3797000,3798000,326,6.83555109483037,4.37081923706244e-152,45S rDNA
Chr4,3798000,3799000,509,12.4919156797637,0,45S rDNA
Chr4,3799000,3800000,380,9.24945266537653,1.09549574547045e-220,45S rDNA
Chr4,3800000,3801000,406,8.95077627612456,1.39487950926942e-230,45S rDNA
Chr4,3801000,3802000,718,13.0600112345132,0,45S rDNA
Chr4,3802000,3803000,270,5.2790206158902,6.90125150460127e-101,45S rDNA
Chr4,3804000,3805000,1572,25.9090717932344,0,45S rDNA
Chr4,3805000,3806000,905,15.8445808336164,0,45S rDNA
Chr4,3806000,3807000,351,8.52750331597961,6.27402209014082e-193,45S rDNA
Chr4,3807000,3808000,733,14.6535566614212,0,45S rDNA
Chr4,3808000,3809000,745,18.8238110446533,0,45S rDNA
Chr4,3809000,3810000,417,9.79172191193039,2.60340622921092e-251,45S rDNA
Chr4,3810000,3811000,366,8.68328738620178,1.11614154997931e-203,45S rDNA
Chr4,3811000,3812000,317,7.70802503595799,3.76405400366449e-162,45S rDNA
Chr4,3812000,3813000,1030,14.5119833873009,0,45S rDNA
Chr4,3815000,3816000,2818,50.1394550561141,0,45S rDNA
Chr4,3816000,3817000,418,8.9320549674452,4.91475567690981e-237,45S rDNA
Chr4,3817000,3818000,889,18.9956294711985,0,45S rDNA
Chr4,3818000,3819000,348,7.00485473242542,1.90195570651389e-165,45S rDNA
Chr4,3819000,3820000,920,22.907258424916,0,45S rDNA
Chr4,3820000,3821000,744,20.9922154666246,0,45S rDNA
Chr4,3821000,3822000,189,4.08090726029825,2.62283637955357e-54,45S rDNA
Chr4,3822000,3823000,506,7.80989871644788,8.3011134915133e-261,45S rDNA
Chr4,3823000,3824000,1541,17.9800818275068,0,45S rDNA
Chr4,3824000,3825000,510,4.87737671379325,9.79355127288576e-176,45S rDNA
Chr4,3825000,3826000,4481,84.8125759897416,0,45S rDNA
Chr4,3826000,3827000,230,4.31146562185246,4.27770708413527e-70,45S rDNA
Chr4,3827000,3828000,297,6.76642785275089,1.62913254865928e-137,45S rDNA
Chr4,3829000,3830000,376,7.78246991958848,1.57970999571858e-193,45S rDNA
Chr4,3830000,3831000,874,15.7232799386495,0,45S rDNA
Chr4,3831000,3832000,538,11.780450536483,0,45S rDNA
Chr4,3832000,3833000,432,8.18233212433797,1.94966482467806e-230,45S rDNA
Chr4,3834000,3835000,1878,4.42760928375174,0,45S rDNA
Chr4,3835000,3836000,3865,27.0099347146095,0,45S rDNA
Chr4,3836000,3837000,3538,63.7346079886459,0,45S rDNA
Chr4,3837000,3838000,345,7.55809807540367,7.70616245352746e-174,45S rDNA
Chr4,3838000,3839000,713,13.9534705579953,0,45S rDNA
Chr4,3839000,3840000,223,5.21859018810698,1.4588803997301e-82,45S rDNA
Chr4,3840000,3841000,155,3.72927594949111,3.6393417678237e-40,45S rDNA
Chr4,3844000,3845000,329,5.63442666895356,2.40091183322545e-130,45S rDNA
Chr4,3845000,3846000,601,5.14336817039887,5.22537147757868e-218,45S rDNA
Chr4,5467000,5468000,440,5.889080512452,5.37556564853913e-181,Arm
Chr4,6218000,6219000,280,5.61801476099053,9.10886336302478e-111,Arm
Chr4,6729000,6730000,297,5.22771098611293,7.10489328180864e-110,Arm
Chr4,7040000,7041000,444,8.58132685048601,6.89128957985138e-245,Pericentromere
Chr4,7207000,7208000,273,7.04182664472517,1.64408058636528e-130,Pericentromere
Chr4,7214000,7215000,312,7.55159454623493,3.38805324593723e-157,Pericentromere
Chr4,7236000,7237000,143,3.94962841266586,9.50295284310451e-40,Pericentromere
Chr4,7239000,7240000,296,7.90393901796237,2.82061084255629e-154,Pericentromere
Chr4,7255000,7256000,215,4.93504050771045,1.91691326148121e-75,Pericentromere
Chr4,7261000,7262000,240,5.31098403118605,2.80647898741152e-90,Pericentromere
Chr4,7321000,7322000,305,6.85084713419198,1.34748739554522e-142,Pericentromere
Chr4,7343000,7344000,364,6.98624452791799,1.18500028749215e-172,Pericentromere
Chr4,7347000,7348000,214,3.73491599157658,2.88087350804015e-55,Pericentromere
Chr4,7412000,7413000,367,7.48056633856031,1.91273628036585e-183,Pericentromere
Chr4,7416000,7417000,200,4.21899728940697,1.29094140008533e-59,Pericentromere
Chr4,7478000,7479000,160,3.04070577816635,1.8139942038414e-31,Pericentromere
Chr4,8713000,8714000,339,6.09286896928117,7.9981093755007e-144,Centromere
Chr4,8716000,8717000,270,5.53355495689284,2.19933063570147e-105,Centromere
Chr4,10216000,10217000,473,6.65651140715248,1.27440225609071e-215,Centromere
Chr4,10217000,10218000,422,5.60525665055541,3.67922548547089e-166,Centromere
Chr4,12237000,12238000,240,5.5183728643781,1.56908468016375e-93,Pericentromere
Chr4,13706000,13707000,439,5.13308400516186,3.46697386571836e-159,Arm
Chr5,9194000,9195000,430,7.42159977727498,1.65693355501815e-213,Pericentromere
Chr5,9907000,9908000,348,7.4180456951345,6.75126057722506e-173,Pericentromere
Chr5,10255000,10256000,417,5.6526657878745,1.86599131281908e-165,Pericentromere
Chr5,10258000,10259000,459,5.92512113701032,8.85134231058005e-190,Pericentromere
Chr5,10261000,10262000,453,6.46434241424424,1.16127362239812e-201,Pericentromere
Chr5,10264000,10265000,424,6.40380482088549,2.39635940023546e-187,Pericentromere
Chr5,10269000,10270000,393,6.50108438488779,6.88500058933045e-176,Pericentromere
Chr5,10780000,10781000,430,9.00442933073596,3.76785196343073e-245,Pericentromere
Chr5,11153000,11154000,346,5.17209596288748,1.44873040579658e-126,Pericentromere
Chr5,11329000,11330000,303,4.47700627840894,6.51479044650641e-96,Pericentromere
Chr5,11346000,11347000,352,4.03996291135412,2.75535948653235e-99,Pericentromere
Chr5,11662000,11663000,442,5.91545358934475,1.58818796704557e-182,Pericentromere
Chr5,12053000,12054000,460,6.45541186616912,1.56770758757149e-204,Pericentromere
Chr5,12414000,12415000,423,5.70887372484644,2.56126096464733e-169,Centromere
Chr5,12441000,12442000,555,6.39899174878767,8.42559733010619e-245,Centromere
Chr5,12504000,12505000,395,4.62969250663636,2.92117097047483e-129,Centromere
Chr5,12505000,12506000,344,4.316076664256,1.48187448413893e-104,Centromere
Chr5,12597000,12598000,368,4.53506045035332,6.56733744638044e-118,Centromere
Chr5,12598000,12599000,317,4.6750662345164,5.85434939995786e-105,Centromere
Chr5,12690000,12691000,510,7.1817545281387,8.63978418636314e-247,Centromere
Chr5,12700000,12701000,533,6.80164766616861,4.1912352408518e-247,Centromere
Chr5,12916000,12917000,367,4.62159533132088,6.07560168315974e-120,Centromere
Chr5,13082000,13083000,557,6.509777972195,3.48826242383077e-249,Centromere
Chr5,13166000,13167000,597,6.9434208858584,3.13912320393428e-281,Centromere
Chr5,13261000,13262000,421,5.43336205618829,4.10777865211198e-161,Centromere
Chr5,13269000,13270000,505,6.29095851422873,1.09725643793224e-219,Centromere
Chr5,13946000,13947000,497,6.29410624228518,2.60531016465441e-216,Centromere
Chr5,14339000,14340000,577,7.49231651583941,3.03428568171492e-288,Centromere
Chr5,14461000,14462000,478,6.58772182717992,4.61870587933297e-216,Centromere
Chr5,14489000,14490000,358,4.99267213663467,1.60756565107823e-126,Centromere
Chr5,14490000,14491000,335,3.97779778614636,7.6870459684248e-93,Centromere
Chr5,14738000,14739000,410,5.70356163283809,5.23560252506679e-164,Centromere
Chr5,14887000,14888000,326,4.24603746362894,2.35645792637127e-97,Centromere
Chr5,14888000,14889000,294,4.08447859889814,4.0651055396464e-84,Centromere
Chr5,14914000,14915000,489,6.90936288941778,1.25326829802358e-229,Centromere
Chr5,14915000,14916000,357,4.87066259292514,4.08759898262947e-123,Centromere
Chr5,14916000,14917000,432,5.54725486205197,1.78164887724655e-168,Centromere
Chr5,14923000,14924000,275,3.88261928355329,3.33200533479663e-74,Centromere
Chr5,14924000,14925000,525,6.71969016140917,4.66600854949289e-241,Centromere
Chr5,15050000,15051000,337,3.90361116157444,2.46216218588573e-91,Centromere
Chr5,15051000,15052000,448,5.0813258204216,7.57832464683231e-161,Centromere
Chr5,15300000,15301000,240,5.33812604489947,1.03976381866167e-90,Pericentromere
Chr5,16220000,16221000,309,7.52035112844097,3.27648326213901e-155,Pericentromere
Chr5,16415000,16416000,285,4.27413469639623,7.72663490534763e-86,Pericentromere
Chr5,18591000,18592000,441,9.73955524259598,8.27522086341348e-265,Pericentromere
